/*--------------------------------*- C++ -*----------------------------------*\
| =========                 |                                                 |
| \\      /  F ield         | OpenFOAM: The Open Source CFD Toolbox           |
|  \\    /   O peration     | Version:  2606                                  |
|   \\  /    A nd           | Website:  www.openfoam.com                      |
|    \\/     M anipulation  |                                                 |
\*---------------------------------------------------------------------------*/
FoamFile
{
    version     2.0;
    format      ascii;
    arch        "LSB;label=32;scalar=64";
    class       surfaceScalarField;
    location    "0";
    object      phi;
}
// * * * * * * * * * * * * * * * * * * * * * * * * * * * * * * * * * * * * * //

dimensions      [0 3 -1 0 0 0 0];

oriented        oriented;

internalField   nonuniform List<scalar> 
17780
(
0.00143261
0.00106739
0.000898203
0.000534411
0.00060391
0.000294293
0.000447281
0.000156629
0.000357392
8.98886e-05
0.000302183
5.52096e-05
0.000266393
3.57897e-05
0.000242226
2.41673e-05
0.000225521
1.67043e-05
0.000213807
1.17147e-05
0.000205543
8.26393e-06
0.000199706
5.83641e-06
0.000195597
4.10906e-06
0.000192722
2.87527e-06
0.000190728
1.99402e-06
0.000189361
1.36717e-06
0.000188436
9.24463e-07
0.000187821
6.15108e-07
0.000187419
4.02015e-07
0.000187161
2.58046e-07
0.000186998
1.63336e-07
0.000186894
1.03389e-07
0.000186827
6.7665e-08
0.000186778
4.85402e-08
0.000186738
4.05158e-08
0.000186698
3.96242e-08
0.000186655
4.29739e-08
0.000186607
4.83995e-08
0.000186553
5.41867e-08
0.000186494
5.88505e-08
0.000186433
6.09453e-08
0.000186374
5.88901e-08
0.000186323
5.07902e-08
0.000186289
3.4233e-08
0.000186283
6.03163e-09
0.000186321
-3.81313e-08
0.000186425
-1.04213e-07
0.000186626
-2.00636e-07
0.000186965
-3.39537e-07
0.000187505
-5.39202e-07
0.000188332
-8.27777e-07
0.000189585
-1.25289e-06
0.000191482
-1.89634e-06
0.000194408
-2.92665e-06
0.000199094
-4.68554e-06
0.000207166
-8.07254e-06
0.00022244
-1.52742e-05
0.000255999
-3.35588e-05
0.000339158
-8.31585e-05
-0.000277142
0.0006163
0.00230836
0.00125903
0.00184141
0.00100136
0.00144447
0.000691228
0.00116837
0.000432734
0.000979365
0.000278893
0.000850228
0.000184346
0.000760489
0.000125528
0.000697307
8.735e-05
0.00065234
6.16706e-05
0.000620146
4.39087e-05
0.000597043
3.13669e-05
0.000580481
2.23989e-05
0.00056865
1.59393e-05
0.00056025
1.12754e-05
0.000554333
7.9114e-06
0.000550205
5.49525e-06
0.000547358
3.77184e-06
0.000545418
2.55445e-06
0.000544115
1.70549e-06
0.000543249
1.12337e-06
0.00054268
7.33091e-07
0.000542304
4.79445e-07
0.000542049
3.21933e-07
0.000541867
2.30962e-07
0.000541722
1.84951e-07
0.000541594
1.68119e-07
0.000541468
1.68782e-07
0.000541339
1.78028e-07
0.000541204
1.88665e-07
0.000541069
1.94351e-07
0.000540941
1.88843e-07
0.000540834
1.65292e-07
0.00054077
1.15496e-07
0.000540775
2.90466e-08
0.000540889
-1.07775e-07
0.000541164
-3.13529e-07
0.000541674
-6.13857e-07
0.000542518
-1.04501e-06
0.000543838
-1.65944e-06
0.000545834
-2.5357e-06
0.000548802
-3.79533e-06
0.000553186
-5.63722e-06
0.000559691
-8.40087e-06
0.000569482
-1.27183e-05
0.000584615
-1.98183e-05
0.000608913
-3.23705e-05
0.000649951
-5.63124e-05
0.000722867
-0.000106475
0.000858628
-0.000218919
-0.000492388
0.00107387
0.0025782
0.00118083
0.00232635
0.00125321
0.00200139
0.00101618
0.00171647
0.000717656
0.00149316
0.000502209
0.0013266
0.000350899
0.00120401
0.00024812
0.00111427
0.000177095
0.0010486
0.000127332
0.00100062
9.18962e-05
0.000965614
6.63698e-05
0.000940173
4.78397e-05
0.000921776
3.43369e-05
0.000908559
2.44925e-05
0.000899138
1.73319e-05
0.000892485
1.21483e-05
0.000887835
8.42236e-06
0.00088462
5.76952e-06
0.000882421
3.90357e-06
0.000880933
2.61138e-06
0.000879932
1.73445e-06
0.000879256
1.15523e-06
0.000878791
7.86897e-07
0.000878457
5.655e-07
0.000878198
4.44026e-07
0.000877978
3.8776e-07
0.000877776
3.70715e-07
0.000877581
3.72806e-07
0.000877392
3.77597e-07
0.000877216
3.70418e-07
0.000877069
3.36712e-07
0.000876973
2.60452e-07
0.000876966
1.22474e-07
0.000877097
-1.01484e-07
0.000877432
-4.433e-07
0.000878065
-9.45966e-07
0.00087912
-1.66871e-06
0.00088077
-2.69493e-06
0.000883255
-4.1448e-06
0.000886916
-6.19664e-06
0.000892244
-9.12366e-06
0.000899969
-1.3362e-05
0.000911206
-1.96377e-05
0.000927712
-2.92244e-05
0.000952358
-4.44644e-05
0.000989869
-6.98815e-05
0.00104816
-0.0001146
0.00113876
-0.000197081
0.00127562
-0.000355776
-0.000653503
0.00143673
0.00265191
0.00102892
0.00255936
0.00134577
0.00234621
0.00122933
0.00210944
0.000954424
0.00189772
0.000713936
0.00172522
0.00052339
0.00159044
0.000382904
0.0014875
0.000280039
0.00140983
0.000204997
0.00135175
0.000149983
0.0013086
0.000109514
0.00127678
7.96674e-05
0.00125346
5.76505e-05
0.00123652
4.1438e-05
0.0012243
2.95449e-05
0.00121558
2.087e-05
0.00120941
1.45901e-05
0.0012051
1.00872e-05
0.0012021
6.8965e-06
0.00120005
4.66883e-06
0.00119864
3.14234e-06
0.00119767
2.12149e-06
0.001197
1.46083e-06
0.00119651
1.05251e-06
0.00119614
8.16613e-07
0.00119583
6.93643e-07
0.00119556
6.38607e-07
0.00119532
6.16337e-07
0.0011951
5.977e-07
0.00119491
5.56407e-07
0.00119478
4.66177e-07
0.00119475
2.97996e-07
0.00119485
1.71975e-08
0.00119517
-4.19976e-07
0.0011958
-1.07079e-06
0.00119686
-2.01211e-06
0.00119855
-3.3493e-06
0.00120108
-5.22966e-06
0.0012048
-7.86374e-06
0.00121016
-1.156e-05
0.00121782
-1.67835e-05
0.00122872
-2.42578e-05
0.00124423
-3.51494e-05
0.00126641
-5.14018e-05
0.00129833
-7.63849e-05
0.00134446
-0.000116018
0.001411
-0.000181139
0.00150408
-0.00029016
0.0016245
-0.000476196
-0.000771787
0.00174279
0.00265454
0.000874382
0.00266149
0.00133881
0.00255007
0.00134075
0.00238088
0.00112361
0.00220593
0.000888888
0.00204945
0.00067987
0.00191918
0.00051317
0.00181505
0.00038417
0.00173381
0.00028623
0.00167149
0.000212303
0.00162428
0.000156732
0.00158887
0.000115068
0.00156259
8.3938e-05
0.00154325
6.07765e-05
0.00152916
4.36385e-05
0.00151898
3.10433e-05
0.00151171
2.18626e-05
0.00150656
1.52361e-05
0.00150295
1.05093e-05
0.00150043
7.18546e-06
0.00149868
4.889e-06
0.00149747
3.33745e-06
0.00149661
2.3192e-06
0.00149599
1.67629e-06
0.00149551
1.29083e-06
0.00149513
1.07433e-06
0.00149481
9.5924e-07
0.00149453
8.92213e-07
0.0014943
8.28528e-07
0.00149413
7.27416e-07
0.00149405
5.47827e-07
0.0014941
2.44316e-07
0.00149436
-2.37361e-07
0.0014949
-9.65439e-07
0.00149586
-2.02879e-06
0.0014974
-3.54601e-06
0.00149973
-5.67847e-06
0.00150315
-8.64982e-06
0.00150806
-1.27761e-05
0.00151501
-1.85134e-05
0.00152476
-2.65357e-05
0.00153837
-3.78637e-05
0.00155731
-5.4086e-05
0.00158363
-7.77235e-05
0.00162014
-0.000112896
0.00167038
-0.000166256
0.00173814
-0.000248897
0.00182491
-0.00037693
0.00192426
-0.000575553
-0.000857166
0.00200964
0.00263563
0.000738752
0.00269816
0.00127628
0.00266487
0.00137405
0.00256277
0.00122571
0.00243481
0.00101685
0.00230729
0.00080739
0.00219339
0.000627071
0.00209768
0.000479889
0.00202021
0.000363697
0.00195909
0.000273421
0.00191176
0.000204062
0.00187565
0.000151184
0.00184843
0.000111153
0.00182815
8.10533e-05
0.00181321
5.85862e-05
0.0018023
4.195e-05
0.00179442
2.97422e-05
0.00178878
2.08754e-05
0.00178478
1.45114e-05
0.00178196
1.00073e-05
0.00177997
6.87295e-06
0.00177857
4.73681e-06
0.00177757
3.31859e-06
0.00177684
2.40765e-06
0.00177629
1.84566e-06
0.00177585
1.51285e-06
0.00177549
1.31699e-06
0.0017752
1.18441e-06
0.00177497
1.05271e-06
0.00177484
8.64408e-07
0.00177482
5.61205e-07
0.00177499
7.84008e-08
0.00177541
-6.61153e-07
0.0017762
-1.75414e-06
0.0017775
-3.32578e-06
0.0017795
-5.54199e-06
0.00178244
-8.62664e-06
0.00178668
-1.28867e-05
0.00179265
-1.87501e-05
0.00180097
-2.6824e-05
0.00181242
-3.79863e-05
0.00182808
-5.35285e-05
0.00184939
-7.53901e-05
0.00187817
-0.000106506
0.00191667
-0.000151401
0.00196725
-0.000216831
0.00203144
-0.000313093
0.00210759
-0.000453072
0.0021863
-0.000654265
-0.000917291
0.00224642
0.00261329
0.000625466
0.00270372
0.00118585
0.00272551
0.00135226
0.00268147
0.00126974
0.00260145
0.00109687
0.0025088
0.000900045
0.00241853
0.000717342
0.00233808
0.000560334
0.00227017
0.000431606
0.00221487
0.000328722
0.00217098
0.000247952
0.00213683
0.000185339
0.00211067
0.00013731
0.00209091
0.000100813
0.00207616
7.33314e-05
0.00206528
5.28307e-05
0.00205734
3.76884e-05
0.00205159
2.66242e-05
0.00204746
1.86372e-05
0.00204452
1.29513e-05
0.00204242
8.96926e-06
0.00204092
6.23486e-06
0.00203984
4.40156e-06
0.00203904
3.20713e-06
0.00203843
2.45309e-06
0.00203796
1.98814e-06
0.00203758
1.69466e-06
0.00203729
1.47776e-06
0.00203708
1.25613e-06
0.00203699
9.54113e-07
0.00203706
4.94445e-07
0.00203735
-2.08878e-07
0.00203795
-1.25828e-06
0.00203897
-2.78158e-06
0.00204059
-4.94331e-06
0.00204301
-7.95979e-06
0.0020465
-1.212e-05
0.00205143
-1.78154e-05
0.00205826
-2.5584e-05
0.00206761
-3.61748e-05
0.00208027
-5.0646e-05
0.00209726
-7.05093e-05
0.00211982
-9.7953e-05
0.00214945
-0.000136139
0.00218772
-0.000189673
0.00223583
-0.000264938
0.00229357
-0.000370837
0.00235747
-0.000516965
0.00241766
-0.000714459
-0.000957778
0.00245815
0.00259343
0.000532037
0.00269572
0.00108355
0.0027543
0.00129368
0.00275692
0.00126712
0.00272085
0.00113293
0.00266414
0.000956763
0.00260102
0.000780458
0.00254014
0.000621215
0.00248593
0.00048582
0.00244003
0.000374614
0.00240252
0.000285461
0.00237265
0.000215209
0.00234935
0.000160618
0.00233146
0.000118699
0.00231793
8.68623e-05
0.00230782
6.29399e-05
0.00230035
4.51585e-05
0.00229488
3.20917e-05
0.00229091
2.26083e-05
0.00228804
1.58209e-05
0.00228597
1.10404e-05
0.00228447
7.73607e-06
0.00228337
5.50191e-06
0.00228255
4.02867e-06
0.00228192
3.0806e-06
0.00228143
2.47655e-06
0.00228105
2.07443e-06
0.00228077
1.75839e-06
0.0022806
1.42798e-06
0.00228057
9.8876e-07
0.00228072
3.43602e-07
0.00228112
-6.1593e-07
0.00228188
-2.01882e-06
0.00228313
-4.02531e-06
0.00228502
-6.84034e-06
0.0022878
-1.0731e-05
0.00229173
-1.60503e-05
0.00229718
-2.32704e-05
0.00230463
-3.30299e-05
0.00231465
-4.62006e-05
0.00232799
-6.39851e-05
0.00234553
-8.80509e-05
0.00236831
-0.000120725
0.00239739
-0.000165221
0.00243368
-0.000225967
0.00247741
-0.000308669
0.00252719
-0.000420614
0.0025787
-0.000568479
0.00262285
-0.000758608
-0.000982708
0.00264778
0.00257745
0.000454586
0.00268288
0.000978122
0.002765
0.00121156
0.00280347
0.00122866
0.00280528
0.00113112
0.00278262
0.000979426
0.00274745
0.000815629
0.00270826
0.000660399
0.00267033
0.000523756
0.00263637
0.000408568
0.00260749
0.000314345
0.00258378
0.000238919
0.00256483
0.000179568
0.00255
0.00013353
0.00253859
9.82725e-05
0.00252993
7.15937e-05
0.00252345
5.16433e-05
0.00251864
3.69036e-05
0.00251509
2.61526e-05
0.00251249
1.84206e-05
0.00251059
1.29471e-05
0.00250918
9.14184e-06
0.00250813
6.55021e-06
0.00250734
4.8234e-06
0.00250673
3.69366e-06
0.00250625
2.95357e-06
0.00250588
2.4389e-06
0.00250563
2.01424e-06
0.00250549
1.56079e-06
0.00250552
9.65635e-07
0.00250575
1.11733e-07
0.00250627
-1.13196e-06
0.00250717
-2.92112e-06
0.00250859
-5.44834e-06
0.00251071
-8.95812e-06
0.00251374
-1.37663e-05
0.00251798
-2.02855e-05
0.00252377
-2.90605e-05
0.00253156
-4.08154e-05
0.00254187
-5.65195e-05
0.00255537
-7.74774e-05
0.00257276
-0.000105445
0.00259482
-0.000142785
0.00262222
-0.000192619
0.00265526
-0.000259014
0.00269345
-0.000346857
0.00273467
-0.000461832
0.00277443
-0.000608242
0.00280485
-0.000789026
-0.000995069
0.00281721
0.00256515
0.000389431
0.00266931
0.000873965
0.00276592
0.00111495
0.0028311
0.00116348
0.00286428
0.00109793
0.00287224
0.000971473
0.00286397
0.000823899
0.00284695
0.000677412
0.00282655
0.000544164
0.00280607
0.000429047
0.00278733
0.000333076
0.00277116
0.000255093
0.00275774
0.000192993
0.00274691
0.000144354
0.00273838
0.000106808
0.00273176
7.82072e-05
0.00272671
5.66974e-05
0.00272289
4.07258e-05
0.00272002
2.90228e-05
0.00271787
2.05691e-05
0.00271626
1.45578e-05
0.00271504
1.03577e-05
0.00271411
7.47894e-06
0.00271339
5.54334e-06
0.00271283
4.25835e-06
0.00271239
3.39549e-06
0.00271205
2.77201e-06
0.00271183
2.23546e-06
0.00271174
1.65038e-06
0.00271182
8.8652e-07
0.00271212
-1.922e-07
0.00271273
-1.73868e-06
0.00271374
-3.93438e-06
0.0027153
-7.00274e-06
0.00271757
-1.12254e-05
0.00272076
-1.69627e-05
0.00272516
-2.46801e-05
0.00273108
-3.49831e-05
0.00273893
-4.86635e-05
0.00274917
-6.67593e-05
0.00276232
-9.06335e-05
0.00277895
-0.000122067
0.00279953
-0.000163372
0.00282438
-0.00021747
0.00285334
-0.000287967
0.00288537
-0.000378892
0.00291802
-0.000494484
0.002947
-0.000637215
0.0029657
-0.000807728
-0.000997089
0.00296772
0.00255588
0.00033355
0.00265679
0.000773057
0.00276192
0.00100983
0.00284659
0.0010788
0.00290507
0.00103945
0.00293957
0.000936968
0.00295606
0.000807418
0.00296049
0.000672975
0.00295779
0.000546862
0.00295145
0.000435391
0.00294373
0.000340799
0.00293597
0.000262856
0.00292887
0.000200088
0.00292275
0.000150478
0.00291766
0.000111895
0.00291354
8.23219e-05
0.00291028
5.99623e-05
0.00290772
4.32829e-05
0.00290573
3.10106e-05
0.00290419
2.2111e-05
0.00290299
1.57578e-05
0.00290205
1.12996e-05
0.0029013
8.22727e-06
0.0029007
6.14476e-06
0.00290022
4.74367e-06
0.00289983
3.7809e-06
0.00289954
3.05993e-06
0.00289936
2.41469e-06
0.00289932
1.6956e-06
0.00289945
7.57028e-07
0.00289981
-5.54531e-07
0.00290048
-2.41221e-06
0.00290157
-5.0213e-06
0.0029032
-8.63347e-06
0.00290554
-1.35637e-05
0.00290879
-2.02108e-05
0.00291319
-2.90843e-05
0.00291905
-4.08372e-05
0.00292669
-5.63086e-05
0.00293651
-7.65766e-05
0.0029489
-0.000103022
0.00296423
-0.000137397
0.00298275
-0.000181894
0.00300445
-0.000239169
0.0030288
-0.000312322
0.00305447
-0.000404563
0.0030789
-0.000518905
0.00309815
-0.000656466
0.00310683
-0.000816411
-0.000990466
0.00310021
0.00254895
0.000284601
0.00264596
0.00067605
0.00275578
0.0009
0.00285448
0.000980111
0.00293296
0.000960972
0.00298989
0.000880038
0.00302839
0.000768912
0.00305277
0.000648599
0.00306715
0.000532477
0.00307489
0.000427659
0.00307843
0.000337256
0.00307948
0.000261802
0.00307916
0.000200409
0.00307816
0.000151478
0.0030769
0.000113161
0.00307559
8.36229e-05
0.00307438
6.11819e-05
0.00307329
4.43721e-05
0.00307234
3.19583e-05
0.00307152
2.29257e-05
0.00307083
1.64562e-05
0.00307023
1.18998e-05
0.00306971
8.74501e-06
0.00306926
6.59111e-06
0.00306888
5.12354e-06
0.00306857
4.09203e-06
0.00306834
3.29179e-06
0.00306821
2.54733e-06
0.0030682
1.69816e-06
0.00306837
5.8586e-07
0.00306878
-9.58158e-07
0.00306949
-3.12488e-06
0.00307061
-6.14067e-06
0.00307226
-1.02819e-05
0.00307459
-1.58917e-05
0.00307778
-2.34007e-05
0.00308204
-3.33522e-05
0.00308764
-4.64324e-05
0.00309484
-6.35082e-05
0.00310393
-8.56702e-05
0.00311519
-0.000114282
0.00312882
-0.000151022
0.00314485
-0.000197922
0.00316301
-0.000257331
0.00318253
-0.000331844
0.0032019
-0.000423937
0.00321862
-0.00053562
0.0032292
-0.000667052
0.00322929
-0.000816502
-0.000976533
0.00321536
0.00254378
0.000240821
0.00263692
0.00058291
0.00274909
0.000787833
0.00285774
0.00087146
0.0029518
0.000866908
0.00302728
0.000804557
0.00308487
0.000711324
0.00312719
0.000606276
0.00315746
0.000502215
0.00317863
0.000406483
0.00319319
0.000322697
0.00320304
0.000251952
0.0032096
0.000193853
0.00321388
0.000147196
0.00321661
0.000110433
0.00321828
8.19462e-05
0.00321925
6.02113e-05
0.00321975
4.38711e-05
0.00321995
3.17662e-05
0.00321994
2.29337e-05
0.0032198
1.65907e-05
0.00321959
1.21102e-05
0.00321934
8.99571e-06
0.00321908
6.85522e-06
0.00321882
5.37842e-06
0.0032186
4.31573e-06
0.00321843
3.46021e-06
0.00321835
2.63161e-06
0.00321838
1.66224e-06
0.00321858
3.84036e-07
0.00321901
-1.38379e-06
0.00321973
-3.84711e-06
0.00322084
-7.24993e-06
0.00322245
-1.18889e-05
0.00322469
-1.81299e-05
0.00322771
-2.64275e-05
0.00323171
-3.73481e-05
0.00323687
-5.15974e-05
0.00324342
-7.00509e-05
0.00325154
-9.37884e-05
0.00326138
-0.000124126
0.003273
-0.000162641
0.00328625
-0.00021117
0.00330067
-0.000271749
0.00331532
-0.000346498
0.00332864
-0.000437256
0.00333826
-0.000545247
0.00334118
-0.000669971
0.00333388
-0.0008092
-0.000956362
0.00331371
0.00253993
0.000200893
0.00262956
0.000493276
0.00274266
0.000674734
0.00285831
0.000755807
0.00296437
0.000760851
0.00305492
0.00071401
0.00312865
0.000637593
0.00318667
0.000548257
0.00323121
0.000457672
0.00326477
0.000372925
0.00328968
0.000297789
0.00330793
0.000233696
0.00332116
0.000180625
0.00333064
0.000137723
0.00333734
0.000103733
0.003342
7.72785e-05
0.00334519
5.70194e-05
0.00334732
4.17424e-05
0.00334869
3.03966e-05
0.00334953
2.21004e-05
0.00334999
1.6131e-05
0.00335019
1.19055e-05
0.00335023
8.95872e-06
0.00335016
6.92093e-06
0.00335004
5.49635e-06
0.00334992
4.44419e-06
0.00334981
3.56159e-06
0.00334978
2.66851e-06
0.00334985
1.59409e-06
0.00335007
1.64095e-07
0.00335049
-1.81117e-06
0.00335119
-4.54904e-06
0.00335225
-8.30728e-06
0.00335376
-1.33981e-05
0.00335584
-2.02039e-05
0.0033586
-2.91952e-05
0.00336221
-4.09517e-05
0.00336679
-5.61846e-05
0.0033725
-7.57618e-05
0.00337945
-0.000100732
0.00338767
-0.000132344
0.00339707
-0.000172048
0.00340738
-0.000221478
0.003418
-0.000282364
0.00342789
-0.000356394
0.00343551
-0.000444877
0.0034387
-0.000548434
0.00343487
-0.000666137
0.00342119
-0.000795526
-0.000930842
0.00339567
0.00253706
0.000163828
0.00262369
0.000406648
0.00273693
0.000561493
0.00285746
0.000635278
0.00297263
0.000645686
0.00307518
0.000611454
0.00316225
0.000550526
0.00323362
0.000476892
0.00329059
0.000400693
0.00333515
0.000328365
0.00336942
0.000263523
0.00339539
0.000207726
0.00341481
0.0001612
0.00342916
0.000123373
0.00343963
9.3268e-05
0.00344716
6.97494e-05
0.00345249
5.16853e-05
0.0034562
3.80319e-05
0.00345873
2.7874e-05
0.00346039
2.04368e-05
0.00346144
1.508e-05
0.00346206
1.12838e-05
0.00346239
8.63014e-06
0.00346253
6.7838e-06
0.00346255
5.47354e-06
0.00346252
4.47518e-06
0.00346248
3.59615e-06
0.00346249
2.66155e-06
0.00346258
1.50152e-06
0.00346281
-6.06825e-08
0.00346322
-2.22017e-06
0.00346387
-5.20206e-06
0.00346484
-9.27369e-06
0.0034662
-1.47578e-05
0.00346804
-2.20472e-05
0.00347047
-3.16207e-05
0.00347358
-4.40611e-05
0.00347746
-6.00736e-05
0.00348221
-8.05043e-05
0.00348783
-0.000106355
0.00349428
-0.000138791
0.00350136
-0.000179126
0.00350867
-0.00022879
0.00351553
-0.000289226
0.00352088
-0.000361743
0.00352322
-0.000447221
0.00352062
-0.00054583
0.00351086
-0.000656382
0.00349169
-0.000776357
-0.000900731
0.00346158
0.00253495
0.000128877
0.00261911
0.000322485
0.0027321
0.000448506
0.00285598
0.000511398
0.00297795
0.000523717
0.00308987
0.000499538
0.00318765
0.000452745
0.00327
0.00039454
0.00333742
0.000333268
0.00339139
0.000274404
0.00343376
0.000221147
0.0034665
0.000174987
0.00349143
0.000136276
0.00351014
0.000104659
0.003524
7.94043e-05
0.00353413
5.96191e-05
0.00354143
4.43908e-05
0.0035466
3.28643e-05
0.00355019
2.42823e-05
0.00355263
1.7998e-05
0.00355423
1.34729e-05
0.00355525
1.02669e-05
0.00355586
8.02277e-06
0.00355619
6.45113e-06
0.00355635
5.31434e-06
0.00355641
4.41204e-06
0.00355644
3.56775e-06
0.00355649
2.61649e-06
0.00355659
1.39341e-06
0.00355681
-2.77036e-07
0.00355718
-2.59181e-06
0.00355776
-5.78005e-06
0.0035586
-1.01144e-05
0.00355977
-1.59233e-05
0.00356132
-2.36036e-05
0.00356334
-3.36351e-05
0.00356587
-4.65952e-05
0.00356897
-6.31725e-05
0.00357265
-8.41801e-05
0.00357685
-0.000110562
0.00358145
-0.000143388
0.00358616
-0.000183836
0.0035905
-0.000233135
0.00359375
-0.000292468
0.00359483
-0.000362825
0.00359235
-0.000444741
0.00358458
-0.000538063
0.00356966
-0.000641458
0.00354576
-0.000752458
-0.000866686
0.00351171
0.00253342
9.54556e-05
0.00261566
0.000240251
0.00272824
0.000335925
0.00285438
0.000385256
0.0029813
0.000396794
0.00310028
0.00038056
0.00320635
0.000346674
0.00329738
0.000303514
0.00337319
0.000257459
0.0034348
0.000212792
0.00348385
0.00017209
0.00352222
0.000136617
0.00355176
0.000106739
0.00357417
8.22547e-05
0.00359092
6.2648e-05
0.00360328
4.72614e-05
0.00361226
3.54077e-05
0.00361869
2.64347e-05
0.00362321
1.97593e-05
0.00362633
1.48796e-05
0.00362843
1.13749e-05
0.0036298
8.89818e-06
0.00363066
7.16501e-06
0.00363117
5.94127e-06
0.00363145
5.03074e-06
0.0036316
4.26323e-06
0.00363168
3.48349e-06
0.00363176
2.5408e-06
0.00363187
1.27912e-06
0.00363207
-4.72428e-07
0.00363239
-2.90915e-06
0.00363287
-6.26051e-06
0.00363355
-1.08003e-05
0.00363449
-1.68577e-05
0.00363571
-2.48282e-05
0.00363726
-3.51858e-05
0.00363916
-4.84945e-05
0.00364141
-6.54183e-05
0.00364396
-8.67282e-05
0.0036467
-0.000113302
0.00364942
-0.000146113
0.00365178
-0.000186199
0.00365326
-0.000234606
0.00365307
-0.000292287
0.00365021
-0.000359964
0.00364338
-0.000437905
0.00363104
-0.00052573
0.00361163
-0.000622049
0.00358368
-0.000724507
-0.000829291
0.00354629
0.00253236
6.30956e-05
0.00261318
0.000159432
0.00272536
0.000223747
0.00285297
0.000257643
0.00298333
0.00026643
0.00310736
0.000256534
0.00321948
0.000234556
0.00331693
0.000206063
0.00339903
0.000175357
0.00346645
0.000145375
0.00352062
0.000117919
0.00356334
9.39016e-05
0.00359646
7.36176e-05
0.00362175
5.69652e-05
0.00364078
4.36179e-05
0.00365489
3.31439e-05
0.00366522
2.50839e-05
0.00367265
1.89978e-05
0.00367793
1.44885e-05
0.00368159
1.1212e-05
0.00368409
8.87689e-06
0.00368575
7.24013e-06
0.00368682
6.09895e-06
0.00368747
5.28222e-06
0.00368786
4.64137e-06
0.00368809
4.04154e-06
0.00368822
3.35305e-06
0.00368831
2.44313e-06
0.00368842
1.16789e-06
0.00368859
-6.35687e-07
0.00368884
-3.158e-06
0.0036892
-6.6253e-06
0.00368971
-1.13087e-05
0.00369039
-1.75334e-05
0.00369125
-2.56885e-05
0.0036923
-3.62364e-05
0.00369352
-4.97213e-05
0.00369488
-6.67755e-05
0.00369627
-8.8122e-05
0.00369754
-0.000114568
0.00369842
-0.000146989
0.00369851
-0.00018629
0.00369725
-0.00023335
0.00369389
-0.000288923
0.00368743
-0.000353511
0.00367671
-0.000427178
0.00366037
-0.000509397
0.0036371
-0.000598776
0.00360571
-0.00069311
-0.000789076
0.00356549
0.00253169
3.14048e-05
0.00261158
7.95408e-05
0.00272345
0.000111878
0.00285194
0.000129149
0.00298448
0.000133896
0.00311175
0.000129257
0.00322782
0.000118489
0.00332952
0.000104369
0.00341581
8.90604e-05
0.00348713
7.40584e-05
0.00354476
6.02888e-05
0.00359043
4.82296e-05
0.003626
3.80446e-05
0.00365328
2.96934e-05
0.00367388
2.30186e-05
0.00368921
1.78061e-05
0.00370047
1.38258e-05
0.00370861
1.08547e-05
0.00371441
8.68985e-06
0.00371847
7.15302e-06
0.00372126
6.09049e-06
0.00372313
5.37027e-06
0.00372435
4.8776e-06
0.00372512
4.50969e-06
0.00372559
4.17013e-06
0.00372587
3.76318e-06
0.00372604
3.18798e-06
0.00372615
2.33267e-06
0.00372625
1.06828e-06
0.00372637
-7.57575e-07
0.00372654
-3.32747e-06
0.00372677
-6.86129e-06
0.00372709
-1.16238e-05
0.00372749
-1.79324e-05
0.00372796
-2.6165e-05
0.0037285
-3.67673e-05
0.00372903
-5.02586e-05
0.00372949
-6.72348e-05
0.00372974
-8.83665e-05
0.00372956
-0.000114389
0.00372865
-0.000146081
0.00372659
-0.000184226
0.00372279
-0.000229553
0.00371651
-0.000282645
0.00370683
-0.000343829
0.00369267
-0.000413021
0.00367287
-0.000489599
0.00364631
-0.00057221
0.00361202
-0.000658819
-0.000746524
0.00356946
0.00253137
3.75421e-08
0.0026108
1.06937e-07
0.00272251
1.74237e-07
0.00285141
2.42107e-07
0.002985
3.1286e-07
0.00311386
3.88565e-07
0.00323188
4.7121e-07
0.00333569
5.6276e-07
0.00342408
6.65195e-07
0.00349736
7.80496e-07
0.00355674
9.10605e-07
0.00360391
1.05736e-06
0.00364073
1.22236e-06
0.00366902
1.40687e-06
0.00369043
1.61155e-06
0.0037064
1.83624e-06
0.00371814
2.07958e-06
0.00372666
2.33857e-06
0.00373274
2.60799e-06
0.00373701
2.87968e-06
0.00373996
3.1416e-06
0.00374196
3.37673e-06
0.00374327
3.56163e-06
0.00374412
3.66479e-06
0.00374464
3.64451e-06
0.00374496
3.44646e-06
0.00374515
3.00075e-06
0.00374526
2.21844e-06
0.00374534
9.87621e-07
0.00374542
-8.3125e-07
0.0037455
-3.41045e-06
0.0037456
-6.9607e-06
0.00374571
-1.17372e-05
0.00374583
-1.80461e-05
0.00374591
-2.62503e-05
0.00374592
-3.67746e-05
0.00374577
-5.01095e-05
0.00374535
-6.68107e-05
0.00374447
-8.74946e-05
0.00374291
-0.000112825
0.00374032
-0.000143489
0.00373625
-0.000180157
0.00373012
-0.000223428
0.00372122
-0.000273742
0.00370868
-0.000331289
0.00369154
-0.000395878
0.00366878
-0.000466837
0.00363945
-0.000542878
0.00360277
-0.000622141
-0.000702088
0.00355833
0.00253137
-3.13304e-05
0.0026108
-7.93285e-05
0.00272251
-0.000111532
0.00285142
-0.000128668
0.00298501
-0.000133274
0.00311388
-0.000128485
0.0032319
-0.000117552
0.00333572
-0.00010325
0.00342412
-8.77376e-05
0.00349741
-7.25062e-05
0.00355679
-5.84777e-05
0.00360398
-4.61265e-05
0.00364081
-3.56132e-05
0.00366911
-2.68948e-05
0.00369054
-1.98125e-05
0.00370653
-1.41528e-05
0.0037183
-9.68789e-06
0.00372684
-6.201e-06
0.00373294
-3.49946e-06
0.00373724
-1.42119e-06
0.00374022
1.63639e-07
0.00374224
1.35319e-06
0.00374359
2.21571e-06
0.00374446
2.79136e-06
0.00374501
3.09371e-06
0.00374535
3.11055e-06
0.00374555
2.80383e-06
0.00374566
2.10867e-06
0.00374571
9.31519e-07
0.00374574
-8.5263e-07
0.00374573
-3.4038e-06
0.00374569
-6.92123e-06
0.0037456
-1.1648e-05
0.00374543
-1.78758e-05
0.00374513
-2.59494e-05
0.00374462
-3.62696e-05
0.00374381
-4.92949e-05
0.00374254
-6.55392e-05
0.00374061
-8.55639e-05
0.00373774
-0.000109963
0.00373359
-0.000139338
0.0037277
-0.00017426
0.00371948
-0.000215211
0.00370825
-0.000262518
0.00369323
-0.000316262
0.00367353
-0.000376181
0.00364828
-0.000441587
0.00361667
-0.000511271
0.00357808
-0.000583545
-0.000656192
0.00353218
0.00253169
-6.30228e-05
0.00261159
-0.000159224
0.00272346
-0.000223408
0.00285197
-0.000257171
0.00298451
-0.000265819
0.0031118
-0.000255775
0.00322789
-0.000233636
0.0033296
-0.000204964
0.00341592
-0.000174056
0.00348726
-0.000143849
0.00354492
-0.000116138
0.00359063
-9.18332e-05
0.00362624
-7.12257e-05
0.00365356
-5.42115e-05
0.00367421
-4.04627e-05
0.0036896
-2.95476e-05
0.00370092
-2.10096e-05
0.00370914
-1.44142e-05
0.00371501
-9.37461e-06
0.00371915
-5.56241e-06
0.00372203
-2.70971e-06
0.00372399
-6.06435e-07
0.0037253
9.04613e-07
0.00372616
1.9332e-06
0.0037267
2.54669e-06
0.00372704
2.77408e-06
0.00372723
2.60878e-06
0.00372733
2.0101e-06
0.00372736
9.03458e-07
0.00372733
-8.20629e-07
0.00372723
-3.30848e-06
0.00372706
-6.74603e-06
0.00372677
-1.1362e-05
0.00372633
-1.74315e-05
0.00372566
-2.52783e-05
0.00372466
-3.5277e-05
0.00372322
-4.78524e-05
0.00372116
-6.3475e-05
0.00371825
-8.26524e-05
0.0037142
-0.000105912
0.00370863
-0.000133778
0.0037011
-0.000166728
0.00369104
-0.000205152
0.00367781
-0.00024928
0.00366066
-0.000299115
0.00363882
-0.000354348
0.00361154
-0.000414299
0.00357811
-0.000477847
0.00353804
-0.000543473
-0.000609239
0.00349109
0.00253236
-9.53858e-05
0.00261319
-0.00024005
0.00272538
-0.000335597
0.00285301
-0.000384799
0.00298339
-0.000396202
0.00310744
-0.000379825
0.00321958
-0.000345781
0.00331707
-0.000302446
0.00339921
-0.000256195
0.00346667
-0.000211309
0.00352089
-0.000170359
0.00356366
-0.000134606
0.00359685
-0.000104412
0.00362221
-7.9575e-05
0.00364132
-5.95764e-05
0.00365554
-4.37592e-05
0.00366596
-3.14382e-05
0.00367352
-2.19669e-05
0.00367891
-1.47717e-05
0.00368272
-9.36607e-06
0.00368536
-5.35167e-06
0.00368717
-2.41333e-06
0.00368838
-3.10594e-07
0.00368918
1.13137e-06
0.0036897
2.03027e-06
0.00369002
2.45384e-06
0.0036902
2.42538e-06
0.00369029
1.92753e-06
0.00369028
9.04493e-07
0.0036902
-7.37264e-07
0.00369002
-3.12947e-06
0.00368972
-6.44345e-06
0.00368925
-1.0892e-05
0.00368855
-1.67315e-05
0.00368753
-2.42634e-05
0.00368609
-3.38341e-05
0.00368407
-4.58335e-05
0.00368129
-6.06891e-05
0.00367749
-7.88561e-05
0.00367238
-0.0001008
0.00366557
-0.000126971
0.00365662
-0.000157772
0.00364497
-0.00019351
0.00363003
-0.000234339
0.00361113
-0.000280207
0.00358756
-0.000330779
0.00355866
-0.000385399
0.00352385
-0.000443041
0.00348272
-0.000502344
-0.000561615
0.0034351
0.00253343
-0.000128811
0.00261567
-0.000322294
0.00272827
-0.000448194
0.00285443
-0.000510962
0.00298138
-0.000523151
0.00310039
-0.000498833
0.00320649
-0.000451889
0.00329756
-0.000393515
0.00337342
-0.000332056
0.0034351
-0.00027298
0.00348422
-0.000219484
0.00352267
-0.000173054
0.00355229
-0.000134039
0.0035748
-0.000102081
0.00359167
-7.6448e-05
0.00360416
-5.62464e-05
0.00361329
-4.05657e-05
0.00361988
-2.85561e-05
0.00362457
-1.94693e-05
0.00362788
-1.26727e-05
0.00363018
-7.64917e-06
0.00363175
-3.98873e-06
0.00363282
-1.37616e-06
0.00363353
4.21621e-07
0.00363399
1.56736e-06
0.00363428
2.16363e-06
0.00363445
2.26087e-06
0.00363451
1.86333e-06
0.00363448
9.33093e-07
0.00363435
-6.07615e-07
0.0036341
-2.87556e-06
0.00363368
-6.02663e-06
0.00363305
-1.02566e-05
0.00363212
-1.58018e-05
0.00363079
-2.29399e-05
0.00362895
-3.19885e-05
0.00362642
-4.3302e-05
0.00362299
-5.72658e-05
0.00361842
-7.42848e-05
0.00361239
-9.47667e-05
0.00360451
-0.000119098
0.00359435
-0.000147613
0.00358139
-0.00018055
0.00356506
-0.000218008
0.00354475
-0.000259892
0.00351983
-0.000305862
0.00348973
-0.000355298
0.00345395
-0.000407266
0.00341217
-0.000460557
-0.000513695
0.00336425
0.00253496
-0.000163767
0.00261913
-0.00040647
0.00273214
-0.0005612
0.00285604
-0.000634868
0.00297805
-0.000645153
0.00309
-0.000610788
0.00318783
-0.000549716
0.00327023
-0.000475922
0.00333772
-0.000399545
0.00339176
-0.000327015
0.00343422
-0.000261946
0.00346706
-0.000205891
0.00349209
-0.000159075
0.00351093
-0.000120923
0.00352494
-9.04564e-05
0.00353524
-6.65394e-05
0.00354271
-4.80421e-05
0.00354808
-3.3925e-05
0.00355189
-2.32813e-05
0.00355457
-1.53495e-05
0.00355643
-9.50907e-06
0.00355771
-5.26846e-06
0.00355858
-2.24882e-06
0.00355917
-1.67774e-07
0.00355956
1.17554e-06
0.00355981
1.91334e-06
0.00355996
2.11945e-06
0.00356
1.81723e-06
0.00355995
9.85129e-07
0.00355978
-4.39635e-07
0.00355946
-2.55896e-06
0.00355895
-5.51294e-06
0.00355817
-9.47956e-06
0.00355705
-1.46746e-05
0.00355546
-2.13509e-05
0.00355327
-2.97969e-05
0.0035503
-4.0332e-05
0.00354633
-5.33005e-05
0.00354111
-6.90599e-05
0.0035343
-8.79649e-05
0.00352555
-0.000110345
0.00351441
-0.000136475
0.0035004
-0.00016654
0.00348299
-0.000200593
0.00346161
-0.000238515
0.00343572
-0.000279971
0.00340481
-0.000324385
0.00336846
-0.000370917
0.0033264
-0.000418497
-0.000465843
0.00327855
0.00253707
-0.000200837
0.00262371
-0.000493113
0.00273698
-0.000674464
0.00285754
-0.000755426
0.00297274
-0.000760355
0.00307534
-0.00071339
0.00316246
-0.000636837
0.00323389
-0.000547351
0.00329094
-0.000456598
0.00333559
-0.000371662
0.00336996
-0.000296312
0.00339604
-0.000231976
0.0034156
-0.000178633
0.0034301
-0.000135424
0.00344074
-0.000101093
0.00344846
-7.42619e-05
0.00345401
-5.35923e-05
0.00345796
-3.78751e-05
0.00346075
-2.60668e-05
0.00346269
-1.72978e-05
0.00346405
-1.08633e-05
0.00346499
-6.20654e-06
0.00346564
-2.89834e-06
0.00346609
-6.17756e-07
0.0034664
8.65915e-07
0.0034666
1.70826e-06
0.00346672
2.00197e-06
0.00346675
1.78631e-06
0.00346668
1.05404e-06
0.00346649
-2.43807e-07
0.00346612
-2.19479e-06
0.00346553
-4.92325e-06
0.00346464
-8.58916e-06
0.00346335
-1.33872e-05
0.00346155
-1.95456e-05
0.00345907
-2.73231e-05
0.00345575
-3.70052e-05
0.00345134
-4.88968e-05
0.00344559
-6.3311e-05
0.00343818
-8.05541e-05
0.00342874
-0.000100905
0.00341686
-0.000124589
0.00340207
-0.000151747
0.00338387
-0.000182399
0.00336177
-0.000216414
0.00333527
-0.000253469
0.00330392
-0.000293038
0.00326738
-0.000334374
0.00322542
-0.000376537
-0.000418416
0.00317799
0.00253993
-0.000240772
0.00262958
-0.000582764
0.00274271
-0.000787588
0.0028584
-0.000871113
0.00296449
-0.000866454
0.00305509
-0.000803988
0.00312889
-0.000710629
0.00318698
-0.000605443
0.0032316
-0.000501225
0.00326526
-0.000405318
0.00329028
-0.000321334
0.00330867
-0.000250365
0.00332205
-0.000192012
0.0033317
-0.00014507
0.00333859
-0.000107988
0.00334348
-7.91501e-05
0.00334692
-5.70312e-05
0.00334932
-4.02781e-05
0.00335099
-2.77379e-05
0.00335215
-1.84584e-05
0.00335296
-1.16729e-05
0.00335353
-6.7779e-06
0.00335394
-3.3093e-06
0.00335425
-9.1958e-07
0.00335447
6.42475e-07
0.00335463
1.54881e-06
0.00335473
1.90584e-06
0.00335475
1.76509e-06
0.00335467
1.13115e-06
0.00335446
-3.26438e-08
0.00335406
-1.8004e-06
0.00335342
-4.28109e-06
0.00335245
-7.6168e-06
0.00335104
-1.19812e-05
0.00334908
-1.75776e-05
0.00334639
-2.46363e-05
0.00334279
-3.34094e-05
0.00333806
-4.41645e-05
0.00333192
-5.71735e-05
0.00332407
-7.26992e-05
0.00331414
-9.09758e-05
0.00330174
-0.000112187
0.00328643
-0.000136438
0.00326776
-0.000163727
0.00324526
-0.000193917
0.0032185
-0.000226708
0.00318708
-0.000261624
0.00315072
-0.000298008
0.00310922
-0.000335041
-0.000371766
0.00306257
0.00254379
-0.000284559
0.00263694
-0.000675921
0.00274914
-0.000899782
0.00285783
-0.000979801
0.00295194
-0.000960564
0.00302747
-0.000879525
0.00308513
-0.000768284
0.00312753
-0.000647844
0.00315788
-0.000531581
0.00317917
-0.000426603
0.00319385
-0.000336018
0.00320384
-0.000260358
0.00321057
-0.000198733
0.00321504
-0.000149541
0.00321798
-0.000110932
0.0032199
-8.10704e-05
0.00322115
-5.82752e-05
0.00322195
-4.10834e-05
0.00322248
-2.82653e-05
0.00322284
-1.88155e-05
0.00322309
-1.19302e-05
0.00322329
-6.97986e-06
0.00322347
-3.48192e-06
0.00322362
-1.07524e-06
0.00322376
5.02008e-07
0.00322388
1.43066e-06
0.00322396
1.82535e-06
0.00322398
1.74597e-06
0.00322391
1.20624e-06
0.00322369
1.79968e-07
0.00322329
-1.3946e-06
0.00322262
-3.61174e-06
0.0032216
-6.59602e-06
0.00322012
-1.05004e-05
0.00321804
-1.5504e-05
0.00321522
-2.18091e-05
0.00321144
-2.9636e-05
0.0032065
-3.92171e-05
0.00320011
-5.07865e-05
0.00319198
-6.45672e-05
0.00318176
-8.07552e-05
0.00316907
-9.94986e-05
0.00315351
-0.000120875
0.00313465
-0.000144869
0.00311207
-0.000171344
0.00308539
-0.000200027
0.00305427
-0.000230497
0.00301844
-0.000262179
0.00297777
-0.000294368
-0.000326244
0.00293224
0.00254896
-0.000333514
0.00264598
-0.000772946
0.00275584
-0.00100964
0.00285457
-0.00107853
0.0029331
-0.00103909
0.00299009
-0.000936514
0.00302866
-0.000806861
0.00305312
-0.000672305
0.00306761
-0.000546064
0.00307545
-0.000434449
0.00307913
-0.000339694
0.00308034
-0.000261566
0.00308019
-0.00019859
0.0030794
-0.000148744
0.00307836
-0.000109898
0.00307732
-8.00314e-05
0.0030764
-5.73504e-05
0.00307564
-4.03231e-05
0.00307505
-2.76811e-05
0.00307464
-1.83979e-05
0.00307437
-1.16596e-05
0.00307422
-6.83223e-06
0.00307417
-3.43194e-06
0.00307419
-1.09713e-06
0.00307426
4.34517e-07
0.00307434
1.3452e-06
0.00307442
1.75223e-06
0.00307444
1.71988e-06
0.00307438
1.26819e-06
0.00307418
3.79551e-07
0.00307378
-9.9673e-07
0.00307311
-2.94109e-06
0.00307208
-5.56125e-06
0.00307057
-8.99008e-06
0.00306845
-1.33832e-05
0.00306555
-1.89158e-05
0.0030617
-2.57783e-05
0.00305665
-3.41698e-05
0.00305015
-4.42897e-05
0.00304191
-5.63258e-05
0.0030316
-7.04402e-05
0.00301885
-8.6752e-05
0.00300329
-0.000105318
0.00298453
-0.000126112
0.0029622
-0.000149008
0.00293593
-0.000173762
0.00290544
-0.000200004
0.0028705
-0.000227241
0.00283101
-0.000254871
-0.0002822
0.00278696
0.00255589
-0.000389403
0.00265681
-0.000873872
0.00276197
-0.00111479
0.00284668
-0.00116325
0.00290521
-0.00109762
0.00293978
-0.000971079
0.00295633
-0.000823415
0.00296086
-0.000676828
0.00295826
-0.000543468
0.00295204
-0.000428225
0.00294445
-0.00033211
0.00293685
-0.000253965
0.00292994
-0.00019168
0.00292403
-0.000142833
0.00291918
-0.000105053
0.00291534
-7.61921e-05
0.00291239
-5.43959e-05
0.00291018
-3.81132e-05
0.00290858
-2.60782e-05
0.00290746
-1.72781e-05
0.00290671
-1.09162e-05
0.00290626
-6.37608e-06
0.00290602
-3.18934e-06
0.00290593
-1.00693e-06
0.00290594
4.24228e-07
0.002906
1.28046e-06
0.00290608
1.67648e-06
0.00290612
1.67705e-06
0.00290608
1.30588e-06
0.00290591
5.51959e-07
0.00290554
-6.25664e-07
0.00290489
-2.2946e-06
0.00290388
-4.54655e-06
0.00290238
-7.49506e-06
0.00290027
-1.12732e-05
0.00289739
-1.60305e-05
0.00289354
-2.1929e-05
0.0028885
-2.9137e-05
0.00288204
-3.7822e-05
0.00287385
-4.81404e-05
0.00286364
-6.0225e-05
0.00285105
-7.41707e-05
0.00283576
-9.00184e-05
0.00281738
-0.000107738
0.00279559
-0.000127215
0.00277006
-0.000148236
0.00274054
-0.000170485
0.00270684
-0.000193542
0.00266887
-0.000216902
-0.000239984
0.00262666
0.00256516
-0.000454564
0.00266934
-0.000978047
0.00276597
-0.00121143
0.00283119
-0.00122846
0.00286442
-0.00113086
0.00287244
-0.000979094
0.00286424
-0.000815219
0.00284732
-0.000659903
0.00282701
-0.000523163
0.00280665
-0.000407867
0.00278806
-0.000313521
0.00277205
-0.000237955
0.00275882
-0.000178445
0.00274821
-0.000132226
0.00273992
-9.67663e-05
0.00273359
-6.98614e-05
0.00272886
-4.96614e-05
0.0027254
-3.46496e-05
0.00272292
-2.3607e-05
0.00272122
-1.55687e-05
0.00272008
-9.7827e-06
0.00271938
-5.6709e-06
0.00271898
-2.7961e-06
0.00271881
-8.33748e-07
0.00271878
4.51137e-07
0.00271884
1.22244e-06
0.00271893
1.58748e-06
0.002719
1.60811e-06
0.002719
1.30913e-06
0.00271886
6.84381e-07
0.00271854
-2.98729e-07
0.00271794
-1.69605e-06
0.00271698
-3.58421e-06
0.00271554
-6.05846e-06
0.0027135
-9.23043e-06
0.00271069
-1.32254e-05
0.00270694
-1.81787e-05
0.00270203
-2.42303e-05
0.00269573
-3.15188e-05
0.00268776
-4.01723e-05
0.00267784
-5.02985e-05
0.00266564
-6.19722e-05
0.00265084
-7.52225e-05
0.00263312
-9.00194e-05
0.00261217
-0.000106262
0.0025877
-0.000123768
0.00255949
-0.000142273
0.00252737
-0.000161427
0.00249128
-0.000180812
-0.000199951
0.00245125
0.00257746
-0.000532022
0.00268291
-0.0010835
0.00276505
-0.00129358
0.00280355
-0.00126696
0.00280542
-0.00113272
0.00278281
-0.00095649
0.00274771
-0.00078012
0.00270862
-0.000620806
0.00267078
-0.00048533
0.00263695
-0.000374034
0.00260821
-0.000284777
0.00258466
-0.000214408
0.0025659
-0.000159683
0.00255128
-0.000117612
0.00254012
-8.56051e-05
0.00253175
-6.14917e-05
0.00252559
-4.34985e-05
0.00252114
-3.02e-05
0.002518
-2.0467e-05
0.00251585
-1.3416e-05
0.00251443
-8.36417e-06
0.00251355
-4.79049e-06
0.00251306
-2.30289e-06
0.00251283
-6.11507e-07
0.00251279
4.93035e-07
0.00251286
1.1567e-06
0.00251297
1.47542e-06
0.00251307
1.50521e-06
0.00251311
1.26985e-06
0.00251303
7.66432e-07
0.00251276
-3.05666e-08
0.00251223
-1.16633e-06
0.00251135
-2.70346e-06
0.00251001
-4.72002e-06
0.00250809
-7.30753e-06
0.00250543
-1.05686e-05
0.00250187
-1.46136e-05
0.00249719
-1.95568e-05
0.00249119
-2.55102e-05
0.00248359
-3.2577e-05
0.00247413
-4.0843e-05
0.00246253
-5.03665e-05
0.00244847
-6.11681e-05
0.00243168
-7.322e-05
0.00241185
-8.64367e-05
0.00238875
-0.000100668
0.00236217
-0.000115696
0.00233198
-0.000131238
0.00229813
-0.000146954
-0.00016246
0.00226064
0.00259343
-0.000625456
0.00269574
-0.0011858
0.00275434
-0.00135218
0.002757
-0.00126962
0.00272098
-0.0010967
0.00266432
-0.000899829
0.00260127
-0.000717074
0.00254048
-0.000560008
0.00248636
-0.000431215
0.00244058
-0.000328257
0.00240321
-0.000247405
0.0023735
-0.000184696
0.00235038
-0.000136559
0.0023327
-9.99386e-05
0.00231941
-7.23179e-05
0.00230958
-5.16609e-05
0.00230243
-3.63449e-05
0.00229732
-2.50899e-05
0.00229375
-1.68962e-05
0.00229132
-1.09907e-05
0.00228974
-6.78077e-06
0.00228877
-3.81749e-06
0.00228823
-1.76493e-06
0.00228799
-3.75814e-07
0.00228796
5.27925e-07
0.00228805
1.07024e-06
0.00228819
1.3327e-06
0.00228833
1.36331e-06
0.00228842
1.18316e-06
0.00228839
7.9126e-07
0.00228819
1.68018e-07
0.00228775
-7.22176e-07
0.00228697
-1.92902e-06
0.00228577
-3.51464e-06
0.00228401
-5.55188e-06
0.00228157
-8.12231e-06
0.00227827
-1.13136e-05
0.00227393
-1.52161e-05
0.00226833
-1.99183e-05
0.00226126
-2.55013e-05
0.00225245
-3.20316e-05
0.00224164
-3.95542e-05
0.00222855
-4.80836e-05
0.00221293
-5.75958e-05
0.00219451
-6.80215e-05
0.00217308
-7.92404e-05
0.00214847
-9.10799e-05
0.00212055
-0.000103316
0.00208927
-0.000115682
-0.000127877
0.00205469
0.00261329
-0.000738747
0.00270374
-0.00127625
0.00272555
-0.00137399
0.00268155
-0.00122562
0.00260157
-0.00101672
0.00250897
-0.000807227
0.00241876
-0.000626867
0.00233839
-0.00047964
0.00227057
-0.000363398
0.00221538
-0.000273065
0.00217162
-0.000203642
0.00213761
-0.000150691
0.00211163
-0.000110575
0.00209207
-8.03801e-05
0.00207756
-5.78044e-05
0.00206694
-4.10459e-05
0.0020593
-2.87016e-05
0.00205389
-1.96842e-05
0.00205015
-1.31564e-05
0.00204764
-8.47701e-06
0.00204602
-5.1593e-06
0.00204504
-2.83686e-06
0.00204451
-1.23711e-06
0.0020443
-1.60349e-07
0.00204429
5.36705e-07
0.0020444
9.53545e-07
0.00204458
1.15559e-06
0.00204476
1.18149e-06
0.0020449
1.04855e-06
0.00204493
7.5666e-07
0.00204481
2.91199e-07
0.00204446
-3.74939e-07
0.00204381
-1.27975e-06
0.00204277
-2.47077e-06
0.00204122
-4.00379e-06
0.00203904
-5.94119e-06
0.00203608
-8.34998e-06
0.00203216
-1.1299e-05
0.0020271
-1.48558e-05
0.00202068
-1.90816e-05
0.00201267
-2.40269e-05
0.00200284
-2.97251e-05
0.00199094
-3.61865e-05
0.00197674
-4.3392e-05
0.00196001
-5.12881e-05
0.00194055
-5.97825e-05
0.00191821
-6.87439e-05
0.0018929
-7.80019e-05
0.00186457
-8.73553e-05
-9.65748e-05
0.00183327
0.00263563
-0.000874381
0.00269818
-0.00133879
0.0026649
-0.00134071
0.00256284
-0.00112355
0.00243491
-0.000888799
0.00230744
-0.000679754
0.0021936
-0.000513024
0.00209795
-0.000383991
0.00202057
-0.000286015
0.00195955
-0.000212047
0.00191233
-0.000156429
0.00187636
-0.000114712
0.0018493
-8.35198e-05
0.00182921
-6.0288e-05
0.00181447
-4.30701e-05
0.00180381
-3.03847e-05
0.00179621
-2.11028e-05
0.00179089
-1.43643e-05
0.00178725
-9.51488e-06
0.00178483
-6.059e-06
0.0017833
-3.62327e-06
0.00178239
-1.92864e-06
0.00178192
-7.68722e-07
0.00178175
6.97427e-09
0.00178179
5.05949e-07
0.00178194
8.02606e-07
0.00178215
9.4575e-07
0.00178236
9.64201e-07
0.00178254
8.70942e-07
0.00178263
6.66121e-07
0.00178258
3.3922e-07
0.00178234
-1.29389e-07
0.00178183
-7.67265e-07
0.00178096
-1.60891e-06
0.00177965
-2.69477e-06
0.00177778
-4.07009e-06
0.00177522
-5.78343e-06
0.0017718
-7.88467e-06
0.00176737
-1.04225e-05
0.00176173
-1.34414e-05
0.00175468
-1.69777e-05
0.00174601
-2.10553e-05
0.00173551
-2.56815e-05
0.00172296
-3.08423e-05
0.00170817
-3.64988e-05
0.00169097
-4.25845e-05
0.00167123
-4.90046e-05
0.00164886
-5.56365e-05
0.00162384
-6.23358e-05
-6.89377e-05
0.00159621
0.00265454
-0.00102892
0.0026615
-0.00134576
0.00255009
-0.00122931
0.00238093
-0.000954384
0.00220601
-0.000713878
0.00204957
-0.000523314
0.00191935
-0.000382808
0.00181528
-0.000279921
0.00173412
-0.000204855
0.00167189
-0.000149814
0.00162477
-0.000109313
0.00158949
-7.94306e-05
0.00156334
-5.73723e-05
0.00154416
-4.11123e-05
0.00153026
-2.91652e-05
0.0015203
-2.04289e-05
0.00151328
-1.40801e-05
0.00150842
-9.50039e-06
0.00150513
-6.2253e-06
0.00150297
-3.90612e-06
0.00150163
-2.28229e-06
0.00150087
-1.16035e-06
0.00150049
-3.9803e-07
0.00150039
1.0784e-07
0.00150047
4.30632e-07
0.00150065
6.20903e-07
0.00150089
7.11681e-07
0.00150113
7.22393e-07
0.00150134
6.6174e-07
0.00150147
5.29779e-07
0.00150149
3.19405e-07
0.00150135
1.74204e-08
0.00150097
-3.94677e-07
0.0015003
-9.40025e-07
0.00149925
-1.64574e-06
0.00149773
-2.54216e-06
0.00149561
-3.66182e-06
0.00149276
-5.03818e-06
0.00148904
-6.70392e-06
0.00148429
-8.68884e-06
0.00147833
-1.10173e-05
0.00147098
-1.37056e-05
0.00146205
-1.67585e-05
0.00145138
-2.01669e-05
0.00143879
-2.3905e-05
0.00142413
-2.79285e-05
0.0014073
-3.21744e-05
0.00138822
-3.65611e-05
0.00136688
-4.09929e-05
-4.53597e-05
0.0013433
0.00265191
-0.00118083
0.00255936
-0.0012532
0.00234623
-0.00101617
0.00210948
-0.000717634
0.00189778
-0.000502177
0.00172532
-0.000350855
0.00159058
-0.000248065
0.00148768
-0.000177028
0.00141008
-0.00012725
0.00135206
-9.17979e-05
0.001309
-6.62531e-05
0.00127727
-4.77018e-05
0.00125408
-3.41746e-05
0.00123727
-2.43022e-05
0.00122521
-1.71094e-05
0.00121667
-1.18893e-05
0.00121071
-8.12208e-06
0.00120663
-5.42307e-06
0.00120392
-3.50604e-06
0.00120217
-2.15813e-06
0.00120111
-1.22143e-06
0.00120053
-5.79456e-07
0.00120027
-1.47081e-07
0.00120025
1.37118e-07
0.00120036
3.16579e-07
0.00120056
4.21075e-07
0.0012008
4.6994e-07
0.00120105
4.74455e-07
0.00120127
4.39581e-07
0.00120144
3.65207e-07
0.00120151
2.4703e-07
0.00120145
7.71836e-08
0.00120121
-1.55302e-07
0.00120073
-4.6412e-07
0.00119995
-8.65305e-07
0.00119879
-1.37679e-06
0.00119714
-2.01785e-06
0.00119491
-2.80831e-06
0.00119198
-3.76756e-06
0.0011882
-4.91335e-06
0.00118344
-6.26024e-06
0.00117756
-7.81801e-06
0.00117039
-9.58979e-06
0.00116179
-1.15704e-05
0.00115163
-1.37449e-05
0.00113979
-1.60874e-05
0.00112618
-1.8561e-05
0.00111073
-2.11178e-05
0.00109344
-2.37019e-05
-2.62479e-05
0.00107433
0.0025782
-0.00125903
0.00232635
-0.00100136
0.00200141
-0.000691223
0.00171649
-0.000432724
0.0014932
-0.000278879
0.00132667
-0.000184327
0.00120411
-0.000125503
0.0011144
-8.73192e-05
0.00104878
-6.16332e-05
0.00100085
-4.38638e-05
0.000965907
-3.13134e-05
0.000940541
-2.23356e-05
0.000922231
-1.58647e-05
0.000909117
-1.11876e-05
0.000899816
-7.80856e-06
0.000893302
-5.37519e-06
0.000888812
-3.63223e-06
0.000885782
-2.39285e-06
0.000883795
-1.51943e-06
0.000882547
-9.10433e-07
0.000881817
-4.91074e-07
0.000881444
-2.06557e-07
0.000881314
-1.70761e-08
0.000881345
1.0591e-07
0.000881479
1.82459e-07
0.000881674
2.26225e-07
0.000881898
2.46001e-07
0.000882126
2.46847e-07
0.000882334
2.30912e-07
0.000882502
1.9801e-07
0.000882603
1.46035e-07
0.000882609
7.12418e-08
0.000882485
-3.15474e-08
0.000882189
-1.68772e-07
0.000881672
-3.47969e-07
0.000880873
-5.77574e-07
0.000879722
-8.66658e-07
0.000878138
-1.22459e-06
0.000876031
-1.66055e-06
0.000873301
-2.18298e-06
0.000869839
-2.79889e-06
0.000865534
-3.51302e-06
0.000860272
-4.32706e-06
0.00085394
-5.23879e-06
0.000846436
-6.2414e-06
0.000837672
-7.32292e-06
0.000827577
-8.46627e-06
0.000816108
-9.64897e-06
0.000803252
-1.08453e-05
-1.20237e-05
0.000789027
0.00230835
-0.00106739
0.00184141
-0.000534411
0.00144448
-0.000294292
0.00116838
-0.000156627
0.000979387
-8.9885e-05
0.000850264
-5.52047e-05
0.000760545
-3.57833e-05
0.000697385
-2.41594e-05
0.000652446
-1.66946e-05
0.000620285
-1.17031e-05
0.000597222
-8.25015e-06
0.000580707
-5.82004e-06
0.000568932
-4.08968e-06
0.000560596
-2.85241e-06
0.000554755
-1.96714e-06
0.000550715
-1.33567e-06
0.000547971
-8.8769e-07
0.00054615
-5.72366e-07
0.000544984
-3.52579e-07
0.000544274
-2.01191e-07
0.000543882
-9.8368e-08
0.000543705
-2.96946e-08
0.000543672
1.52206e-08
0.000543735
4.37666e-08
0.000543856
6.10902e-08
0.000544012
7.06586e-08
0.000544183
7.46724e-08
0.000544355
7.43671e-08
0.000544516
7.02285e-08
0.000544652
6.21443e-08
0.000544748
4.95077e-08
0.000544788
3.12895e-08
0.000544751
6.08759e-09
0.00054461
-2.78324e-08
0.000544334
-7.24981e-08
0.000543887
-1.30182e-07
0.000543224
-2.03336e-07
0.000542294
-2.94501e-07
0.000541039
-4.06188e-07
0.000539397
-5.40722e-07
0.000537298
-7.00055e-07
0.000534671
-8.85553e-07
0.000531441
-1.09776e-06
0.000527539
-1.33619e-06
0.000522896
-1.59911e-06
0.000517457
-1.88337e-06
0.000511175
-2.18451e-06
0.000504023
-2.49647e-06
0.00049599
-2.81277e-06
-3.12405e-06
0.00048709
0.00143261
0.000898202
0.00060391
0.000447283
0.000357398
0.000302193
0.00026641
0.000242251
0.000225556
0.000213853
0.000205603
0.000199783
0.000195693
0.000192841
0.000190873
0.000189538
0.00018865
0.000188078
0.000187725
0.000187524
0.000187426
0.000187396
0.000187411
0.000187455
0.000187516
0.000187587
0.000187661
0.000187736
0.000187806
0.000187868
0.000187918
0.000187949
0.000187955
0.000187927
0.000187855
0.000187724
0.000187521
0.000187227
0.00018682
0.00018628
0.00018558
0.000184694
0.000183596
0.00018226
0.000180661
0.000178778
0.000176593
0.000174097
0.000171284
0.00016816
0.000835251
-0.00140721
0.00118826
0.000987907
-0.00182608
0.00167343
0.00113296
-0.00205529
0.00191023
0.00125515
-0.0021659
0.00204371
0.00136092
-0.00221195
0.00210619
0.00145225
-0.00220954
0.00211821
0.00153199
-0.00217207
0.00209232
0.00160199
-0.00210714
0.00203714
0.00166381
-0.00202148
0.00195966
0.00171866
-0.00192016
0.00186531
0.0017675
-0.00180765
0.00175881
0.00181111
-0.00168772
0.00164411
0.00185013
-0.00156366
0.00152465
0.00188508
-0.00143828
0.00140333
0.0019164
-0.00131394
0.00128262
0.00194447
-0.00119262
0.00116455
0.0019696
-0.00107589
0.00105076
0.00199207
-0.000964976
0.000942508
0.00201212
-0.000860752
0.0008407
0.00202997
-0.000763807
0.000745952
0.00204583
-0.000674465
0.000658606
0.00205988
-0.000592825
0.000578778
0.00207229
-0.000518803
0.000506397
0.00208321
-0.000452164
0.000441242
0.00209279
-0.000392565
0.000382979
0.00210118
-0.000339581
0.000331194
0.00210849
-0.000292735
0.000285421
0.00211485
-0.000251525
0.000245166
0.00212037
-0.000215438
0.000209926
0.00212513
-0.000183969
0.000179206
0.00212923
-0.000156632
0.000152527
0.00213276
-0.000132966
0.000129439
0.00213578
-0.000112545
0.000109523
0.00213836
-9.49749e-05
9.23935e-05
0.00214056
-7.99006e-05
7.77012e-05
0.00214243
-6.70008e-05
6.51322e-05
0.00214401
-5.59894e-05
5.44063e-05
0.00214535
-4.66127e-05
4.52754e-05
0.00214648
-3.86471e-05
3.75209e-05
0.00214742
-3.18965e-05
3.09511e-05
0.00214821
-2.61896e-05
2.53988e-05
0.00214887
-2.13774e-05
2.07183e-05
0.00214942
-1.73305e-05
1.67835e-05
0.00214987
-1.39371e-05
1.34851e-05
0.00215024
-1.11005e-05
1.0729e-05
0.00215055
-8.73754e-06
8.43387e-06
0.00215079
-6.77653e-06
6.53003e-06
0.00215099
-5.15606e-06
4.95754e-06
0.00215115
-3.82344e-06
3.66507e-06
0.00215128
-2.73358e-06
2.6087e-06
0.00215137
-1.84795e-06
1.75089e-06
0.00215145
-1.13369e-06
1.05964e-06
0.0021515
-5.62788e-07
5.07682e-07
0.00215154
-1.11426e-07
7.1837e-08
0.00215157
2.40611e-07
-2.67572e-07
0.00215158
5.10458e-07
-5.27217e-07
0.00215159
7.12605e-07
-7.21191e-07
0.0021516
8.59281e-07
-8.61389e-07
0.00215159
9.60782e-07
-9.57821e-07
0.00215159
1.02576e-06
-1.01889e-06
0.00215158
1.06144e-06
-1.05164e-06
0.00215156
1.07389e-06
-1.06194e-06
0.00215155
1.06814e-06
-1.05468e-06
0.00215154
1.04834e-06
-1.0339e-06
0.00215152
1.01796e-06
-1.00295e-06
0.00215151
9.79809e-07
-9.64584e-07
0.00215149
9.36212e-07
-9.21035e-07
0.00215148
8.89051e-07
-8.74136e-07
0.00215146
8.3985e-07
-8.25367e-07
0.00215145
7.89836e-07
-7.75923e-07
0.00215143
7.39995e-07
-7.26765e-07
0.00215142
6.91117e-07
-6.78669e-07
0.00215141
6.43842e-07
-6.32265e-07
0.0021514
5.98689e-07
-5.88076e-07
0.00215139
5.56096e-07
-5.46549e-07
0.00215138
5.16449e-07
-5.08084e-07
0.00215137
4.80102e-07
-4.73063e-07
0.00215137
4.47411e-07
-4.41874e-07
0.00215136
4.18744e-07
-4.14929e-07
0.00215136
3.94506e-07
-3.92681e-07
0.00215136
3.75145e-07
-3.75639e-07
0.00215137
3.61165e-07
-3.6437e-07
0.00215137
3.53119e-07
-3.59499e-07
0.00215138
3.51601e-07
-3.61693e-07
0.0021514
3.57228e-07
-3.71642e-07
0.00215142
3.70604e-07
-3.90018e-07
0.00215144
3.92275e-07
-4.17425e-07
0.00215147
4.22659e-07
-4.54319e-07
0.00215151
4.61991e-07
-5.00948e-07
0.00215156
5.10179e-07
-5.5719e-07
0.00215162
5.66801e-07
-6.22561e-07
0.00215168
6.30772e-07
-6.95821e-07
0.00215176
7.00671e-07
-7.75383e-07
0.00215184
7.7361e-07
-8.57982e-07
0.00215193
8.47274e-07
-9.41082e-07
0.00215204
9.14965e-07
-1.0171e-06
0.00215215
9.76127e-07
-1.08559e-06
0.00215226
1.01235e-06
-1.1257e-06
0.00215237
1.04116e-06
-1.15731e-06
9.93231e-07
-1.10221e-06
0.00117828
-0.00151161
0.00126344
-0.00191125
0.00135737
-0.00214922
0.00144476
-0.00225329
0.00152489
-0.00229207
0.00159637
-0.00228102
0.00166
-0.00223569
0.0017165
-0.00216364
0.00176675
-0.00207174
0.00181152
-0.00196492
0.00185148
-0.00184761
0.00188722
-0.00172346
0.00191923
-0.00159567
0.00194793
-0.00146698
0.00197367
-0.00133969
0.00199676
-0.00121571
0.00201745
-0.00109659
0.00203598
-0.000983503
0.00205254
-0.00087731
0.00206731
-0.000778575
0.00208045
-0.000687604
0.0020921
-0.000604483
0.00210242
-0.000529116
0.00211151
-0.00046126
0.00211951
-0.000400561
0.00212652
-0.000346588
0.00213264
-0.000298856
0.00213797
-0.000256854
0.00214259
-0.000220063
0.00214659
-0.000187971
0.00215005
-0.000160083
0.00215301
-0.000135934
0.00215556
-0.000115089
0.00215773
-9.71503e-05
0.00215959
-8.17549e-05
0.00216116
-6.85768e-05
0.0021625
-5.73249e-05
0.00216363
-4.7741e-05
0.00216458
-3.95973e-05
0.00216538
-3.2694e-05
0.00216604
-2.68567e-05
0.0021666
-2.19332e-05
0.00216706
-1.77917e-05
0.00216744
-1.4318e-05
0.00216775
-1.14135e-05
0.00216801
-8.99309e-06
0.00216822
-6.98381e-06
0.00216838
-5.32283e-06
0.00216852
-3.95632e-06
0.00216862
-2.83822e-06
0.0021687
-1.92914e-06
0.00216876
-1.19548e-06
0.00216881
-6.08621e-07
0.00216884
-1.44202e-07
0.00216886
2.18453e-07
0.00216888
4.9687e-07
0.00216888
7.05873e-07
0.00216889
8.57977e-07
0.00216888
9.63718e-07
0.00216888
1.03195e-06
0.00216887
1.07008e-06
0.00216886
1.08432e-06
0.00216885
1.0798e-06
0.00216883
1.06081e-06
0.00216882
1.03087e-06
0.00216881
9.92883e-07
0.00216879
9.49221e-07
0.00216878
9.01813e-07
0.00216877
8.52217e-07
0.00216876
8.01689e-07
0.00216875
7.51232e-07
0.00216874
7.01647e-07
0.00216873
6.53573e-07
0.00216872
6.07526e-07
0.00216871
5.63931e-07
0.0021687
5.23151e-07
0.0021687
4.85512e-07
0.00216869
4.51331e-07
0.00216869
4.2093e-07
0.00216869
3.94657e-07
0.00216869
3.72898e-07
0.0021687
3.56084e-07
0.00216871
3.44693e-07
0.00216872
3.39238e-07
0.00216874
3.40258e-07
0.00216876
3.48283e-07
0.00216879
3.63797e-07
0.00216882
3.87178e-07
0.00216887
4.18645e-07
0.00216892
4.58139e-07
0.00216898
5.05309e-07
0.00216905
5.5923e-07
0.00216913
6.18673e-07
0.00216922
6.8114e-07
0.00216933
7.44602e-07
0.00216944
8.03235e-07
0.00216956
8.56551e-07
0.00216968
8.88465e-07
0.00216981
9.14464e-07
8.73962e-07
0.00148961
-0.00156449
0.0015314
-0.00195303
0.001583
-0.00220083
0.00163759
-0.00230788
0.00169184
-0.00234633
0.0017427
-0.00233188
0.00178939
-0.00228239
0.00183166
-0.00220592
0.00186972
-0.0021098
0.0019039
-0.00199909
0.00193455
-0.00187827
0.00196207
-0.00175097
0.00198677
-0.00162037
0.00200896
-0.00148917
0.0020289
-0.00135963
0.00204682
-0.00123363
0.00206292
-0.00111268
0.00207736
-0.000997944
0.0020903
-0.000890248
0.00210187
-0.000790143
0.00211219
-0.000697923
0.00212137
-0.000613664
0.00212951
-0.000537259
0.00213671
-0.00046846
0.00214306
-0.000406907
0.00214863
-0.000352162
0.00215351
-0.000303735
0.00215777
-0.000261111
0.00216147
-0.000223764
0.00216467
-0.000191177
0.00216744
-0.000162853
0.00216983
-0.000138318
0.00217187
-0.000117136
0.00217363
-9.8901e-05
0.00217512
-8.32479e-05
0.00217639
-6.98462e-05
0.00217746
-5.84008e-05
0.00217837
-4.86499e-05
0.00217914
-4.03626e-05
0.00217978
-3.33362e-05
0.00218032
-2.73935e-05
0.00218076
-2.23802e-05
0.00218113
-1.81623e-05
0.00218144
-1.46238e-05
0.00218169
-1.16644e-05
0.0021819
-9.19772e-06
0.00218206
-7.1495e-06
0.00218219
-5.45586e-06
0.0021823
-4.06205e-06
0.00218238
-2.92121e-06
0.00218245
-1.99328e-06
0.0021825
-1.24405e-06
0.00218253
-6.44392e-07
0.00218256
-1.69517e-07
0.00218257
2.01625e-07
0.00218258
4.86878e-07
0.00218259
7.01338e-07
0.00218259
8.57749e-07
0.00218259
9.66842e-07
0.00218258
1.03764e-06
0.00218257
1.07769e-06
0.00218256
1.0933e-06
0.00218255
1.08973e-06
0.00218254
1.07134e-06
0.00218253
1.04172e-06
0.00218252
1.00382e-06
0.00218251
9.60062e-07
0.0021825
9.12412e-07
0.00218249
8.62456e-07
0.00218248
8.11466e-07
0.00218247
7.60458e-07
0.00218246
7.10237e-07
0.00218245
6.6144e-07
0.00218245
6.14573e-07
0.00218244
5.70044e-07
0.00218244
5.2819e-07
0.00218243
4.89305e-07
0.00218243
4.53661e-07
0.00218243
4.2153e-07
0.00218243
3.93201e-07
0.00218243
3.68992e-07
0.00218244
3.49256e-07
0.00218245
3.34389e-07
0.00218247
3.24822e-07
0.00218249
3.21007e-07
0.00218251
3.23397e-07
0.00218254
3.32411e-07
0.00218258
3.48383e-07
0.00218263
3.71518e-07
0.00218268
4.01788e-07
0.00218275
4.38922e-07
0.00218283
4.82163e-07
0.00218292
5.3049e-07
0.00218301
5.81819e-07
0.00218313
6.34427e-07
0.00218324
6.83439e-07
0.00218337
7.28391e-07
0.00218351
7.55828e-07
0.00218364
7.78645e-07
7.46362e-07
0.00176951
-0.00159121
0.00178318
-0.0019667
0.00180214
-0.00221979
0.00182811
-0.00233384
0.00185801
-0.00237622
0.00188862
-0.00236249
0.00191828
-0.00231205
0.00194607
-0.00223371
0.00197165
-0.00213537
0.00199494
-0.00202238
0.00201603
-0.00189937
0.00203508
-0.00177003
0.00205228
-0.00163757
0.00206778
-0.00150468
0.00208177
-0.00137362
0.00209439
-0.00124625
0.00210577
-0.00112406
0.00211602
-0.0010082
0.00212525
-0.000899472
0.00213353
-0.000798429
0.00214096
-0.000705349
0.00214759
-0.000620301
0.00215351
-0.000543173
0.00215876
-0.000473712
0.00216341
-0.000411555
0.00216751
-0.00035626
0.00217111
-0.000307336
0.00217426
-0.000264262
0.002177
-0.000226511
0.00217939
-0.000193564
0.00218146
-0.000164918
0.00218324
-0.0001401
0.00218477
-0.000118666
0.00218608
-0.000100212
0.0021872
-8.43668e-05
0.00218815
-7.07979e-05
0.00218896
-5.92074e-05
0.00218964
-4.93312e-05
0.00219021
-4.0936e-05
0.00219069
-3.3817e-05
0.00219109
-2.7795e-05
0.00219143
-2.27141e-05
0.0021917
-1.84386e-05
0.00219193
-1.48513e-05
0.00219212
-1.18506e-05
0.00219227
-9.34916e-06
0.00219239
-7.27169e-06
0.00219249
-5.55356e-06
0.00219257
-4.13931e-06
0.00219263
-2.98148e-06
0.00219267
-2.03947e-06
0.00219271
-1.27865e-06
0.00219273
-6.69485e-07
0.00219275
-1.86869e-07
0.00219276
1.90535e-07
0.00219277
4.80811e-07
0.00219277
6.9926e-07
0.00219277
8.588e-07
0.00219276
9.70312e-07
0.00219276
1.04294e-06
0.00219275
1.08434e-06
0.00219274
1.10091e-06
0.00219274
1.09798e-06
0.00219273
1.07996e-06
0.00219272
1.05051e-06
0.00219271
1.01261e-06
0.0021927
9.68728e-07
0.00219269
9.20838e-07
0.00219269
8.7055e-07
0.00219268
8.19149e-07
0.00219267
7.67656e-07
0.00219266
7.16873e-07
0.00219266
6.67433e-07
0.00219265
6.19825e-07
0.00219265
5.74437e-07
0.00219264
5.31577e-07
0.00219264
4.91502e-07
0.00219264
4.54438e-07
0.00219264
4.20603e-07
0.00219265
3.90222e-07
0.00219265
3.63539e-07
0.00219266
3.40829e-07
0.00219267
3.22401e-07
0.00219269
3.08597e-07
0.00219271
2.99782e-07
0.00219274
2.96327e-07
0.00219277
2.98582e-07
0.00219281
3.06836e-07
0.00219286
3.21278e-07
0.00219292
3.41916e-07
0.00219299
3.68559e-07
0.00219307
4.0063e-07
0.00219317
4.37322e-07
0.00219327
4.76994e-07
0.00219339
5.18234e-07
0.00219351
5.57189e-07
0.00219365
5.93361e-07
0.00219379
6.16194e-07
0.00219393
6.35523e-07
6.12074e-07
0.00202092
-0.00160249
0.00201563
-0.00196142
0.00201017
-0.00221432
0.0020122
-0.00233588
0.00202021
-0.00238423
0.00203173
-0.00237401
0.00204486
-0.00232518
0.00205833
-0.00224718
0.00207142
-0.00214846
0.00208377
-0.00203473
0.0020952
-0.0019108
0.00210569
-0.00178052
0.00211527
-0.00164715
0.002124
-0.0015134
0.00213195
-0.00138156
0.00213918
-0.00125348
0.00214577
-0.00113065
0.00215176
-0.00101419
0.00215722
-0.000904924
0.00216216
-0.000803377
0.00216665
-0.000709831
0.00217069
-0.000624349
0.00217434
-0.000546817
0.00217761
-0.000476979
0.00218052
-0.000414472
0.00218312
-0.000358853
0.00218541
-0.00030963
0.00218743
-0.000266283
0.0021892
-0.000228284
0.00219075
-0.000195111
0.0021921
-0.000166263
0.00219326
-0.000141263
0.00219426
-0.000119669
0.00219512
-0.000101072
0.00219586
-8.51021e-05
0.00219648
-7.14236e-05
0.00219701
-5.97378e-05
0.00219746
-4.97789e-05
0.00219784
-4.13123e-05
0.00219815
-3.41319e-05
0.00219842
-2.80574e-05
0.00219863
-2.29315e-05
0.00219881
-1.86179e-05
0.00219896
-1.49982e-05
0.00219908
-1.19702e-05
0.00219918
-9.44578e-06
0.00219925
-7.34904e-06
0.00219931
-5.6148e-06
0.00219936
-4.18715e-06
0.0021994
-3.01822e-06
0.00219943
-2.06707e-06
0.00219945
-1.29874e-06
0.00219946
-6.83474e-07
0.00219947
-1.95914e-07
0.00219947
1.85456e-07
0.00219948
4.78884e-07
0.00219948
6.99808e-07
0.00219947
8.61262e-07
0.00219947
9.74225e-07
0.00219946
1.04792e-06
0.00219946
1.09009e-06
0.00219945
1.10717e-06
0.00219945
1.10455e-06
0.00219944
1.08668e-06
0.00219943
1.05725e-06
0.00219943
1.01926e-06
0.00219942
9.75206e-07
0.00219941
9.27074e-07
0.00219941
8.76482e-07
0.0021994
8.2472e-07
0.0021994
7.72807e-07
0.00219939
7.2154e-07
0.00219939
6.71538e-07
0.00219938
6.23275e-07
0.00219938
5.77112e-07
0.00219938
5.33325e-07
0.00219938
4.9213e-07
0.00219938
4.53707e-07
0.00219938
4.18214e-07
0.00219939
3.8581e-07
0.00219939
3.56663e-07
0.0021994
3.30966e-07
0.00219942
3.08939e-07
0.00219944
2.90831e-07
0.00219946
2.76915e-07
0.00219949
2.6748e-07
0.00219952
2.62804e-07
0.00219957
2.63131e-07
0.00219962
2.68633e-07
0.00219968
2.79355e-07
0.00219975
2.95187e-07
0.00219984
3.15742e-07
0.00219994
3.40433e-07
0.00220005
3.68078e-07
0.00220017
3.97584e-07
0.0022003
4.2617e-07
0.00220044
4.53258e-07
0.00220058
4.7139e-07
0.00220073
4.87003e-07
4.7282e-07
0.00224684
-0.00160291
0.00222807
-0.00194265
0.00220443
-0.00219069
0.00218694
-0.00231839
0.00217586
-0.00237314
0.00216993
-0.00236808
0.00216746
-0.00232271
0.00216711
-0.00224683
0.00216799
-0.00214934
0.00216952
-0.00203625
0.00217135
-0.00191263
0.0021733
-0.00178246
0.00217526
-0.00164911
0.00217719
-0.00151534
0.00217907
-0.00138345
0.0021809
-0.00125531
0.00218267
-0.00113242
0.00218438
-0.0010159
0.00218603
-0.000906575
0.00218762
-0.000804964
0.00218913
-0.000711346
0.00219057
-0.000625786
0.00219192
-0.000548169
0.00219318
-0.000478241
0.00219435
-0.000415639
0.00219542
-0.000359924
0.0021964
-0.000310604
0.00219727
-0.000267161
0.00219806
-0.000229069
0.00219876
-0.000195809
0.00219937
-0.000166877
0.00219991
-0.000141801
0.00220037
-0.000120136
0.00220078
-0.000101475
0.00220112
-8.54476e-05
0.00220142
-7.17181e-05
0.00220167
-5.99873e-05
0.00220188
-4.9989e-05
0.00220205
-4.14881e-05
0.0022022
-3.42781e-05
0.00220232
-2.81781e-05
0.00220242
-2.30305e-05
0.0022025
-1.86985e-05
0.00220256
-1.50631e-05
0.00220262
-1.2022e-05
0.00220266
-9.4866e-06
0.00220269
-7.38071e-06
0.00220271
-5.6389e-06
0.00220273
-4.20502e-06
0.00220274
-3.031e-06
0.00220275
-2.07571e-06
0.00220276
-1.30406e-06
0.00220276
-6.86128e-07
0.00220276
-1.96473e-07
0.00220276
1.86527e-07
0.00220276
4.81201e-07
0.00220275
7.03056e-07
0.00220275
8.65185e-07
0.00220275
9.78614e-07
0.00220274
1.05261e-06
0.00220274
1.09494e-06
0.00220273
1.11208e-06
0.00220273
1.10944e-06
0.00220272
1.09148e-06
0.00220272
1.06191e-06
0.00220271
1.02375e-06
0.00220271
9.79473e-07
0.0022027
9.31097e-07
0.0022027
8.8023e-07
0.0022027
8.28159e-07
0.00220269
7.75895e-07
0.00220269
7.24225e-07
0.00220269
6.73751e-07
0.00220269
6.24924e-07
0.00220269
5.78078e-07
0.00220269
5.33453e-07
0.00220269
4.91225e-07
0.00220269
4.51519e-07
0.00220269
4.14437e-07
0.0022027
3.80067e-07
0.00220271
3.485e-07
0.00220272
3.19844e-07
0.00220273
2.94227e-07
0.00220275
2.71805e-07
0.00220278
2.52758e-07
0.00220281
2.37289e-07
0.00220284
2.25604e-07
0.00220289
2.17899e-07
0.00220294
2.14331e-07
0.00220301
2.1498e-07
0.00220308
2.19824e-07
0.00220317
2.28665e-07
0.00220327
2.41143e-07
0.00220338
2.56545e-07
0.0022035
2.74098e-07
0.00220364
2.92133e-07
0.00220378
3.09948e-07
0.00220393
3.23317e-07
0.00220408
3.35054e-07
3.30389e-07
0.00244979
-0.00159455
0.00242084
-0.00191369
0.0023836
-0.00215345
0.00235036
-0.00228515
0.00232299
-0.00234577
0.00230146
-0.00234656
0.00228458
-0.00230583
0.00227118
-0.00223343
0.00226033
-0.00213849
0.00225135
-0.00202727
0.00224378
-0.00190506
0.00223731
-0.001776
0.00223174
-0.00164354
0.00222694
-0.00151053
0.00222279
-0.0013793
0.00221924
-0.00125175
0.0022162
-0.00112939
0.00221365
-0.00101334
0.0022115
-0.000904434
0.00220973
-0.000803192
0.00220828
-0.000709895
0.00220711
-0.00062461
0.00220616
-0.000547227
0.00220542
-0.000477494
0.00220483
-0.000415053
0.00220438
-0.000359468
0.00220402
-0.000310252
0.00220375
-0.000266891
0.00220355
-0.000228863
0.00220339
-0.000195651
0.00220327
-0.000166757
0.00220318
-0.000141708
0.0022031
-0.000120063
0.00220305
-0.000101418
0.002203
-8.54009e-05
0.00220296
-7.16792e-05
0.00220293
-5.9954e-05
0.0022029
-4.99599e-05
0.00220287
-4.14621e-05
0.00220285
-3.42544e-05
0.00220283
-2.81563e-05
0.00220281
-2.30103e-05
0.00220279
-1.86796e-05
0.00220277
-1.50455e-05
0.00220275
-1.20056e-05
0.00220274
-9.47126e-06
0.00220272
-7.36643e-06
0.00220271
-5.62565e-06
0.0022027
-4.19277e-06
0.00220269
-3.01969e-06
0.00220268
-2.06531e-06
0.00220267
-1.29453e-06
0.00220266
-6.77422e-07
0.00220265
-1.88538e-07
0.00220264
1.93742e-07
0.00220264
4.87746e-07
0.00220263
7.08982e-07
0.00220263
8.70539e-07
0.00220262
9.83447e-07
0.00220262
1.05697e-06
0.00220261
1.09886e-06
0.00220261
1.11561e-06
0.00220261
1.11261e-06
0.0022026
1.09433e-06
0.0022026
1.06446e-06
0.0022026
1.02603e-06
0.0022026
9.81498e-07
0.00220259
9.32876e-07
0.00220259
8.81766e-07
0.00220259
8.29441e-07
0.00220259
7.769e-07
0.00220259
7.24913e-07
0.00220259
6.74061e-07
0.00220259
6.2477e-07
0.00220259
5.77343e-07
0.00220259
5.31984e-07
0.00220259
4.88821e-07
0.0022026
4.47931e-07
0.0022026
4.09351e-07
0.00220261
3.73099e-07
0.00220262
3.39191e-07
0.00220263
3.07645e-07
0.00220265
2.78498e-07
0.00220267
2.51811e-07
0.00220269
2.27672e-07
0.00220272
2.06196e-07
0.00220276
1.87516e-07
0.00220281
1.71781e-07
0.00220286
1.59131e-07
0.00220293
1.49685e-07
0.002203
1.43504e-07
0.00220309
1.40584e-07
0.00220319
1.40792e-07
0.00220331
1.43891e-07
0.00220343
1.49424e-07
0.00220357
1.56849e-07
0.00220371
1.65317e-07
0.00220386
1.73902e-07
0.00220401
1.81669e-07
1.86602e-07
0.00263173
-0.00157849
0.00259467
-0.00187664
0.00254708
-0.00210586
0.00250121
-0.00223928
0.00246011
-0.00230468
0.0024249
-0.00231135
0.00239495
-0.00227588
0.00236943
-0.00220791
0.0023475
-0.00211655
0.00232846
-0.00200824
0.00231181
-0.00188841
0.00229716
-0.00176135
0.00228423
-0.00163061
0.00227282
-0.00149911
0.00226274
-0.00136923
0.00225388
-0.00124289
0.00224611
-0.00112162
0.00223933
-0.00100656
0.00223344
-0.00089854
0.00222834
-0.000798093
0.00222395
-0.000705503
0.00222018
-0.000620843
0.00221696
-0.000544008
0.00221422
-0.000474752
0.00221189
-0.000412724
0.00220992
-0.000357493
0.00220824
-0.000308581
0.00220683
-0.000265478
0.00220564
-0.000227669
0.00220463
-0.000194642
0.00220377
-0.000165904
0.00220305
-0.000140987
0.00220244
-0.000119453
0.00220193
-0.000100901
0.00220149
-8.49629e-05
0.00220112
-7.13077e-05
0.0022008
-5.96388e-05
0.00220053
-4.96922e-05
0.00220031
-4.12348e-05
0.00220011
-3.40614e-05
0.00219995
-2.79924e-05
0.00219981
-2.28713e-05
0.00219969
-1.85617e-05
0.00219959
-1.49457e-05
0.00219951
-1.19212e-05
0.00219944
-9.40008e-06
0.00219938
-7.30651e-06
0.00219933
-5.57533e-06
0.00219929
-4.15064e-06
0.00219925
-2.98454e-06
0.00219922
-2.0361e-06
0.0021992
-1.27036e-06
0.00219918
-6.57535e-07
0.00219916
-1.72272e-07
0.00219915
2.06951e-07
0.00219914
4.98383e-07
0.00219913
7.1746e-07
0.00219912
8.77214e-07
0.00219912
9.8862e-07
0.00219911
1.0609e-06
0.00219911
1.10177e-06
0.00219911
1.11768e-06
0.00219911
1.114e-06
0.00219911
1.09516e-06
0.00219911
1.06485e-06
0.00219911
1.02606e-06
0.00219911
9.81239e-07
0.00219911
9.32378e-07
0.00219911
8.81061e-07
0.00219911
8.28543e-07
0.00219911
7.75805e-07
0.00219911
7.23593e-07
0.00219911
6.72465e-07
0.00219911
6.22819e-07
0.00219912
5.74923e-07
0.00219912
5.28943e-07
0.00219912
4.84963e-07
0.00219913
4.43002e-07
0.00219913
4.03038e-07
0.00219914
3.6502e-07
0.00219915
3.28882e-07
0.00219917
2.94557e-07
0.00219918
2.61991e-07
0.0021992
2.3115e-07
0.00219923
2.02028e-07
0.00219926
1.74653e-07
0.0021993
1.49088e-07
0.00219934
1.25432e-07
0.0021994
1.03809e-07
0.00219947
8.43746e-08
0.00219954
6.72764e-08
0.00219963
5.26998e-08
0.00219973
4.0737e-08
0.00219984
3.16268e-08
0.00219997
2.52221e-08
0.0022001
2.21091e-08
0.00220024
2.1271e-08
0.00220039
2.50895e-08
0.00220055
2.8851e-08
4.32941e-08
0.00279415
-0.00155543
0.00275037
-0.00183286
0.00269473
-0.00205022
0.00263872
-0.00218326
0.00258619
-0.00225215
0.00253911
-0.00226427
0.00249749
-0.00223426
0.00246089
-0.00217131
0.00242863
-0.00208429
0.00240011
-0.00197971
0.00237479
-0.0018631
0.00235228
-0.00173884
0.00233224
-0.00161057
0.00231441
-0.00148128
0.00229857
-0.00135339
0.00228453
-0.00122885
0.00227212
-0.00110922
0.00226121
-0.000995642
0.00225163
-0.000888964
0.00224326
-0.000789726
0.00223598
-0.00069822
0.00222966
-0.000614526
0.0022242
-0.000538546
0.00221949
-0.000470044
0.00221544
-0.000408675
0.00221197
-0.00035402
0.002209
-0.000305607
0.00220645
-0.000262936
0.00220428
-0.000225499
0.00220243
-0.000192792
0.00220086
-0.000164328
0.00219952
-0.000139645
0.00219837
-0.000118312
0.0021974
-9.99304e-05
0.00219658
-8.41383e-05
0.00219588
-7.06076e-05
0.00219529
-5.90449e-05
0.00219478
-4.91889e-05
0.00219436
-4.08087e-05
0.002194
-3.37012e-05
0.00219369
-2.76884e-05
0.00219344
-2.26151e-05
0.00219322
-1.83463e-05
0.00219304
-1.47651e-05
0.00219289
-1.17701e-05
0.00219276
-9.27405e-06
0.00219266
-7.20179e-06
0.00219257
-5.48869e-06
0.0021925
-4.07929e-06
0.00219244
-2.92612e-06
0.00219239
-1.98858e-06
0.00219236
-1.232e-06
0.00219232
-6.26852e-07
0.0021923
-1.48011e-07
0.00219228
2.25863e-07
0.00219227
5.12857e-07
0.00219226
7.2827e-07
0.00219225
8.85016e-07
0.00219224
9.93968e-07
0.00219224
1.06426e-06
0.00219224
1.10353e-06
0.00219224
1.11818e-06
0.00219224
1.1135e-06
0.00219224
1.0939e-06
0.00219224
1.063e-06
0.00219224
1.02378e-06
0.00219225
9.78644e-07
0.00219225
9.29558e-07
0.00219225
8.78078e-07
0.00219225
8.25436e-07
0.00219226
7.72586e-07
0.00219226
7.2025e-07
0.00219226
6.68957e-07
0.00219227
6.19072e-07
0.00219227
5.70831e-07
0.00219228
5.24359e-07
0.00219228
4.79691e-07
0.00219229
4.36794e-07
0.0021923
3.95585e-07
0.00219231
3.55942e-07
0.00219232
3.1772e-07
0.00219233
2.8077e-07
0.00219235
2.44945e-07
0.00219237
2.10118e-07
0.00219239
1.76192e-07
0.00219243
1.43108e-07
0.00219246
1.10859e-07
0.00219251
7.94964e-08
0.00219256
4.91273e-08
0.00219263
1.99425e-08
0.0021927
-7.82649e-09
0.00219279
-3.38071e-08
0.00219289
-5.76867e-08
0.002193
-7.87602e-08
0.00219312
-9.68727e-08
0.00219325
-1.10328e-07
0.0021934
-1.20319e-07
0.00219354
-1.21205e-07
0.00219369
-1.21428e-07
-9.77255e-08
0.0029382
-0.00152592
0.00288868
-0.00178333
0.00282664
-0.00198818
0.00276247
-0.00211909
0.00270046
-0.00219014
0.00264321
-0.00220702
0.00259131
-0.00218236
0.00254471
-0.00212471
0.00250296
-0.00204255
0.00246559
-0.00194234
0.00243212
-0.00182963
0.00240215
-0.00170886
0.00237531
-0.00158374
0.00235131
-0.00145728
0.00232991
-0.00133198
0.00231086
-0.00120981
0.00229396
-0.00109232
0.00227902
-0.000980705
0.00226587
-0.000875806
0.00225432
-0.000778176
0.00224421
-0.000688118
0.00223541
-0.000605719
0.00222776
-0.000530893
0.00222113
-0.000463413
0.0022154
-0.000402946
0.00221046
-0.000349082
0.00220621
-0.000301359
0.00220256
-0.00025929
0.00219944
-0.000222374
0.00219676
-0.000190118
0.00219448
-0.000162042
0.00219253
-0.000137695
0.00219087
-0.000116649
0.00218945
-9.85153e-05
0.00218825
-8.2935e-05
0.00218723
-6.95858e-05
0.00218636
-5.81783e-05
0.00218563
-4.8455e-05
0.00218501
-4.01883e-05
0.00218448
-3.31776e-05
0.00218404
-2.72475e-05
0.00218367
-2.22447e-05
0.00218336
-1.80359e-05
0.0021831
-1.45056e-05
0.00218288
-1.1554e-05
0.00218271
-9.09478e-06
0.00218256
-7.05369e-06
0.00218244
-5.36694e-06
0.00218234
-3.97978e-06
0.00218226
-2.84534e-06
0.00218219
-1.92352e-06
0.00218214
-1.18011e-06
0.0021821
-5.85955e-07
0.00218207
-1.16257e-07
0.00218204
2.50045e-07
0.00218202
5.30797e-07
0.00218201
7.41095e-07
0.002182
8.93673e-07
0.002182
9.99257e-07
0.00218199
1.06685e-06
0.00218199
1.10399e-06
0.00218199
1.11696e-06
0.002182
1.111e-06
0.002182
1.09044e-06
0.002182
1.05883e-06
0.00218201
1.01911e-06
0.00218201
9.73655e-07
0.00218202
9.24368e-07
0.00218203
8.72781e-07
0.00218203
8.20092e-07
0.00218204
7.67225e-07
0.00218204
7.14873e-07
0.00218205
6.63533e-07
0.00218205
6.13538e-07
0.00218206
5.65085e-07
0.00218206
5.1826e-07
0.00218207
4.7305e-07
0.00218208
4.29371e-07
0.00218209
3.87077e-07
0.0021821
3.45977e-07
0.00218211
3.05853e-07
0.00218212
2.6647e-07
0.00218214
2.27595e-07
0.00218216
1.89009e-07
0.00218219
1.50525e-07
0.00218222
1.12002e-07
0.00218226
7.33624e-08
0.0021823
3.461e-08
0.00218235
-4.16317e-09
0.00218242
-4.27335e-08
0.00218249
-8.07889e-08
0.00218257
-1.17776e-07
0.00218267
-1.5317e-07
0.00218278
-1.85813e-07
0.00218289
-2.1526e-07
0.00218302
-2.38741e-07
0.00218316
-2.5762e-07
0.0021833
-2.63107e-07
0.00218345
-2.67242e-07
-2.34688e-07
0.00306476
-0.00149046
0.00301023
-0.00172881
0.00294301
-0.00192096
0.00287225
-0.00204833
0.00280242
-0.00212031
0.00273654
-0.00214114
0.00267568
-0.0021215
0.00262016
-0.00206919
0.00256981
-0.0019922
0.0025243
-0.00189683
0.00248324
-0.00178857
0.00244625
-0.00167187
0.00241298
-0.00155047
0.00238313
-0.00142743
0.00235641
-0.00130526
0.00233257
-0.00118596
0.00231135
-0.00107111
0.00229255
-0.0009619
0.00227594
-0.000859194
0.00226132
-0.000763554
0.00224849
-0.000675291
0.00223727
-0.000594505
0.0022275
-0.00052112
0.00221901
-0.000454921
0.00221165
-0.000395588
0.00220529
-0.000342722
0.00219981
-0.000295875
0.00219509
-0.000254571
0.00219103
-0.000218321
0.00218756
-0.000186643
0.00218459
-0.000159069
0.00218205
-0.000135154
0.00217988
-0.000114482
0.00217803
-9.66689e-05
0.00217646
-8.13645e-05
0.00217513
-6.82521e-05
0.002174
-5.70475e-05
0.00217304
-4.74981e-05
0.00217223
-3.938e-05
0.00217155
-3.24963e-05
0.00217098
-2.66745e-05
0.0021705
-2.1764e-05
0.00217009
-1.76339e-05
0.00216976
-1.41705e-05
0.00216948
-1.12757e-05
0.00216925
-8.86455e-06
0.00216906
-6.86416e-06
0.00216891
-5.21176e-06
0.00216878
-3.85355e-06
0.00216868
-2.74343e-06
0.0021686
-1.84199e-06
0.00216853
-1.11561e-06
0.00216848
-5.35624e-07
0.00216844
-7.76743e-08
0.00216841
2.78931e-07
0.00216839
5.51724e-07
0.00216838
7.55525e-07
0.00216837
9.02841e-07
0.00216837
1.0042e-06
0.00216836
1.06843e-06
0.00216836
1.10292e-06
0.00216837
1.11386e-06
0.00216837
1.10636e-06
0.00216838
1.08466e-06
0.00216838
1.05225e-06
0.00216839
1.01199e-06
0.0021684
9.66205e-07
0.00216841
9.16755e-07
0.00216841
8.65126e-07
0.00216842
8.12477e-07
0.00216843
7.59699e-07
0.00216844
7.07449e-07
0.00216844
6.56189e-07
0.00216845
6.06221e-07
0.00216846
5.57702e-07
0.00216847
5.10676e-07
0.00216847
4.65087e-07
0.00216848
4.20795e-07
0.00216849
3.77598e-07
0.0021685
3.35238e-07
0.00216852
2.93423e-07
0.00216853
2.51839e-07
0.00216855
2.10168e-07
0.00216857
1.68104e-07
0.00216859
1.25373e-07
0.00216862
8.1755e-08
0.00216866
3.71034e-08
0.0021687
-8.6226e-09
0.00216876
-5.53481e-08
0.00216882
-1.02818e-07
0.00216888
-1.50645e-07
0.00216897
-1.98104e-07
0.00216906
-2.44466e-07
0.00216916
-2.88145e-07
0.00216927
-3.28417e-07
0.00216939
-3.61488e-07
0.00216953
-3.88887e-07
0.00216966
-3.98829e-07
0.0021698
-4.06757e-07
-3.65905e-07
0.00317448
-0.00144959
0.00311558
-0.00166991
0.00304409
-0.00184947
0.002968
-0.00197223
0.00289175
-0.00204407
0.00281861
-0.002068
0.00275002
-0.00205291
0.00268665
-0.00200582
0.00262859
-0.00193414
0.00257567
-0.00184392
0.00252762
-0.00174052
0.00248412
-0.00162837
0.00244484
-0.00151119
0.00240948
-0.00139207
0.00237774
-0.00127352
0.00234935
-0.00115756
0.00232403
-0.00104579
0.00230154
-0.000939409
0.00228163
-0.000839284
0.00226407
-0.000745992
0.00224863
-0.000659854
0.00223511
-0.000580982
0.0022233
-0.000509312
0.00221302
-0.000444641
0.00220409
-0.000386664
0.00219637
-0.000334996
0.00218969
-0.000289202
0.00218394
-0.000248821
0.002179
-0.000213377
0.00217476
-0.0001824
0.00217112
-0.000155435
0.00216801
-0.000132046
0.00216536
-0.000111829
0.0021631
-9.44083e-05
0.00216118
-7.94416e-05
0.00215954
-6.66192e-05
0.00215816
-5.56636e-05
0.00215699
-4.63275e-05
0.002156
-3.83919e-05
0.00215517
-3.16642e-05
0.00215447
-2.59755e-05
0.00215389
-2.11785e-05
0.0021534
-1.7145e-05
0.00215299
-1.37636e-05
0.00215265
-1.09384e-05
0.00215237
-8.58622e-06
0.00215215
-6.63565e-06
0.00215196
-5.02528e-06
0.00215181
-3.70241e-06
0.00215169
-2.62194e-06
0.00215159
-1.74531e-06
0.00215151
-1.03961e-06
0.00215145
-4.76814e-07
0.00215141
-3.30759e-08
0.00215138
3.11833e-07
0.00215135
5.75052e-07
0.00215134
7.71069e-07
0.00215133
9.12104e-07
0.00215133
1.00844e-06
0.00215132
1.0687e-06
0.00215133
1.10011e-06
0.00215133
1.10867e-06
0.00215134
1.0994e-06
0.00215135
1.07642e-06
0.00215136
1.04313e-06
0.00215137
1.00232e-06
0.00215138
9.56225e-07
0.00215139
9.06666e-07
0.0021514
8.55073e-07
0.00215141
8.02565e-07
0.00215142
7.4999e-07
0.00215143
6.97968e-07
0.00215144
6.46928e-07
0.00215144
5.97132e-07
0.00215145
5.48702e-07
0.00215146
5.01641e-07
0.00215147
4.55845e-07
0.00215148
4.11129e-07
0.00215149
3.67229e-07
0.0021515
3.23829e-07
0.00215152
2.80565e-07
0.00215153
2.37049e-07
0.00215155
1.9288e-07
0.00215157
1.47671e-07
0.00215159
1.01065e-07
0.00215162
5.27671e-08
0.00215166
2.56478e-09
0.0021517
-4.96262e-08
0.00215175
-1.03748e-07
0.0021518
-1.59518e-07
0.00215187
-2.16478e-07
0.00215194
-2.73742e-07
0.00215203
-3.30392e-07
0.00215213
-3.8444e-07
0.00215223
-4.34898e-07
0.00215235
-4.77017e-07
0.00215247
-5.12468e-07
0.0021526
-5.2668e-07
0.00215273
-5.38238e-07
-4.89781e-07
0.00326792
-0.00140379
0.00320517
-0.00160717
0.00313014
-0.00177443
0.00304972
-0.00189181
0.00296824
-0.00196259
0.00288904
-0.00198879
0.00281386
-0.00197773
0.00274366
-0.00193562
0.00267877
-0.00186925
0.00261921
-0.00178436
0.00256481
-0.00168612
0.00251533
-0.00157889
0.00247049
-0.00146636
0.00243
-0.00135158
0.00239357
-0.00123709
0.0023609
-0.0011249
0.00233172
-0.00101661
0.00230575
-0.000913437
0.00228272
-0.000816254
0.00226237
-0.000725645
0.00224446
-0.000641942
0.00222875
-0.000565267
0.002215
-0.000495569
0.00220302
-0.000432662
0.00219261
-0.000376251
0.00218359
-0.000325969
0.00217578
-0.000281398
0.00216905
-0.000242089
0.00216326
-0.000207584
0.00215828
-0.000177425
0.00215402
-0.00015117
0.00215037
-0.000128399
0.00214726
-0.000108715
0.0021446
-9.17543e-05
0.00214234
-7.71841e-05
0.00214043
-6.47028e-05
0.0021388
-5.40399e-05
0.00213743
-4.49547e-05
0.00213627
-3.72339e-05
0.0021353
-3.06898e-05
0.00213448
-2.51579e-05
0.0021338
-2.04944e-05
0.00213323
-1.65745e-05
0.00213275
-1.32896e-05
0.00213236
-1.05462e-05
0.00213204
-8.26325e-06
0.00213177
-6.37113e-06
0.00213156
-4.81e-06
0.00213138
-3.52852e-06
0.00213124
-2.48272e-06
0.00213113
-1.63506e-06
0.00213105
-9.53467e-07
0.00213098
-4.10656e-07
0.00213093
1.65845e-08
0.0021309
3.47946e-07
0.00213087
6.00107e-07
0.00213086
7.8716e-07
0.00213085
9.2099e-07
0.00213084
1.01159e-06
0.00213084
1.06734e-06
0.00213085
1.09526e-06
0.00213086
1.10118e-06
0.00213087
1.08995e-06
0.00213088
1.06559e-06
0.00213089
1.03137e-06
0.0021309
9.90001e-07
0.00213091
9.43642e-07
0.00213093
8.94043e-07
0.00213094
8.42582e-07
0.00213095
7.90325e-07
0.00213096
7.38079e-07
0.00213097
6.86424e-07
0.00213099
6.35749e-07
0.002131
5.86282e-07
0.00213101
5.38107e-07
0.00213102
4.91185e-07
0.00213103
4.45371e-07
0.00213104
4.00431e-07
0.00213105
3.56051e-07
0.00213106
3.11852e-07
0.00213108
2.67408e-07
0.00213109
2.22258e-07
0.00213111
1.75929e-07
0.00213113
1.27955e-07
0.00213115
7.79023e-08
0.00213118
2.54034e-08
0.00213121
-2.98138e-08
0.00213125
-8.78763e-08
0.00213129
-1.48743e-07
0.00213135
-2.12108e-07
0.00213141
-2.77449e-07
0.00213148
-3.43733e-07
0.00213156
-4.09868e-07
0.00213164
-4.73494e-07
0.00213174
-5.33381e-07
0.00213185
-5.83902e-07
0.00213196
-6.26847e-07
0.00213208
-6.45106e-07
0.0021322
-6.60092e-07
-6.04848e-07
0.00334547
-0.00135359
0.00327936
-0.00154106
0.00320138
-0.00169645
0.00311748
-0.00180791
0.00303176
-0.00187688
0.00294757
-0.0019046
0.00286685
-0.00189701
0.00279079
-0.00185956
0.00271993
-0.00179839
0.00265447
-0.0017189
0.00259437
-0.00162602
0.00253948
-0.001524
0.00248956
-0.00141644
0.00244436
-0.00130638
0.00240359
-0.00119631
0.00236696
-0.00108827
0.00233418
-0.000983829
0.00230496
-0.000884215
0.00227901
-0.000790305
0.00225605
-0.000702688
0.00223581
-0.000621706
0.00221804
-0.000547492
0.00220248
-0.000480009
0.0021889
-0.000419082
0.00217708
-0.000364436
0.00216683
-0.000315719
0.00215797
-0.000272529
0.00215031
-0.000234434
0.00214372
-0.000200992
0.00213805
-0.000171761
0.0021332
-0.000146315
0.00212904
-0.000124244
0.0021255
-0.000105167
0.00212247
-8.87312e-05
0.0021199
-7.46131e-05
0.00211772
-6.25208e-05
0.00211587
-5.2192e-05
0.00211431
-4.33933e-05
0.00211299
-3.59178e-05
0.00211189
-2.95833e-05
0.00211096
-2.42302e-05
0.00211018
-1.97191e-05
0.00210954
-1.59288e-05
0.002109
-1.2754e-05
0.00210856
-1.01037e-05
0.0021082
-7.89962e-06
0.0021079
-6.07401e-06
0.00210766
-4.56885e-06
0.00210746
-3.33434e-06
0.00210731
-2.32787e-06
0.00210719
-1.513e-06
0.00210709
-8.58673e-07
0.00210702
-3.38423e-07
0.00210697
7.02319e-08
0.00210693
3.86367e-07
0.0021069
6.26131e-07
0.00210689
8.03167e-07
0.00210688
9.28972e-07
0.00210688
1.01321e-06
0.00210688
1.064e-06
0.00210689
1.08809e-06
0.0021069
1.09114e-06
0.00210691
1.07782e-06
0.00210692
1.052e-06
0.00210694
1.01685e-06
0.00210695
9.74946e-07
0.00210697
9.28385e-07
0.00210698
8.78836e-07
0.002107
8.27615e-07
0.00210701
7.75736e-07
0.00210703
7.23956e-07
0.00210704
6.72814e-07
0.00210705
6.22662e-07
0.00210707
5.73689e-07
0.00210708
5.25941e-07
0.00210709
4.79344e-07
0.0021071
4.33711e-07
0.00210711
3.88762e-07
0.00210713
3.44136e-07
0.00210714
2.994e-07
0.00210715
2.54068e-07
0.00210717
2.07615e-07
0.00210718
1.59498e-07
0.0021072
1.0918e-07
0.00210722
5.61578e-08
0.00210725
-3.24567e-12
0.00210728
-5.96321e-08
0.00210731
-1.22896e-07
0.00210735
-1.89771e-07
0.0021074
-2.5993e-07
0.00210746
-3.32796e-07
0.00210752
-4.07206e-07
0.00210759
-4.8191e-07
0.00210767
-5.54214e-07
0.00210776
-6.22666e-07
0.00210786
-6.80851e-07
0.00210796
-7.30652e-07
0.00210807
-7.52703e-07
0.00210818
-7.7088e-07
-7.09779e-07
0.00340747
-0.00129948
0.00333846
-0.00147205
0.00325804
-0.00161603
0.00317135
-0.00172123
0.00308227
-0.00178779
0.00299402
-0.00181636
0.00290871
-0.00181169
0.00282768
-0.00177853
0.00275168
-0.00172239
0.00268107
-0.00164828
0.00261593
-0.00156089
0.0025562
-0.00146426
0.00250171
-0.00136195
0.00245223
-0.0012569
0.00240749
-0.00115158
0.00236723
-0.001048
0.00233114
-0.000947739
0.00229892
-0.000851997
0.00227027
-0.000761657
0.0022449
-0.000677314
0.00222251
-0.000599316
0.00220282
-0.000527805
0.00218557
-0.000462758
0.00217051
-0.000404016
0.00215739
-0.000351319
0.002146
-0.000304331
0.00213614
-0.000262669
0.00212763
-0.00022592
0.00212029
-0.000193657
0.00211399
-0.000165458
0.00210858
-0.000140909
0.00210396
-0.000119619
0.00210001
-0.000101218
0.00209664
-8.53666e-05
0.00209378
-7.17524e-05
0.00209136
-6.00938e-05
0.0020893
-5.01377e-05
0.00208757
-4.16586e-05
0.00208611
-3.44566e-05
0.00208488
-2.83559e-05
0.00208385
-2.32023e-05
0.00208299
-1.8861e-05
0.00208228
-1.52151e-05
0.00208169
-1.21628e-05
0.0020812
-9.61629e-06
0.0020808
-7.49982e-06
0.00208047
-5.7481e-06
0.00208021
-4.30507e-06
0.00208
-3.12266e-06
0.00207983
-2.15973e-06
0.0020797
-1.38113e-06
0.0020796
-7.56905e-07
0.00207952
-2.61525e-07
0.00207946
1.26685e-07
0.00207942
4.26107e-07
0.0020794
6.52301e-07
0.00207938
8.18405e-07
0.00207938
9.35487e-07
0.00207938
1.01285e-06
0.00207938
1.05828e-06
0.00207939
1.0783e-06
0.00207941
1.07831e-06
0.00207942
1.06281e-06
0.00207944
1.03551e-06
0.00207945
9.99435e-07
0.00207947
9.57062e-07
0.00207949
9.10386e-07
0.00207951
8.60996e-07
0.00207953
8.10141e-07
0.00207954
7.58777e-07
0.00207956
7.07612e-07
0.00207957
6.57141e-07
0.00207959
6.07677e-07
0.0020796
5.5937e-07
0.00207962
5.12233e-07
0.00207963
4.66153e-07
0.00207964
4.20908e-07
0.00207966
3.76177e-07
0.00207967
3.31554e-07
0.00207968
2.86559e-07
0.00207969
2.40651e-07
0.00207971
1.93247e-07
0.00207973
1.43744e-07
0.00207974
9.15406e-08
0.00207976
3.6068e-08
0.00207979
-2.31672e-08
0.00207981
-8.65465e-08
0.00207984
-1.54274e-07
0.00207988
-2.26345e-07
0.00207992
-3.02416e-07
0.00207997
-3.81863e-07
0.00208003
-4.6341e-07
0.00208009
-5.45668e-07
0.00208016
-6.25653e-07
0.00208024
-7.0171e-07
0.00208033
-7.66742e-07
0.00208042
-8.22688e-07
0.00208052
-8.48245e-07
0.00208061
-8.69348e-07
-8.03418e-07
0.00345419
-0.00124195
0.0033827
-0.00140056
0.00330029
-0.00153362
0.00321144
-0.00163237
0.00311972
-0.00169607
0.00302826
-0.0017249
0.00293921
-0.00172264
0.00285407
-0.00169339
0.00277373
-0.00164205
0.00269869
-0.00157324
0.00262916
-0.00149136
0.00256517
-0.00140027
0.00250661
-0.00130339
0.00245331
-0.00120359
0.00240502
-0.00110329
0.00236147
-0.00100446
0.00232238
-0.000908646
0.00228743
-0.000817051
0.00225632
-0.000730548
0.00222874
-0.000649732
0.00220438
-0.000574954
0.00218294
-0.000506367
0.00216414
-0.00044396
0.00214771
-0.000387587
0.0021334
-0.000337005
0.00212097
-0.000291899
0.0021102
-0.000251901
0.0021009
-0.000216618
0.00209288
-0.000185643
0.00208599
-0.000158569
0.00208009
-0.000135002
0.00207503
-0.000114565
0.00207072
-9.69032e-05
0.00206704
-8.16909e-05
0.00206392
-6.86284e-05
0.00206127
-5.74447e-05
0.00205903
-4.78967e-05
0.00205714
-3.97674e-05
0.00205555
-3.2865e-05
0.00205421
-2.70202e-05
0.00205309
-2.20848e-05
0.00205216
-1.79293e-05
0.00205139
-1.44412e-05
0.00205075
-1.15228e-05
0.00205022
-9.0896e-06
0.00204979
-7.06876e-06
0.00204944
-5.39758e-06
0.00204916
-4.02221e-06
0.00204893
-2.89646e-06
0.00204875
-1.98084e-06
0.00204861
-1.2416e-06
0.0020485
-6.49967e-07
0.00204842
-1.81474e-07
0.00204837
1.84678e-07
0.00204833
4.66113e-07
0.0020483
6.77743e-07
0.00204829
8.32154e-07
0.00204828
9.39942e-07
0.00204828
1.01001e-06
0.00204829
1.04981e-06
0.00204831
1.06556e-06
0.00204832
1.06244e-06
0.00204834
1.04473e-06
0.00204836
1.01596e-06
0.00204838
9.79021e-07
0.0020484
9.36267e-07
0.00204842
8.89587e-07
0.00204844
8.40487e-07
0.00204846
7.90141e-07
0.00204848
7.39445e-07
0.0020485
6.89054e-07
0.00204852
6.3942e-07
0.00204853
5.90814e-07
0.00204855
5.43353e-07
0.00204857
4.97014e-07
0.00204858
4.51652e-07
0.00204859
4.0701e-07
0.00204861
3.62731e-07
0.00204862
3.18371e-07
0.00204863
2.73405e-07
0.00204865
2.27249e-07
0.00204866
1.79269e-07
0.00204868
1.28805e-07
0.00204869
7.52018e-08
0.00204871
1.78342e-08
0.00204873
-4.38452e-08
0.00204876
-1.10265e-07
0.00204878
-1.81664e-07
0.00204881
-2.58054e-07
0.00204885
-3.39084e-07
0.00204889
-4.24091e-07
0.00204894
-5.11705e-07
0.002049
-6.00418e-07
0.00204906
-6.87004e-07
0.00204913
-7.69628e-07
0.0020492
-8.40621e-07
0.00204928
-9.01941e-07
0.00204936
-9.30695e-07
0.00204945
-9.54435e-07
-8.84786e-07
0.00348583
-0.0011815
0.00341228
-0.001327
0.00332832
-0.00144966
0.00323783
-0.00154189
0.00314413
-0.00160237
0.0030502
-0.00163097
0.0029582
-0.00163065
0.00286973
-0.00160492
0.0027858
-0.00155812
0.00270703
-0.00149448
0.00263376
-0.00141809
0.0025661
-0.0013326
0.002504
-0.00124129
0.00244733
-0.00114693
0.00239589
-0.00105186
0.00234943
-0.000957997
0.00230766
-0.000866875
0.00227027
-0.000779665
0.00223696
-0.000697232
0.00220739
-0.000620164
0.00218125
-0.000548817
0.00215824
-0.000483351
0.00213804
-0.000423765
0.00212038
-0.000369928
0.00210499
-0.000321614
0.00209162
-0.000278525
0.00208003
-0.000240314
0.00207002
-0.000206607
0.00206139
-0.000177016
0.00205398
-0.000151154
0.00204762
-0.000128644
0.00204218
-0.000109125
0.00203754
-9.22607e-05
0.00203359
-7.77377e-05
0.00203023
-6.527e-05
0.00202738
-5.45984e-05
0.00202498
-4.54903e-05
0.00202295
-3.77383e-05
0.00202124
-3.11587e-05
0.00201981
-2.55897e-05
0.00201861
-2.08894e-05
0.00201762
-1.69341e-05
0.00201679
-1.36158e-05
0.00201611
-1.08414e-05
0.00201555
-8.52988e-06
0.0020151
-6.61173e-06
0.00201472
-5.02695e-06
0.00201443
-3.72408e-06
0.00201419
-2.65897e-06
0.002014
-1.79391e-06
0.00201386
-1.09667e-06
0.00201375
-5.39771e-07
0.00201367
-9.98661e-08
0.00201361
2.42883e-07
0.00201357
5.05285e-07
0.00201354
7.0155e-07
0.00201353
8.43669e-07
0.00201353
9.41731e-07
0.00201354
1.00421e-06
0.00201355
1.03818e-06
0.00201356
1.04957e-06
0.00201358
1.04328e-06
0.0020136
1.02338e-06
0.00201363
9.93206e-07
0.00201365
9.55503e-07
0.00201367
9.12488e-07
0.0020137
8.65943e-07
0.00201372
8.17281e-07
0.00201374
7.67603e-07
0.00201377
7.17739e-07
0.00201379
6.68293e-07
0.00201381
6.19669e-07
0.00201383
5.72101e-07
0.00201384
5.25671e-07
0.00201386
4.80323e-07
0.00201388
4.35883e-07
0.00201389
3.92063e-07
0.0020139
3.48476e-07
0.00201392
3.04644e-07
0.00201393
2.60007e-07
0.00201395
2.13941e-07
0.00201396
1.6577e-07
0.00201397
1.14789e-07
0.00201399
6.02944e-08
0.002014
1.61272e-09
0.00201402
-6.18494e-08
0.00201404
-1.30562e-07
0.00201407
-2.04796e-07
0.00201409
-2.84581e-07
0.00201412
-3.69561e-07
0.00201416
-4.59046e-07
0.0020142
-5.51591e-07
0.00201424
-6.45596e-07
0.00201429
-7.37634e-07
0.00201435
-8.25722e-07
0.00201441
-9.01735e-07
0.00201448
-9.67611e-07
0.00201454
-9.99231e-07
0.00201462
-1.0253e-06
-9.53103e-07
0.00350257
-0.00111858
0.00342736
-0.00125179
0.00334224
-0.00136454
0.0032506
-0.00145025
0.00315551
-0.00150728
0.00305977
-0.00153523
0.00296555
-0.00153642
0.00287447
-0.00151384
0.00278767
-0.00147132
0.00270586
-0.00141268
0.00262948
-0.0013417
0.00255872
-0.00126184
0.0024936
-0.00117617
0.00243405
-0.00108737
0.00237989
-0.000997697
0.00233089
-0.000908998
0.00228678
-0.000822763
0.00224725
-0.000740139
0.00221199
-0.000661973
0.00218068
-0.000588847
0.00215297
-0.000521115
0.00212856
-0.000458941
0.00210713
-0.000402336
0.00208839
-0.000351182
0.00207204
-0.00030527
0.00205784
-0.00026432
0.00204553
-0.000228005
0.00203489
-0.000195971
0.00202573
-0.000167851
0.00201785
-0.000143276
0.0020111
-0.00012189
0.00200532
-0.000103349
0.00200039
-8.73323e-05
0.0019962
-7.35429e-05
0.00199263
-6.17082e-05
0.00198962
-5.15816e-05
0.00198707
-4.29417e-05
0.00198492
-3.55911e-05
0.00198312
-2.9355e-05
0.00198161
-2.40792e-05
0.00198035
-1.96287e-05
0.0019793
-1.58859e-05
0.00197843
-1.2748e-05
0.00197772
-1.01262e-05
0.00197713
-7.94375e-06
0.00197665
-6.13433e-06
0.00197627
-4.64095e-06
0.00197596
-3.41467e-06
0.00197571
-2.41357e-06
0.00197552
-1.60179e-06
0.00197537
-9.48718e-07
0.00197526
-4.28296e-07
0.00197518
-1.83485e-08
0.00197512
2.99938e-07
0.00197508
5.42499e-07
0.00197506
7.22802e-07
0.00197505
8.52202e-07
0.00197506
9.40249e-07
0.00197506
9.94955e-07
0.00197508
1.02302e-06
0.0019751
1.03002e-06
0.00197512
1.0206e-06
0.00197515
9.98591e-07
0.00197517
9.67132e-07
0.0019752
9.28798e-07
0.00197523
8.85673e-07
0.00197525
8.39425e-07
0.00197528
7.91373e-07
0.0019753
7.42536e-07
0.00197533
6.93682e-07
0.00197535
6.45358e-07
0.00197537
5.97926e-07
0.00197539
5.5158e-07
0.00197541
5.06368e-07
0.00197543
4.62207e-07
0.00197545
4.18894e-07
0.00197546
3.76118e-07
0.00197548
3.33465e-07
0.00197549
2.90429e-07
0.00197551
2.46424e-07
0.00197552
2.00792e-07
0.00197553
1.52825e-07
0.00197555
1.01781e-07
0.00197556
4.69167e-08
0.00197557
-1.24799e-08
0.00197559
-7.70414e-08
0.0019756
-1.47273e-07
0.00197562
-2.23474e-07
0.00197564
-3.05693e-07
0.00197567
-3.93574e-07
0.0019757
-4.8641e-07
0.00197573
-5.82704e-07
0.00197576
-6.80783e-07
0.0019758
-7.77077e-07
0.00197585
-8.69477e-07
0.00197589
-9.49527e-07
0.00197594
-1.0191e-06
0.001976
-1.05325e-06
0.00197605
-1.08132e-06
-1.00779e-06
0.00350454
-0.00105365
0.00342807
-0.00117532
0.00334218
-0.00127865
0.00324985
-0.00135792
0.00315389
-0.00141132
0.00305696
-0.0014383
0.00296116
-0.00144063
0.00286817
-0.00142085
0.00277917
-0.00138231
0.00269497
-0.00132848
0.00261609
-0.00126282
0.0025428
-0.00118855
0.00247519
-0.00110857
0.00241323
-0.00102541
0.00235678
-0.000941246
0.00230563
-0.000857849
0.00225953
-0.000776658
0.00221817
-0.000698784
0.00218125
-0.000625051
0.00214843
-0.000556027
0.00211938
-0.000492065
0.00209377
-0.000433331
0.00207128
-0.000379844
0.0020516
-0.0003315
0.00203443
-0.000288105
0.00201951
-0.000249399
0.00200658
-0.000215075
0.00199541
-0.000184799
0.00198578
-0.000158224
0.00197751
-0.000135003
0.00197042
-0.000114799
0.00196436
-9.72863e-05
0.00195919
-8.21621e-05
0.00195479
-6.91445e-05
0.00195106
-5.79758e-05
0.0019479
-4.84227e-05
0.00194523
-4.02753e-05
0.00194299
-3.33468e-05
0.0019411
-2.74716e-05
0.00193953
-2.25038e-05
0.00193821
-1.83158e-05
0.00193712
-1.4796e-05
0.00193622
-1.18472e-05
0.00193548
-9.38546e-06
0.00193488
-7.33808e-06
0.00193439
-5.64239e-06
0.00193399
-4.2445e-06
0.00193367
-3.09815e-06
0.00193342
-2.16373e-06
0.00193323
-1.40737e-06
0.00193308
-8.00184e-07
0.00193297
-3.17562e-07
0.00193289
6.14082e-08
0.00193283
3.54467e-07
0.0019328
5.76631e-07
0.00193278
7.40584e-07
0.00193278
8.57016e-07
0.00193278
9.34909e-07
0.0019328
9.81794e-07
0.00193282
1.00396e-06
0.00193284
1.00665e-06
0.00193287
9.94214e-07
0.00193289
9.70226e-07
0.00193292
9.37637e-07
0.00193295
8.98845e-07
0.00193298
8.55792e-07
0.00193301
8.10027e-07
0.00193304
7.62772e-07
0.00193307
7.14965e-07
0.00193309
6.67308e-07
0.00193312
6.20294e-07
0.00193314
5.74239e-07
0.00193317
5.29301e-07
0.00193319
4.85497e-07
0.00193321
4.42718e-07
0.00193322
4.00739e-07
0.00193324
3.59227e-07
0.00193326
3.17748e-07
0.00193327
2.75777e-07
0.00193329
2.32705e-07
0.0019333
1.87853e-07
0.00193331
1.40486e-07
0.00193332
8.98352e-08
0.00193333
3.5129e-08
0.00193335
-2.4376e-08
0.00193336
-8.93428e-08
0.00193337
-1.60306e-07
0.00193339
-2.3759e-07
0.0019334
-3.2126e-07
0.00193342
-4.10969e-07
0.00193344
-5.06e-07
0.00193346
-6.0483e-07
0.00193349
-7.05735e-07
0.00193351
-8.05054e-07
0.00193354
-9.00582e-07
0.00193358
-9.83659e-07
0.00193362
-1.05606e-06
0.00193365
-1.09237e-06
0.0019337
-1.12213e-06
-1.04851e-06
0.00349185
-0.000987176
0.00341452
-0.00109798
0.00332822
-0.00119235
0.00323562
-0.00126532
0.00313929
-0.00131499
0.00304172
-0.00134073
0.00294497
-0.00134387
0.0028507
-0.00132657
0.00276014
-0.00129176
0.00267418
-0.00124253
0.00259341
-0.00118205
0.00251815
-0.00111329
0.00244858
-0.00103899
0.00238468
-0.000961522
0.00232638
-0.00088294
0.00227348
-0.000804948
0.00222574
-0.000728918
0.00218287
-0.000655921
0.00214457
-0.000586751
0.00211051
-0.000521961
0.00208034
-0.000461895
0.00205373
-0.000406723
0.00203035
-0.000356467
0.00200989
-0.000311039
0.00199205
-0.000270259
0.00197653
-0.000233885
0.00196309
-0.000201631
0.00195147
-0.000173183
0.00194147
-0.000148217
0.00193287
-0.000126406
0.0019255
-0.000107433
0.00191921
-9.09912e-05
0.00191384
-7.67962e-05
0.00190928
-6.45825e-05
0.00190541
-5.41074e-05
0.00190214
-4.51512e-05
0.00189938
-3.75164e-05
0.00189706
-3.10271e-05
0.00189512
-2.55273e-05
0.00189349
-2.08798e-05
0.00189214
-1.69644e-05
0.00189102
-1.3676e-05
0.0018901
-1.09234e-05
0.00188934
-8.6275e-06
0.00188872
-6.71997e-06
0.00188822
-5.14189e-06
0.00188782
-3.84263e-06
0.0018875
-2.77872e-06
0.00188725
-1.91298e-06
0.00188706
-1.21361e-06
0.00188691
-6.53506e-07
0.0018868
-2.09588e-07
0.00188673
1.37746e-07
0.00188667
4.05115e-07
0.00188664
6.06582e-07
0.00188663
7.54014e-07
0.00188663
8.57408e-07
0.00188664
9.25158e-07
0.00188666
9.64295e-07
0.00188668
9.80688e-07
0.00188671
9.7922e-07
0.00188674
9.63936e-07
0.00188677
9.3817e-07
0.0018868
9.04655e-07
0.00188684
8.65615e-07
0.00188687
8.22844e-07
0.0018869
7.77772e-07
0.00188693
7.31519e-07
0.00188696
6.84943e-07
0.00188699
6.38679e-07
0.00188702
5.93167e-07
0.00188705
5.48677e-07
0.00188707
5.05334e-07
0.00188709
4.63126e-07
0.00188711
4.21923e-07
0.00188713
3.8148e-07
0.00188715
3.41448e-07
0.00188717
3.01379e-07
0.00188718
2.60735e-07
0.00188719
2.18893e-07
0.00188721
1.7516e-07
0.00188722
1.28785e-07
0.00188723
7.89818e-08
0.00188724
2.49582e-08
0.00188725
-3.40498e-08
0.00188726
-9.87279e-08
0.00188727
-1.69633e-07
0.00188728
-2.47111e-07
0.00188729
-3.31245e-07
0.0018873
-4.21698e-07
0.00188731
-5.17761e-07
0.00188732
-6.179e-07
0.00188734
-7.20369e-07
0.00188735
-8.21468e-07
0.00188737
-9.18925e-07
0.00188739
-1.004e-06
0.00188742
-1.07834e-06
0.00188744
-1.11645e-06
0.00188746
-1.14756e-06
-1.07509e-06
0.00346459
-0.000919585
0.00338677
-0.00102016
0.00330045
-0.00110603
0.00320798
-0.00117285
0.00311175
-0.00121876
0.00301407
-0.00124305
0.00291693
-0.00124673
0.00282197
-0.00123162
0.00273047
-0.00120025
0.00264335
-0.00115541
0.00256126
-0.00109996
0.0024846
-0.00103663
0.00241357
-0.00096796
0.00234823
-0.00089618
0.00228851
-0.00082322
0.00223425
-0.000750693
0.00218524
-0.000679905
0.0021412
-0.000611876
0.00210181
-0.000547367
0.00206676
-0.000486911
0.00203571
-0.000430841
0.00200831
-0.000379325
0.00198424
-0.000332392
0.00196316
-0.000289963
0.00194478
-0.000251876
0.0019288
-0.000217905
0.00191495
-0.000187784
0.00190299
-0.000161222
0.00189269
-0.000137916
0.00188384
-0.000117559
0.00187626
-9.98553e-05
0.00186979
-8.45191e-05
0.00186428
-7.12828e-05
0.00185959
-5.98984e-05
0.00185562
-5.01387e-05
0.00185227
-4.1798e-05
0.00184945
-3.46916e-05
0.00184707
-2.86547e-05
0.00184509
-2.35414e-05
0.00184343
-1.92235e-05
0.00184205
-1.55884e-05
0.00184092
-1.25379e-05
0.00183998
-9.98667e-06
0.00183921
-7.86087e-06
0.00183859
-6.09662e-06
0.00183809
-4.63889e-06
0.00183768
-3.44042e-06
0.00183737
-2.46064e-06
0.00183712
-1.66486e-06
0.00183693
-1.02344e-06
0.00183679
-5.11101e-07
0.00183668
-1.06356e-07
0.00183661
2.09048e-07
0.00183657
4.50577e-07
0.00183654
6.31304e-07
0.00183653
7.6226e-07
0.00183654
8.52728e-07
0.00183655
9.10495e-07
0.00183657
9.4208e-07
0.0018366
9.52919e-07
0.00183663
9.47529e-07
0.00183667
9.29648e-07
0.0018367
9.02352e-07
0.00183674
8.68159e-07
0.00183678
8.29114e-07
0.00183681
7.86862e-07
0.00183685
7.42711e-07
0.00183688
6.9768e-07
0.00183691
6.52547e-07
0.00183695
6.07878e-07
0.00183697
5.64061e-07
0.001837
5.21326e-07
0.00183703
4.79764e-07
0.00183705
4.39338e-07
0.00183707
3.99899e-07
0.00183709
3.61187e-07
0.00183711
3.22844e-07
0.00183713
2.84413e-07
0.00183714
2.45349e-07
0.00183716
2.05024e-07
0.00183717
1.62739e-07
0.00183718
1.17736e-07
0.00183719
6.92219e-08
0.0018372
1.63935e-08
0.00183721
-4.15245e-08
0.00183721
-1.05232e-07
0.00183722
-1.75301e-07
0.00183722
-2.52095e-07
0.00183723
-3.35714e-07
0.00183723
-4.2584e-07
0.00183724
-5.21776e-07
0.00183724
-6.22003e-07
0.00183725
-7.24779e-07
0.00183725
-8.26414e-07
0.00183726
-9.24604e-07
0.00183726
-1.01066e-06
0.00183727
-1.08605e-06
0.00183728
-1.1256e-06
0.00183729
-1.15774e-06
-1.08765e-06
0.00342282
-0.000851313
0.00334491
-0.000942254
0.00325892
-0.00102005
0.00316699
-0.00108092
0.00307128
-0.00112306
0.00297398
-0.00114575
0.00287699
-0.00114974
0.00278192
-0.00113655
0.00269006
-0.00110839
0.00260236
-0.00106771
0.00251953
-0.00101712
0.00244199
-0.000959101
0.00237002
-0.000895989
0.00230371
-0.000829863
0.00224301
-0.000762525
0.00218781
-0.00069549
0.00213789
-0.000629988
0.002093
-0.000566984
0.00205283
-0.000507201
0.00201707
-0.000451148
0.00198537
-0.000399144
0.0019574
-0.000351353
0.00193282
-0.000307808
0.0019113
-0.000268442
0.00189252
-0.000233104
0.00187621
-0.000201588
0.00186207
-0.000173649
0.00184987
-0.000149016
0.00183936
-0.000127406
0.00183033
-0.000108538
0.00182261
-9.21329e-05
0.00181602
-7.79271e-05
0.00181041
-6.56713e-05
0.00180565
-5.51348e-05
0.00180161
-4.61063e-05
0.00179821
-3.83946e-05
0.00179535
-3.18277e-05
0.00179294
-2.62526e-05
0.00179094
-2.15337e-05
0.00178926
-1.75517e-05
0.00178788
-1.42021e-05
0.00178673
-1.13936e-05
0.00178579
-9.0472e-06
0.00178503
-7.09414e-06
0.00178441
-5.47523e-06
0.00178391
-4.13943e-06
0.00178351
-3.04291e-06
0.0017832
-2.14809e-06
0.00178295
-1.42284e-06
0.00178277
-8.397e-07
0.00178263
-3.75302e-07
0.00178254
-9.76386e-09
0.00178247
2.73784e-07
0.00178243
4.89625e-07
0.00178242
6.49828e-07
0.00178241
7.64567e-07
0.00178242
8.42397e-07
0.00178244
8.90488e-07
0.00178247
9.14839e-07
0.0017825
9.20443e-07
0.00178254
9.11448e-07
0.00178258
8.9128e-07
0.00178262
8.62754e-07
0.00178266
8.28171e-07
0.0017827
7.89395e-07
0.00178274
7.47922e-07
0.00178277
7.04937e-07
0.00178281
6.6136e-07
0.00178285
6.17886e-07
0.00178288
5.75018e-07
0.00178291
5.33093e-07
0.00178294
4.92299e-07
0.00178296
4.52699e-07
0.00178299
4.14233e-07
0.00178301
3.76738e-07
0.00178303
3.39944e-07
0.00178305
3.03487e-07
0.00178307
2.66908e-07
0.00178309
2.29664e-07
0.0017831
1.91128e-07
0.00178311
1.50604e-07
0.00178312
1.07336e-07
0.00178313
6.05334e-08
0.00178314
9.39265e-09
0.00178314
-4.6864e-08
0.00178315
-1.08941e-07
0.00178315
-1.77421e-07
0.00178315
-2.52678e-07
0.00178315
-3.3483e-07
0.00178315
-4.2358e-07
0.00178314
-5.18257e-07
0.00178314
-6.17377e-07
0.00178313
-7.19223e-07
0.00178313
-8.20174e-07
0.00178312
-9.17918e-07
0.00178311
-1.00395e-06
0.00178311
-1.07951e-06
0.0017831
-1.12014e-06
0.0017831
-1.15299e-06
-1.08646e-06
0.00336657
-0.000782784
0.00328896
-0.00086464
0.00320369
-0.000934777
0.00311267
-0.000989898
0.00301792
-0.00102831
0.00292148
-0.0010493
0.00282515
-0.00105341
0.00273051
-0.00104191
0.00263884
-0.00101672
0.00255113
-0.000980001
0.00246809
-0.000934083
0.00239022
-0.000881233
0.00231781
-0.000823582
0.002251
-0.000763046
0.00218977
-0.000701296
0.00213402
-0.000639743
0.00208357
-0.000579536
0.00203817
-0.000521581
0.00199752
-0.000466558
0.00196132
-0.000414946
0.00192923
-0.000367049
0.0019009
-0.000323025
0.001876
-0.000282911
0.00185421
-0.000246646
0.0018352
-0.000214096
0.00181868
-0.00018507
0.00180438
-0.000159344
0.00179203
-0.000136667
0.0017814
-0.000116779
0.00177228
-9.94197e-05
0.00176448
-8.43328e-05
0.00175783
-7.12736e-05
0.00175217
-6.00121e-05
0.00174737
-5.03351e-05
0.00174331
-4.20475e-05
0.00173989
-3.49727e-05
0.00173701
-2.8952e-05
0.0017346
-2.38441e-05
0.00173259
-1.95238e-05
0.00173092
-1.58811e-05
0.00172954
-1.28197e-05
0.0017284
-1.02553e-05
0.00172747
-8.11509e-06
0.00172671
-6.33581e-06
0.0017261
-4.86291e-06
0.00172561
-3.64942e-06
0.00172522
-2.65501e-06
0.00172492
-1.84513e-06
0.00172469
-1.19024e-06
0.00172451
-6.65126e-07
0.00172438
-2.48323e-07
0.0017243
7.84074e-08
0.00172424
3.30534e-07
0.00172421
5.21145e-07
0.0017242
6.61291e-07
0.0017242
7.60281e-07
0.00172422
8.25933e-07
0.00172424
8.64797e-07
0.00172428
8.82344e-07
0.00172431
8.83126e-07
0.00172435
8.70917e-07
0.0017244
8.48829e-07
0.00172444
8.19418e-07
0.00172448
7.84768e-07
0.00172453
7.46561e-07
0.00172457
7.06145e-07
0.00172461
6.64585e-07
0.00172465
6.22699e-07
0.00172468
5.81106e-07
0.00172472
5.40244e-07
0.00172475
5.00402e-07
0.00172478
4.61731e-07
0.00172481
4.24266e-07
0.00172484
3.87931e-07
0.00172486
3.52548e-07
0.00172488
3.17845e-07
0.0017249
2.83457e-07
0.00172492
2.48931e-07
0.00172494
2.13728e-07
0.00172495
1.77233e-07
0.00172496
1.38759e-07
0.00172497
9.75652e-08
0.00172498
5.28692e-08
0.00172498
3.87866e-09
0.00172499
-5.01773e-08
0.00172499
-1.1e-07
0.00172499
-1.76173e-07
0.00172498
-2.49079e-07
0.00172498
-3.28853e-07
0.00172497
-4.15223e-07
0.00172496
-5.07551e-07
0.00172495
-6.0441e-07
0.00172493
-7.04134e-07
0.00172491
-8.03216e-07
0.0017249
-8.99372e-07
0.00172488
-9.84389e-07
0.00172486
-1.05929e-06
0.00172484
-1.10063e-06
0.00172482
-1.13388e-06
-1.07205e-06
0.00329588
-0.00071442
0.00321895
-0.00078771
0.00313476
-0.000850589
0.00304505
-0.000900187
0.00295169
-0.000934944
0.00285655
-0.000954161
0.00276138
-0.000958238
0.00266769
-0.000948231
0.00257676
-0.000925783
0.00248957
-0.000892812
0.00240687
-0.000851386
0.00232919
-0.000803549
0.00225684
-0.000751235
0.00218999
-0.000696197
0.00212867
-0.000639972
0.00207278
-0.000583859
0.00202217
-0.000528924
0.0019766
-0.000476008
0.00193579
-0.000425745
0.00189942
-0.000378582
0.00186718
-0.000334806
0.00183872
-0.000294566
0.00181371
-0.000257899
0.00179181
-0.000224753
0.00177273
-0.000195007
0.00175614
-0.000168487
0.00174179
-0.000144987
0.0017294
-0.000124279
0.00171874
-0.000106125
0.00170961
-9.02844e-05
0.0017018
-7.65235e-05
0.00169514
-6.46177e-05
0.00168949
-5.43559e-05
0.00168469
-4.55429e-05
0.00168065
-3.79998e-05
0.00167724
-3.15646e-05
0.00167438
-2.60919e-05
0.00167199
-2.14524e-05
0.00166999
-1.75316e-05
0.00166834
-1.42286e-05
0.00166698
-1.14552e-05
0.00166586
-9.13473e-06
0.00166494
-7.20029e-06
0.0016642
-5.59417e-06
0.0016636
-4.26656e-06
0.00166313
-3.17458e-06
0.00166276
-2.28144e-06
0.00166247
-1.55563e-06
0.00166225
-9.70223e-07
0.00166208
-5.0226e-07
0.00166197
-1.32201e-07
0.00166189
1.56544e-07
0.00166184
3.78038e-07
0.00166182
5.44169e-07
0.00166181
6.64967e-07
0.00166183
7.48872e-07
0.00166185
8.02969e-07
0.00166188
8.33185e-07
0.00166192
8.44466e-07
0.00166196
8.40922e-07
0.00166201
8.25956e-07
0.00166205
8.02369e-07
0.0016621
7.72458e-07
0.00166215
7.38091e-07
0.00166219
7.00774e-07
0.00166224
6.61707e-07
0.00166228
6.21836e-07
0.00166232
5.81884e-07
0.00166236
5.42392e-07
0.0016624
5.03738e-07
0.00166243
4.66163e-07
0.00166246
4.29788e-07
0.00166249
3.94621e-07
0.00166252
3.60572e-07
0.00166254
3.27457e-07
0.00166257
2.95003e-07
0.00166259
2.62849e-07
0.00166261
2.30552e-07
0.00166262
1.9759e-07
0.00166264
1.63362e-07
0.00166265
1.27203e-07
0.00166266
8.83904e-08
0.00166266
4.61632e-08
0.00166267
-2.51758e-10
0.00166267
-5.16089e-08
0.00166267
-1.08598e-07
0.00166266
-1.71797e-07
0.00166265
-2.41593e-07
0.00166264
-3.18133e-07
0.00166263
-4.01177e-07
0.00166261
-4.90128e-07
0.00166259
-5.83635e-07
0.00166257
-6.80102e-07
0.00166254
-7.76188e-07
0.00166251
-8.69662e-07
0.00166248
-9.52725e-07
0.00166245
-1.02614e-06
0.00166241
-1.06785e-06
0.00166238
-1.10121e-06
-1.04512e-06
0.00321077
-0.000646639
0.00313491
-0.000711854
0.00305218
-0.000767862
0.00296417
-0.000812173
0.00287259
-0.000843365
0.00277921
-0.000860782
0.00268568
-0.000864702
0.00259345
-0.000856007
0.00250378
-0.000836106
0.00241764
-0.000806679
0.00233581
-0.000769554
0.00225882
-0.00072656
0.00218703
-0.000679441
0.00212061
-0.000629784
0.00205963
-0.000578989
0.00200402
-0.000528243
0.00195362
-0.000478525
0.00190822
-0.000430608
0.00186754
-0.000385074
0.0018313
-0.000342338
0.00179916
-0.000302667
0.0017708
-0.000266199
0.00174587
-0.000232972
0.00172405
-0.000202939
0.00170504
-0.000175993
0.00168853
-0.000151975
0.00167424
-0.0001307
0.00166192
-0.000111958
0.00165133
-9.55347e-05
0.00164226
-8.12109e-05
0.00163451
-6.87736e-05
0.00162791
-5.80185e-05
0.00162231
-4.87538e-05
0.00161756
-4.0802e-05
0.00161357
-3.40004e-05
0.0016102
-2.82019e-05
0.00160739
-2.32745e-05
0.00160503
-1.91006e-05
0.00160308
-1.55764e-05
0.00160146
-1.26103e-05
0.00160013
-1.01226e-05
0.00159904
-8.0434e-06
0.00159815
-6.31237e-06
0.00159743
-4.87718e-06
0.00159686
-3.69276e-06
0.0015964
-2.72033e-06
0.00159605
-1.92662e-06
0.00159578
-1.28317e-06
0.00159557
-7.65672e-07
0.00159542
-3.53404e-07
0.00159532
-2.87501e-08
0.00159525
2.23241e-07
0.00159522
4.15227e-07
0.0015952
5.57906e-07
0.00159521
6.60292e-07
0.00159522
7.29964e-07
0.00159525
7.73277e-07
0.00159529
7.95545e-07
0.00159534
8.01192e-07
0.00159538
7.93892e-07
0.00159543
7.76682e-07
0.00159548
7.52059e-07
0.00159553
7.22063e-07
0.00159558
6.88352e-07
0.00159563
6.52258e-07
0.00159568
6.1484e-07
0.00159572
5.76925e-07
0.00159577
5.39146e-07
0.00159581
5.01969e-07
0.00159584
4.65716e-07
0.00159588
4.30585e-07
0.00159591
3.96664e-07
0.00159594
3.63944e-07
0.00159597
3.32322e-07
0.001596
3.01612e-07
0.00159602
2.71543e-07
0.00159604
2.41767e-07
0.00159606
2.11856e-07
0.00159608
1.81306e-07
0.00159609
1.49544e-07
0.0015961
1.15929e-07
0.00159611
7.97681e-08
0.00159612
4.03301e-08
0.00159612
-3.13005e-09
0.00159612
-5.13417e-08
0.00159612
-1.04975e-07
0.00159611
-1.64594e-07
0.0015961
-2.30586e-07
0.00159608
-3.0311e-07
0.00159606
-3.81957e-07
0.00159604
-4.66582e-07
0.00159601
-5.55723e-07
0.00159598
-6.47877e-07
0.00159594
-7.39909e-07
0.0015959
-8.29677e-07
0.00159586
-9.09893e-07
0.00159581
-9.81058e-07
0.00159577
-1.02278e-06
0.00159572
-1.05599e-06
-1.00657e-06
0.00311121
-0.000579859
0.00303683
-0.000637468
0.00295595
-0.000686982
0.00287002
-0.000726249
0.00278065
-0.000753992
0.00268947
-0.000769604
0.00259805
-0.000773276
0.00250778
-0.000765741
0.00241987
-0.000748202
0.00233531
-0.000722119
0.00225486
-0.000689103
0.00217908
-0.000650773
0.00210832
-0.000608686
0.00204281
-0.000564269
0.0019826
-0.000518783
0.00192766
-0.000473302
0.00187785
-0.000428714
0.00183296
-0.000385721
0.00179274
-0.000344856
0.0017569
-0.000306496
0.00172512
-0.000270885
0.00169707
-0.000238151
0.00167243
-0.000208331
0.00165088
-0.000181384
0.00163209
-0.000157211
0.00161579
-0.000135674
0.0016017
-0.000116602
0.00158955
-9.98096e-05
0.00157911
-8.51006e-05
0.00157018
-7.22786e-05
0.00156256
-6.11513e-05
0.00155607
-5.15348e-05
0.00155058
-4.32562e-05
0.00154593
-3.61554e-05
0.00154202
-3.00861e-05
0.00153873
-2.49159e-05
0.00153598
-2.05261e-05
0.00153369
-1.68109e-05
0.00153179
-1.3677e-05
0.00153022
-1.10422e-05
0.00152894
-8.83483e-06
0.00152789
-6.99231e-06
0.00152703
-5.46044e-06
0.00152635
-4.19236e-06
0.0015258
-3.14767e-06
0.00152537
-2.29167e-06
0.00152504
-1.5946e-06
0.00152479
-1.031e-06
0.0015246
-5.79155e-07
0.00152447
-2.20564e-07
0.00152438
6.04922e-08
0.00152433
2.77342e-07
0.0015243
4.41263e-07
0.0015243
5.61774e-07
0.00152431
6.46893e-07
0.00152434
7.03351e-07
0.00152437
7.36787e-07
0.00152442
7.5191e-07
0.00152447
7.52637e-07
0.00152452
7.42214e-07
0.00152457
7.23321e-07
0.00152463
6.98156e-07
0.00152468
6.68512e-07
0.00152473
6.35843e-07
0.00152478
6.01311e-07
0.00152483
5.6584e-07
0.00152488
5.30145e-07
0.00152492
4.9477e-07
0.00152496
4.60112e-07
0.001525
4.2644e-07
0.00152504
3.93912e-07
0.00152507
3.6259e-07
0.00152511
3.32446e-07
0.00152514
3.03372e-07
0.00152516
2.75182e-07
0.00152519
2.47614e-07
0.00152521
2.20334e-07
0.00152523
1.92935e-07
0.00152524
1.64941e-07
0.00152526
1.35807e-07
0.00152527
1.04929e-07
0.00152528
7.16486e-08
0.00152528
3.5273e-08
0.00152528
-4.90647e-09
0.00152528
-4.95853e-08
0.00152527
-9.94055e-08
0.00152526
-1.54913e-07
0.00152525
-2.16487e-07
0.00152523
-2.84297e-07
0.00152521
-3.5817e-07
0.00152518
-4.37612e-07
0.00152514
-5.21471e-07
0.00152511
-6.0835e-07
0.00152506
-6.95362e-07
0.00152501
-7.80476e-07
0.00152496
-8.57014e-07
0.0015249
-9.25207e-07
0.00152485
-9.66611e-07
0.00152479
-9.99388e-07
-9.57476e-07
0.00299721
-0.0005145
0.0029247
-0.000564954
0.00284606
-0.000608342
0.00276262
-0.000642815
0.00267587
-0.000667242
0.00258734
-0.000681071
0.00249849
-0.000684429
0.00241067
-0.000677922
0.00232505
-0.000662574
0.00224257
-0.000639646
0.00216401
-0.000610542
0.00208993
-0.000576686
0.00202069
-0.000539453
0.00195654
-0.000500112
0.00189754
-0.000459787
0.00184368
-0.000419439
0.00179483
-0.000379864
0.0017508
-0.000341693
0.00171135
-0.000305404
0.00167619
-0.000271338
0.00164502
-0.000239714
0.00161752
-0.00021065
0.00159336
-0.000184178
0.00157224
-0.000160264
0.00155385
-0.00013882
0.0015379
-0.00011972
0.00152411
-0.000102815
0.00151224
-8.79377e-05
0.00150205
-7.4913e-05
0.00149334
-6.35657e-05
0.00148591
-5.37243e-05
0.0014796
-4.52246e-05
0.00147426
-3.79124e-05
0.00146975
-3.16453e-05
0.00146596
-2.62928e-05
0.00146278
-2.1737e-05
0.00146012
-1.78724e-05
0.00145792
-1.46049e-05
0.00145609
-1.18515e-05
0.00145459
-9.53925e-06
0.00145336
-7.6045e-06
0.00145236
-5.99177e-06
0.00145155
-4.65298e-06
0.0014509
-3.54661e-06
0.00145039
-2.6369e-06
0.00145
-1.89312e-06
0.00144969
-1.28896e-06
0.00144946
-8.01933e-07
0.00144929
-4.1285e-07
0.00144918
-1.05389e-07
0.00144911
1.3431e-07
0.00144906
3.17988e-07
0.00144905
4.55573e-07
0.00144906
5.55436e-07
0.00144908
6.24618e-07
0.00144911
6.69028e-07
0.00144916
6.93608e-07
0.00144921
7.02479e-07
0.00144926
6.99064e-07
0.00144932
6.86198e-07
0.00144937
6.66213e-07
0.00144943
6.4102e-07
0.00144949
6.12177e-07
0.00144954
5.80937e-07
0.00144959
5.48305e-07
0.00144964
5.15071e-07
0.00144969
4.81847e-07
0.00144974
4.49094e-07
0.00144978
4.17143e-07
0.00144982
3.86213e-07
0.00144986
3.56428e-07
0.00144989
3.27826e-07
0.00144993
3.00367e-07
0.00144996
2.73939e-07
0.00144998
2.4836e-07
0.00145001
2.23381e-07
0.00145003
1.98687e-07
0.00145005
1.73898e-07
0.00145006
1.48568e-07
0.00145008
1.22189e-07
0.00145009
9.41962e-08
0.0014501
6.39773e-08
0.0014501
3.08833e-08
0.0014501
-5.75004e-09
0.0014501
-4.65767e-08
0.00145009
-9.22035e-08
0.00145008
-1.4315e-07
0.00145006
-1.99785e-07
0.00145004
-2.62284e-07
0.00145001
-3.30509e-07
0.00144998
-4.04024e-07
0.00144994
-4.81795e-07
0.00144989
-5.62549e-07
0.00144984
-6.43675e-07
0.00144978
-7.23283e-07
0.00144972
-7.95383e-07
0.00144966
-8.59939e-07
0.00144959
-9.00683e-07
0.00144953
-9.3279e-07
-8.99057e-07
0.00286873
-0.000450984
0.00279849
-0.000494722
0.0027225
-0.000532348
0.00264197
-0.000562284
0.00255827
-0.000583543
0.00247283
-0.000595632
0.00238703
-0.000598631
0.00230215
-0.000593041
0.0022193
-0.000579727
0.00213943
-0.000559769
0.00206326
-0.000534378
0.00199137
-0.000504795
0.00192414
-0.000472222
0.0018618
-0.000437772
0.00180445
-0.000402434
0.00175207
-0.000367058
0.00170455
-0.000332349
0.00166172
-0.000298864
0.00162335
-0.000267028
0.00158915
-0.000237144
0.00155885
-0.000209407
0.00153212
-0.000183921
0.00150865
-0.000160715
0.00148815
-0.000139758
0.0014703
-0.000120973
0.00145483
-0.000104251
0.00144147
-8.94578e-05
0.00142998
-7.64458e-05
0.00142013
-6.50612e-05
0.00141171
-5.51492e-05
0.00140455
-4.65583e-05
0.00139847
-3.91441e-05
0.00139333
-3.27706e-05
0.00138899
-2.73125e-05
0.00138536
-2.26549e-05
0.00138231
-1.86943e-05
0.00137978
-1.53378e-05
0.00137768
-1.25029e-05
0.00137594
-1.01168e-05
0.00137452
-8.11546e-06
0.00137336
-6.44313e-06
0.00137242
-5.05123e-06
0.00137166
-3.89766e-06
0.00137106
-2.94613e-06
0.00137059
-2.16538e-06
0.00137022
-1.52857e-06
0.00136995
-1.01274e-06
0.00136974
-5.98284e-07
0.0013696
-2.6848e-07
0.0013695
-9.1171e-09
0.00136945
1.9186e-07
0.00136942
3.44657e-07
0.00136942
4.57892e-07
0.00136943
5.38827e-07
0.00136946
5.93563e-07
0.00136951
6.27213e-07
0.00136956
6.44048e-07
0.00136961
6.47625e-07
0.00136967
6.40895e-07
0.00136973
6.26295e-07
0.00136979
6.05827e-07
0.00136985
5.8113e-07
0.00136991
5.53532e-07
0.00136996
5.24102e-07
0.00137002
4.93693e-07
0.00137007
4.62971e-07
0.00137012
4.32451e-07
0.00137017
4.02515e-07
0.00137021
3.73434e-07
0.00137025
3.45384e-07
0.00137029
3.18458e-07
0.00137032
2.92674e-07
0.00137036
2.67982e-07
0.00137039
2.44271e-07
0.00137041
2.21366e-07
0.00137044
1.99035e-07
0.00137046
1.76986e-07
0.00137048
1.54868e-07
0.00137049
1.32272e-07
0.00137051
1.08733e-07
0.00137052
8.37302e-08
0.00137053
5.67016e-08
0.00137053
2.70497e-08
0.00137053
-5.83844e-09
0.00137053
-4.25684e-08
0.00137052
-8.37049e-08
0.0013705
-1.29735e-07
0.00137049
-1.81013e-07
0.00137046
-2.37715e-07
0.00137043
-2.99738e-07
0.00137039
-3.66708e-07
0.00137035
-4.37714e-07
0.0013703
-5.1162e-07
0.00137024
-5.86116e-07
0.00137018
-6.59471e-07
0.00137011
-7.2645e-07
0.00137003
-7.86766e-07
0.00136996
-8.26506e-07
0.00136988
-8.57705e-07
-8.32663e-07
0.00272572
-0.000389739
0.00265819
-0.000427191
0.00258525
-0.000459416
0.00250805
-0.000485081
0.00242784
-0.000503333
0.00234595
-0.000513743
0.00226368
-0.000516359
0.00218223
-0.000511591
0.00210267
-0.000500165
0.00202589
-0.000482995
0.00195263
-0.000461117
0.00188343
-0.000435597
0.00181868
-0.000407471
0.00175862
-0.000377703
0.00170334
-0.000347154
0.00165284
-0.000316562
0.00160703
-0.00028654
0.00156574
-0.000257576
0.00152875
-0.00023004
0.00149581
-0.000204196
0.00146661
-0.000180215
0.00144088
-0.000158187
0.0014183
-0.000138138
0.00139859
-0.00012004
0.00138144
-0.000103826
0.00136659
-8.94006e-05
0.00135378
-7.66462e-05
0.00134277
-6.54347e-05
0.00133334
-5.56321e-05
0.00132529
-4.71035e-05
0.00131845
-3.97172e-05
0.00131265
-3.33476e-05
0.00130776
-2.78768e-05
0.00130364
-2.31958e-05
0.00130019
-1.92051e-05
0.00129731
-1.5815e-05
0.00129492
-1.2945e-05
0.00129294
-1.05239e-05
0.00129131
-8.48848e-06
0.00128998
-6.78365e-06
0.0012889
-5.36116e-06
0.00128803
-4.17911e-06
0.00128733
-3.20124e-06
0.00128678
-2.39627e-06
0.00128635
-1.73729e-06
0.00128603
-1.20122e-06
0.00128578
-7.68339e-07
0.00128561
-4.21795e-07
0.00128548
-1.47249e-07
0.00128541
6.74804e-08
0.00128537
2.3272e-07
0.00128535
3.57201e-07
0.00128536
4.48289e-07
0.00128539
5.12185e-07
0.00128543
5.54092e-07
0.00128548
5.78363e-07
0.00128553
5.88632e-07
0.00128559
5.87919e-07
0.00128566
5.78724e-07
0.00128572
5.63111e-07
0.00128578
5.42771e-07
0.00128585
5.19082e-07
0.00128591
4.9316e-07
0.00128596
4.65901e-07
0.00128602
4.38014e-07
0.00128607
4.10053e-07
0.00128612
3.82441e-07
0.00128617
3.55488e-07
0.00128621
3.29413e-07
0.00128625
3.04351e-07
0.00128629
2.80369e-07
0.00128633
2.5747e-07
0.00128636
2.35597e-07
0.00128639
2.14642e-07
0.00128642
1.94443e-07
0.00128644
1.74787e-07
0.00128646
1.55407e-07
0.00128648
1.35987e-07
0.0012865
1.16157e-07
0.00128651
9.54961e-08
0.00128652
7.35375e-08
0.00128653
4.97721e-08
0.00128653
2.36594e-08
0.00128653
-5.35638e-09
0.00128653
-3.78263e-08
0.00128652
-7.4267e-08
0.0012865
-1.15128e-07
0.00128648
-1.60742e-07
0.00128646
-2.11284e-07
0.00128642
-2.66684e-07
0.00128638
-3.26629e-07
0.00128633
-3.90337e-07
0.00128628
-4.56813e-07
0.00128622
-5.24066e-07
0.00128615
-5.90542e-07
0.00128607
-6.51807e-07
0.00128599
-7.0734e-07
0.00128591
-7.45726e-07
0.00128583
-7.7578e-07
-7.59752e-07
0.00256812
-0.000331199
0.00250372
-0.000362794
0.00243429
-0.000389981
0.00236085
-0.000411645
0.00228458
-0.000427067
0.00220672
-0.000435876
0.00212846
-0.0004381
0.00205094
-0.000434074
0.00197517
-0.000424397
0.00190202
-0.000409838
0.00183217
-0.000391267
0.00176616
-0.000369586
0.00170436
-0.000345679
0.00164702
-0.000320364
0.00159425
-0.000294377
0.00154604
-0.00026835
0.00150231
-0.000242808
0.0014629
-0.000218168
0.0014276
-0.000194747
0.00139618
-0.000172772
0.00136835
-0.000152388
0.00134384
-0.000133672
0.00132234
-0.000116645
0.00130359
-0.000101283
0.00128729
-8.75292e-05
0.00127319
-7.52994e-05
0.00126104
-6.44938e-05
0.0012506
-5.50022e-05
0.00124168
-4.67096e-05
0.00123408
-3.95003e-05
0.00122762
-3.32619e-05
0.00122216
-2.78869e-05
0.00121756
-2.32745e-05
0.0012137
-1.93318e-05
0.00121046
-1.5974e-05
0.00120777
-1.31245e-05
0.00120554
-1.07151e-05
0.00120371
-8.68503e-06
0.0012022
-6.98068e-06
0.00120097
-5.55521e-06
0.00119998
-4.36771e-06
0.00119918
-3.38268e-06
0.00119855
-2.56939e-06
0.00119805
-1.90139e-06
0.00119767
-1.35591e-06
0.00119738
-9.13483e-07
0.00119717
-5.57434e-07
0.00119702
-2.73562e-07
0.00119693
-4.97848e-08
0.00119687
1.24152e-07
0.00119685
2.56933e-07
0.00119685
3.55891e-07
0.00119687
4.27209e-07
0.0011969
4.76083e-07
0.00119695
5.06867e-07
0.00119701
5.23201e-07
0.00119707
5.28119e-07
0.00119713
5.24135e-07
0.0011972
5.13331e-07
0.00119726
4.97417e-07
0.00119733
4.77795e-07
0.00119739
4.55602e-07
0.00119745
4.31759e-07
0.00119751
4.06997e-07
0.00119757
3.81898e-07
0.00119762
3.56909e-07
0.00119767
3.32371e-07
0.00119772
3.08531e-07
0.00119776
2.8556e-07
0.0011978
2.63559e-07
0.00119784
2.42572e-07
0.00119787
2.22589e-07
0.00119791
2.03554e-07
0.00119794
1.85362e-07
0.00119796
1.67866e-07
0.00119799
1.50875e-07
0.00119801
1.34152e-07
0.00119803
1.17415e-07
0.00119804
1.00339e-07
0.00119805
8.2551e-08
0.00119806
6.36381e-08
0.00119807
4.31496e-08
0.00119807
2.06067e-08
0.00119807
-4.48522e-09
0.00119807
-3.26177e-08
0.00119806
-6.42544e-08
0.00119804
-9.9802e-08
0.00119802
-1.39566e-07
0.00119799
-1.83719e-07
0.00119796
-2.32219e-07
0.00119792
-2.84811e-07
0.00119787
-3.40844e-07
0.00119781
-3.99466e-07
0.00119775
-4.59013e-07
0.00119767
-5.18115e-07
0.0011976
-5.73167e-07
0.00119751
-6.23443e-07
0.00119743
-6.60105e-07
0.00119734
-6.88767e-07
-6.8186e-07
0.00239586
-0.000275809
0.00233504
-0.000301977
0.00226956
-0.000324492
0.00220035
-0.000342438
0.0021285
-0.000355217
0.00205514
-0.000362519
0.0019814
-0.000364357
0.00190833
-0.000361002
0.00183687
-0.000352944
0.00176785
-0.000340816
0.00170192
-0.000325339
0.0016396
-0.000307264
0.00158125
-0.000287327
0.0015271
-0.000266212
0.00147725
-0.000244535
0.00143173
-0.000222825
0.00139044
-0.000201523
0.00135325
-0.000180978
0.00131996
-0.000161456
0.00129034
-0.000143146
0.00126412
-0.00012617
0.00124104
-0.000110591
0.00122082
-9.64261e-05
0.00120319
-8.36549e-05
0.00118789
-7.22278e-05
0.00117466
-6.20744e-05
0.00116328
-5.31101e-05
0.00115352
-4.52421e-05
0.00114518
-3.83737e-05
0.00113809
-3.24078e-05
0.00113208
-2.725e-05
0.001127
-2.28102e-05
0.00112273
-1.90042e-05
0.00111916
-1.57541e-05
0.00111617
-1.29894e-05
0.00111369
-1.06459e-05
0.00111164
-8.66688e-06
0.00110996
-7.0016e-06
0.00110859
-5.60559e-06
0.00110747
-4.43984e-06
0.00110657
-3.4704e-06
0.00110586
-2.66779e-06
0.00110529
-2.00654e-06
0.00110486
-1.46474e-06
0.00110453
-1.02355e-06
0.00110428
-6.66863e-07
0.0011041
-3.80908e-07
0.00110398
-1.53966e-07
0.00110391
2.39275e-08
0.00110387
1.61218e-07
0.00110386
2.65049e-07
0.00110388
3.41451e-07
0.00110391
3.95497e-07
0.00110395
4.31446e-07
0.00110401
4.52866e-07
0.00110407
4.62731e-07
0.00110413
4.63516e-07
0.0011042
4.57271e-07
0.00110427
4.45688e-07
0.00110434
4.30154e-07
0.0011044
4.11802e-07
0.00110447
3.91552e-07
0.00110453
3.70141e-07
0.00110459
3.48158e-07
0.00110464
3.26062e-07
0.00110469
3.0421e-07
0.00110474
2.82867e-07
0.00110479
2.62225e-07
0.00110483
2.42413e-07
0.00110487
2.23502e-07
0.00110491
2.05519e-07
0.00110494
1.88446e-07
0.00110498
1.72227e-07
0.001105
1.56767e-07
0.00110503
1.41934e-07
0.00110505
1.27561e-07
0.00110507
1.13443e-07
0.00110509
9.93353e-08
0.00110511
8.49566e-08
0.00110512
6.99859e-08
0.00110513
5.40661e-08
0.00110514
3.68076e-08
0.00110514
1.77955e-08
0.00110514
-3.3999e-09
0.00110513
-2.72073e-08
0.00110512
-5.40333e-08
0.00110511
-8.42376e-08
0.00110509
-1.18096e-07
0.00110506
-1.5577e-07
0.00110502
-1.97245e-07
0.00110498
-2.4232e-07
0.00110493
-2.90469e-07
0.00110487
-3.40984e-07
0.00110481
-3.92523e-07
0.00110473
-4.43904e-07
0.00110465
-4.92353e-07
0.00110456
-5.36966e-07
0.00110447
-5.71508e-07
0.00110438
-5.98505e-07
-6.00577e-07
0.00220885
-0.000224024
0.00215208
-0.000245203
0.00209101
-0.000263421
0.00202651
-0.000277941
0.00195957
-0.000288278
0.00189123
-0.000294179
0.00182253
-0.00029565
0.00175443
-0.000292905
0.00168782
-0.000286338
0.00162347
-0.00027646
0.00156198
-0.000263857
0.00150386
-0.000249137
0.00144943
-0.0002329
0.00139893
-0.000215707
0.00135245
-0.000198058
0.00131001
-0.000180386
0.00127154
-0.000163052
0.0012369
-0.00014634
0.00120591
-0.000130468
0.00117836
-0.000115589
0.00115399
-0.000101802
0.00113255
-8.91575e-05
0.0011138
-7.76689e-05
0.00109746
-6.7318e-05
0.0010833
-5.80635e-05
0.00107107
-4.98472e-05
0.00106056
-4.25992e-05
0.00105156
-3.62433e-05
0.00104389
-3.06998e-05
0.00103737
-2.58894e-05
0.00103185
-2.17347e-05
0.0010272
-1.81621e-05
0.0010233
-1.51028e-05
0.00102004
-1.24934e-05
0.00101733
-1.02762e-05
0.00101508
-8.39935e-06
0.00101323
-6.81646e-06
0.00101172
-5.48649e-06
0.00101048
-4.37333e-06
0.00100949
-3.44538e-06
0.00100869
-2.67514e-06
0.00100807
-2.0388e-06
0.00100757
-1.51577e-06
0.0010072
-1.08836e-06
0.00100692
-7.41395e-07
0.00100671
-4.61889e-07
0.00100657
-2.38767e-07
0.00100648
-6.26056e-08
0.00100643
7.45956e-08
0.00100641
1.79612e-07
0.00100642
2.58168e-07
0.00100644
3.15088e-07
0.00100648
3.54427e-07
0.00100653
3.79585e-07
0.00100659
3.93405e-07
0.00100666
3.98253e-07
0.00100673
3.96095e-07
0.00100679
3.88555e-07
0.00100686
3.76973e-07
0.00100693
3.62442e-07
0.001007
3.45854e-07
0.00100706
3.27929e-07
0.00100712
3.09245e-07
0.00100718
2.90256e-07
0.00100723
2.71321e-07
0.00100729
2.5271e-07
0.00100733
2.34627e-07
0.00100738
2.17213e-07
0.00100742
2.00562e-07
0.00100746
1.84723e-07
0.0010075
1.69707e-07
0.00100753
1.55493e-07
0.00100756
1.42027e-07
0.00100759
1.29225e-07
0.00100761
1.16975e-07
0.00100763
1.05134e-07
0.00100765
9.35275e-08
0.00100767
8.19516e-08
0.00100769
7.01689e-08
0.0010077
5.79104e-08
0.00100771
4.48761e-08
0.00100771
3.07385e-08
0.00100772
1.51478e-08
0.00100771
-2.25885e-09
0.00100771
-2.18454e-08
0.0010077
-4.39588e-08
0.00100768
-6.89086e-08
0.00100766
-9.69366e-08
0.00100763
-1.28191e-07
0.0010076
-1.62677e-07
0.00100756
-2.00243e-07
0.00100751
-2.40483e-07
0.00100745
-2.82821e-07
0.00100738
-3.26227e-07
0.00100731
-3.697e-07
0.00100723
-4.11276e-07
0.00100714
-4.49898e-07
0.00100705
-4.81891e-07
0.00100696
-5.06903e-07
-5.17524e-07
0.00200698
-0.000176316
0.00195473
-0.000192955
0.00189858
-0.000207263
0.0018393
-0.000218663
0.00177779
-0.000226773
0.00171501
-0.000231393
0.00165188
-0.000232524
0.00158931
-0.000230334
0.0015281
-0.000225131
0.00146896
-0.000217317
0.00141245
-0.000207352
0.00135904
-0.000195719
0.00130903
-0.000182891
0.00126263
-0.000169312
0.00121995
-0.000155379
0.001181
-0.000141433
0.00114571
-0.000127761
0.00111396
-0.000114587
0.00108557
-0.000102082
0.00106035
-9.0367e-05
0.00103806
-7.95194e-05
0.00101849
-6.95785e-05
0.00100137
-6.05534e-05
0.000986481
-5.24288e-05
0.000973589
-4.51711e-05
0.000962475
-3.87332e-05
0.000952935
-3.30595e-05
0.00094478
-2.80889e-05
0.000937839
-2.3758e-05
0.000931953
-2.00037e-05
0.000926983
-1.67647e-05
0.000922804
-1.39827e-05
0.000919304
-1.16031e-05
0.000916387
-9.57604e-06
0.000913966
-7.85591e-06
0.000911969
-6.40181e-06
0.00091033
-5.17728e-06
0.000908993
-4.15003e-06
0.000907912
-3.29171e-06
0.000907044
-2.57755e-06
0.000906355
-1.98598e-06
0.000905814
-1.49837e-06
0.000905397
-1.09863e-06
0.000905082
-7.72935e-07
0.00090485
-5.09439e-07
0.000904686
-2.98025e-07
0.000904577
-1.30069e-07
0.000904513
1.75848e-09
0.000904484
1.03673e-07
0.000904482
1.80932e-07
0.000904502
2.37971e-07
0.000904539
2.78526e-07
0.000904588
3.05731e-07
0.000904645
3.22209e-07
0.000904708
3.30151e-07
0.000904775
3.31377e-07
0.000904844
3.27397e-07
0.000904913
3.19455e-07
0.000904981
3.08573e-07
0.000905048
2.95586e-07
0.000905113
2.81171e-07
0.000905175
2.65872e-07
0.000905234
2.50126e-07
0.00090529
2.34273e-07
0.000905343
2.1858e-07
0.000905392
2.03245e-07
0.000905439
1.88418e-07
0.000905482
1.742e-07
0.000905521
1.60654e-07
0.000905558
1.47811e-07
0.000905592
1.35674e-07
0.000905624
1.24218e-07
0.000905652
1.13396e-07
0.000905678
1.03136e-07
0.000905702
9.33456e-08
0.000905723
8.39063e-08
0.000905742
7.46769e-08
0.000905759
6.54911e-08
0.000905773
5.61566e-08
0.000905784
4.64552e-08
0.000905793
3.61436e-08
0.000905799
2.49557e-08
0.000905801
1.26067e-08
0.0009058
-1.19992e-09
0.000905795
-1.67624e-08
0.000905785
-3.43671e-08
0.000905771
-5.42715e-08
0.00090575
-7.66808e-08
0.000905724
-1.01725e-07
0.000905691
-1.29425e-07
0.00090565
-1.59671e-07
0.000905602
-1.92166e-07
0.000905545
-2.26454e-07
0.000905481
-2.61797e-07
0.000905409
-2.97356e-07
0.000905329
-3.31927e-07
0.000905244
-3.6432e-07
0.000905155
-3.93296e-07
0.000905064
-4.15933e-07
-4.34321e-07
0.00179012
-0.000133168
0.00174291
-0.000145737
0.00169218
-0.000156541
0.00163866
-0.000165142
0.00158314
-0.000171254
0.00152647
-0.000174724
0.0014695
-0.000175552
0.00141303
-0.000173865
0.0013578
-0.000169896
0.00130443
-0.000163948
0.00125345
-0.000156374
0.00120527
-0.000147537
0.00116018
-0.0001378
0.00111836
-0.000127498
0.00107992
-0.000116933
0.00104485
-0.000106367
0.0010131
-9.60136e-05
0.000984562
-8.6045e-05
0.00095907
-7.65901e-05
0.000936443
-6.77397e-05
0.000916474
-5.95511e-05
0.000898949
-5.20535e-05
0.000883649
-4.52528e-05
0.000870356
-3.91363e-05
0.000858863
-3.36778e-05
0.00084897
-2.88408e-05
0.000840493
-2.45822e-05
0.00083326
-2.08554e-05
0.000827114
-1.76118e-05
0.000821913
-1.48033e-05
0.000817532
-1.23831e-05
0.000813856
-1.03069e-05
0.000810786
-8.53339e-06
0.000808235
-7.02458e-06
0.000806125
-5.74605e-06
0.00080439
-4.66689e-06
0.000802972
-3.75954e-06
0.000801822
-2.9997e-06
0.000800896
-2.36599e-06
0.000800158
-1.83979e-06
0.000799577
-1.40491e-06
0.000799126
-1.04735e-06
0.000798783
-7.55062e-07
0.000798527
-5.17694e-07
0.000798344
-3.26389e-07
0.00079822
-1.73588e-07
0.000798143
-5.28575e-08
0.000798103
4.12647e-08
0.000798093
1.13405e-07
0.000798107
1.67471e-07
0.000798138
2.06757e-07
0.000798183
2.34032e-07
0.000798237
2.51615e-07
0.000798297
2.61445e-07
0.000798362
2.65139e-07
0.00079843
2.64036e-07
0.000798498
2.59246e-07
0.000798566
2.51681e-07
0.000798632
2.42089e-07
0.000798697
2.31076e-07
0.000798759
2.19136e-07
0.000798818
2.06662e-07
0.000798874
1.93967e-07
0.000798927
1.81296e-07
0.000798977
1.68837e-07
0.000799023
1.5673e-07
0.000799067
1.45079e-07
0.000799107
1.3395e-07
0.000799144
1.23386e-07
0.000799179
1.13403e-07
0.00079921
1.03997e-07
0.000799239
9.51458e-08
0.000799266
8.68081e-08
0.00079929
7.89267e-08
0.000799312
7.1427e-08
0.000799332
6.42169e-08
0.000799349
5.71859e-08
0.000799365
5.0205e-08
0.000799378
4.31248e-08
0.000799388
3.57762e-08
0.000799396
2.79701e-08
0.000799402
1.94999e-08
0.000799404
1.01434e-08
0.000799404
-3.31073e-10
0.000799399
-1.21577e-08
0.00079939
-2.55629e-08
0.000799377
-4.07516e-08
0.000799358
-5.78906e-08
0.000799333
-7.70893e-08
0.000799302
-9.83763e-08
0.000799264
-1.21677e-07
0.000799219
-1.4679e-07
0.000799166
-1.73364e-07
0.000799105
-2.00921e-07
0.000799036
-2.2876e-07
0.000798961
-2.56358e-07
0.000798879
-2.82396e-07
0.000798793
-3.07858e-07
0.000798705
-3.27637e-07
-3.52583e-07
0.00155813
-9.50873e-05
0.00151647
-0.000104079
0.00147173
-0.000111805
0.00142454
-0.00011795
0.0013756
-0.000122309
0.00132565
-0.000124772
0.00127543
-0.000125341
0.00122567
-0.000124105
0.00117701
-0.000121232
0.00113
-0.000116942
0.00108512
-0.000111488
0.00104271
-0.000105132
0.00100305
-9.81349e-05
0.000966289
-9.07385e-05
0.000932516
-8.316e-05
0.000901736
-7.55864e-05
0.000873894
-6.81722e-05
0.000848889
-6.10397e-05
0.00082658
-5.42809e-05
0.0008068
-4.79601e-05
0.000789367
-4.21178e-05
0.000774087
-3.67738e-05
0.000760766
-3.19314e-05
0.00074921
-2.75809e-05
0.000739235
-2.37025e-05
0.000730664
-2.02696e-05
0.000723332
-1.72507e-05
0.000717089
-1.46118e-05
0.000711795
-1.23179e-05
0.000707325
-1.03341e-05
0.000703569
-8.62686e-06
0.000700426
-7.16421e-06
0.00069781
-5.91654e-06
0.000695642
-4.85665e-06
0.000693855
-3.95991e-06
0.000692393
-3.20424e-06
0.000691203
-2.56999e-06
0.000690243
-2.03984e-06
0.000689476
-1.5986e-06
0.000688869
-1.23304e-06
0.000688396
-9.31673e-07
0.000688033
-6.84579e-07
0.000687761
-4.8323e-07
0.000687564
-3.20312e-07
0.000687427
-1.89571e-07
0.000687339
-8.56779e-08
0.000687291
-4.10251e-09
0.000687273
5.89969e-08
0.000687279
1.0687e-07
0.000687305
1.42257e-07
0.000687344
1.67467e-07
0.000687393
1.84434e-07
0.00068745
1.94779e-07
0.000687512
1.99853e-07
0.000687576
2.0078e-07
0.000687642
1.98491e-07
0.000687707
1.93753e-07
0.000687772
1.87197e-07
0.000687835
1.79337e-07
0.000687895
1.70591e-07
0.000687953
1.61295e-07
0.000688008
1.51718e-07
0.00068806
1.42069e-07
0.000688109
1.32515e-07
0.000688154
1.2318e-07
0.000688197
1.14157e-07
0.000688236
1.05512e-07
0.000688273
9.72868e-08
0.000688307
8.95061e-08
0.000688338
8.2177e-08
0.000688367
7.52928e-08
0.000688393
6.88335e-08
0.000688417
6.27671e-08
0.000688439
5.70499e-08
0.000688459
5.1626e-08
0.000688477
4.64273e-08
0.000688492
4.13726e-08
0.000688506
3.63675e-08
0.000688518
3.13025e-08
0.000688528
2.60542e-08
0.000688535
2.04842e-08
0.00068854
1.4441e-08
0.000688543
7.76127e-09
0.000688542
2.74241e-10
0.000688538
-8.19361e-09
0.00068853
-1.7811e-08
0.000688518
-2.87318e-08
0.000688502
-4.10843e-08
0.000688479
-5.49544e-08
0.000688451
-7.03741e-08
0.000688417
-8.72941e-08
0.000688376
-1.05594e-07
0.000688327
-1.25008e-07
0.000688272
-1.45282e-07
0.000688209
-1.65817e-07
0.000688139
-1.8667e-07
0.000688063
-2.06376e-07
0.000687983
-2.27826e-07
0.0006879
-2.44164e-07
-2.73903e-07
0.00131081
-6.25985e-05
0.00127528
-6.85414e-05
0.00123712
-7.3645e-05
0.00119686
-7.76991e-05
0.00115512
-8.05683e-05
0.00111253
-8.218e-05
0.00106973
-8.25356e-05
0.00102732
-8.16955e-05
0.000985856
-7.97719e-05
0.000945826
-7.69116e-05
0.000907621
-7.32828e-05
0.00087155
-6.90609e-05
0.000837834
-6.44188e-05
0.000806613
-5.95174e-05
0.000777954
-5.4501e-05
0.00075186
-4.94931e-05
0.000728284
-4.45958e-05
0.000707134
-3.98896e-05
0.000688288
-3.54349e-05
0.000671601
-3.12735e-05
0.000656915
-2.74314e-05
0.000644062
-2.3921e-05
0.000632875
-2.07439e-05
0.000623186
-1.78928e-05
0.000614838
-1.53543e-05
0.000607679
-1.31101e-05
0.000601567
-1.11391e-05
0.000596374
-9.41839e-06
0.000591981
-7.92464e-06
0.000588281
-6.63463e-06
0.00058518
-5.52599e-06
0.000582594
-4.57759e-06
0.000580447
-3.76982e-06
0.000578675
-3.08473e-06
0.000577221
-2.50607e-06
0.000576036
-2.01932e-06
0.000575078
-1.61156e-06
0.000574309
-1.27143e-06
0.0005737
-9.88985e-07
0.000573222
-7.55559e-07
0.000572854
-5.63654e-07
0.000572576
-4.068e-07
0.000572373
-2.79439e-07
0.000572229
-1.76812e-07
0.000572134
-9.48565e-08
0.000572079
-3.01134e-08
0.000572054
2.0353e-08
0.000572054
5.90288e-08
0.000572073
8.80139e-08
0.000572106
1.09077e-07
0.00057215
1.23705e-07
0.000572201
1.33142e-07
0.000572258
1.38429e-07
0.000572317
1.40431e-07
0.000572378
1.39868e-07
0.000572439
1.37333e-07
0.0005725
1.33315e-07
0.000572559
1.28212e-07
0.000572616
1.22352e-07
0.00057267
1.15996e-07
0.000572722
1.09355e-07
0.000572771
1.02598e-07
0.000572818
9.58534e-08
0.000572861
8.92241e-08
0.000572901
8.27855e-08
0.000572939
7.65932e-08
0.000572974
7.06853e-08
0.000573006
6.5086e-08
0.000573036
5.98073e-08
0.000573063
5.48509e-08
0.000573088
5.02097e-08
0.000573111
4.5868e-08
0.000573132
4.18028e-08
0.000573151
3.79835e-08
0.000573168
3.43716e-08
0.000573184
3.09211e-08
0.000573198
2.75769e-08
0.00057321
2.42754e-08
0.00057322
2.09432e-08
0.000573229
1.74972e-08
0.000573235
1.38444e-08
0.00057324
9.88246e-09
0.000573242
5.50122e-09
0.000573242
5.84695e-10
0.000573238
-4.98528e-09
0.000573232
-1.13246e-08
0.000573222
-1.85395e-08
0.000573207
-2.67209e-08
0.000573188
-3.59301e-08
0.000573164
-4.61982e-08
0.000573134
-5.74923e-08
0.000573099
-6.97568e-08
0.000573056
-8.27917e-08
0.000573008
-9.6524e-08
0.000572952
-1.10422e-07
0.000572891
-1.24994e-07
0.000572823
-1.38606e-07
0.000572751
-1.55595e-07
0.000572674
-1.67849e-07
-1.99898e-07
0.00104798
-3.62522e-05
0.00101916
-3.97144e-05
0.000988199
-4.26864e-05
0.000955543
-4.50432e-05
0.000921681
-4.67066e-05
0.000887135
-4.7634e-05
0.000852427
-4.78269e-05
0.000818053
-4.73214e-05
0.000784465
-4.6184e-05
0.000752054
-4.45012e-05
0.000721144
-4.23724e-05
0.000691983
-3.99005e-05
0.000664752
-3.71871e-05
0.000639561
-3.43263e-05
0.000616462
-3.14024e-05
0.000595456
-2.84874e-05
0.000576501
-2.56405e-05
0.00055952
-2.29082e-05
0.00054441
-2.03252e-05
0.000531052
-1.79155e-05
0.000519314
-1.56935e-05
0.000509059
-1.36661e-05
0.000500149
-1.18336e-05
0.000492447
-1.01914e-05
0.000485824
-8.73121e-06
0.000480156
-7.44213e-06
0.000475329
-6.31157e-06
0.000471237
-5.32604e-06
0.000467784
-4.47176e-06
0.000464884
-3.73514e-06
0.000462461
-3.10307e-06
0.000460447
-2.56325e-06
0.000458781
-2.10426e-06
0.000457412
-1.71566e-06
0.000456294
-1.38806e-06
0.000455388
-1.11303e-06
0.00045466
-8.83136e-07
0.00045408
-6.91813e-07
0.000453624
-5.33338e-07
0.000453271
-4.02734e-07
0.000453003
-2.95696e-07
0.000452805
-2.08518e-07
0.000452664
-1.38021e-07
0.000452568
-8.14855e-08
0.00045251
-3.65938e-08
0.000452481
-1.37615e-09
0.000452476
2.58374e-08
0.000452489
4.64586e-08
0.000452515
6.16782e-08
0.000452551
7.24974e-08
0.000452595
7.9756e-08
0.000452644
8.41565e-08
0.000452697
8.62843e-08
0.00045275
8.66258e-08
0.000452805
8.55837e-08
0.000452858
8.34897e-08
0.000452911
8.06162e-08
0.000452962
7.71851e-08
0.000453011
7.33765e-08
0.000453058
6.93352e-08
0.000453102
6.51767e-08
0.000453144
6.0992e-08
0.000453183
5.68519e-08
0.000453219
5.28105e-08
0.000453253
4.89077e-08
0.000453284
4.51723e-08
0.000453313
4.16235e-08
0.00045334
3.82726e-08
0.000453365
3.51243e-08
0.000453388
3.21777e-08
0.000453408
2.9427e-08
0.000453427
2.68618e-08
0.000453445
2.44676e-08
0.00045346
2.22255e-08
0.000453475
2.01125e-08
0.000453488
1.81009e-08
0.000453499
1.61583e-08
0.000453509
1.42471e-08
0.000453518
1.23238e-08
0.000453525
1.03397e-08
0.00045353
8.23959e-09
0.000453534
5.96318e-09
0.000453536
3.44498e-09
0.000453536
6.15949e-10
0.000453534
-2.59464e-09
0.000453529
-6.25669e-09
0.000453521
-1.04347e-08
0.000453509
-1.51854e-08
0.000453494
-2.05467e-08
0.000453474
-2.65445e-08
0.00045345
-3.31557e-08
0.00045342
-4.03716e-08
0.000453386
-4.80413e-08
0.000453345
-5.62234e-08
0.000453299
-6.44312e-08
0.000453248
-7.34604e-08
0.000453191
-8.15272e-08
0.000453129
-9.3758e-08
0.000453062
-1.0138e-07
-1.32303e-07
0.000769401
-1.66256e-05
0.000747913
-1.82269e-05
0.000724828
-1.96012e-05
0.000700474
-2.06886e-05
0.00067522
-2.14534e-05
0.000649462
-2.18756e-05
0.000623592
-2.19567e-05
0.000597984
-2.17137e-05
0.000572978
-2.11783e-05
0.000548868
-2.03912e-05
0.000525895
-1.9399e-05
0.000504244
-1.82499e-05
0.000484048
-1.69911e-05
0.000465388
-1.56666e-05
0.000448301
-1.43151e-05
0.000432784
-1.29701e-05
0.000418802
-1.16586e-05
0.000406296
-1.0402e-05
0.000395186
-9.2159e-06
0.000385382
-8.1111e-06
0.000376783
-7.094e-06
0.000369284
-6.16742e-06
0.000362782
-5.33124e-06
0.000357173
-4.58311e-06
0.000352361
-3.91897e-06
0.000348252
-3.33361e-06
0.000344762
-2.82109e-06
0.000341811
-2.37508e-06
0.000339328
-1.98914e-06
0.00033725
-1.65694e-06
0.00033552
-1.37242e-06
0.000334086
-1.12989e-06
0.000332906
-9.24072e-07
0.000331941
-7.50187e-07
0.000331156
-6.03914e-07
0.000330525
-4.81404e-07
0.000330021
-3.79251e-07
0.000329624
-2.9447e-07
0.000329315
-2.24453e-07
0.000329079
-1.6694e-07
0.000328903
-1.19981e-07
0.000328777
-8.18961e-08
0.00032869
-5.12498e-08
0.000328635
-2.68153e-08
0.000328606
-7.54889e-09
0.000328597
7.43507e-09
0.000328604
1.88861e-08
0.000328623
2.74366e-08
0.000328651
3.36193e-08
0.000328686
3.78809e-08
0.000328725
4.05958e-08
0.000328767
4.20759e-08
0.000328811
4.2581e-08
0.000328855
4.23262e-08
0.000328899
4.14893e-08
0.000328942
4.0216e-08
0.000328984
3.86257e-08
0.000329025
3.68153e-08
0.000329063
3.4863e-08
0.0003291
3.28313e-08
0.000329134
3.07699e-08
0.000329167
2.87175e-08
0.000329197
2.67039e-08
0.000329225
2.47517e-08
0.000329251
2.28772e-08
0.000329275
2.10918e-08
0.000329297
1.94028e-08
0.000329318
1.78141e-08
0.000329336
1.63267e-08
0.000329354
1.49392e-08
0.000329369
1.36483e-08
0.000329384
1.24483e-08
0.000329397
1.13321e-08
0.000329409
1.02906e-08
0.00032942
9.31277e-09
0.000329429
8.38558e-09
0.000329438
7.49384e-09
0.000329446
6.62e-09
0.000329452
5.74388e-09
0.000329458
4.84265e-09
0.000329462
3.89067e-09
0.000329465
2.85968e-09
0.000329467
1.71899e-09
0.000329467
4.3602e-10
0.000329465
-1.02267e-09
0.000329462
-2.69062e-09
0.000329456
-4.59855e-09
0.000329448
-6.77518e-09
0.000329436
-9.23793e-09
0.000329422
-1.20051e-08
0.000329404
-1.5059e-08
0.000329382
-1.84187e-08
0.000329356
-2.19726e-08
0.000329325
-2.58509e-08
0.000329291
-2.96233e-08
0.000329251
-3.416e-08
0.000329207
-3.76834e-08
0.000329159
-4.5133e-08
0.000329105
-4.80995e-08
-7.3268e-08
0.000474791
-4.32647e-06
0.000461313
-4.74907e-06
0.000446824
-5.11196e-06
0.000431533
-5.39785e-06
0.000415678
-5.59793e-06
0.000399509
-5.70674e-06
0.000383278
-5.72501e-06
0.000367221
-5.65744e-06
0.000351556
-5.51274e-06
0.000336467
-5.30193e-06
0.000322105
-5.03757e-06
0.000308588
-4.73258e-06
0.000295996
-4.39954e-06
0.00028438
-4.05007e-06
0.000273759
-3.69445e-06
0.00026413
-3.34138e-06
0.00025547
-2.99795e-06
0.000247737
-2.66964e-06
0.000240882
-2.36047e-06
0.000234844
-2.07314e-06
0.000229559
-1.80921e-06
0.000224961
-1.5693e-06
0.000220983
-1.35329e-06
0.00021756
-1.16046e-06
0.000214631
-9.89657e-07
0.000212137
-8.39464e-07
0.000210024
-7.08265e-07
0.000208243
-5.9436e-07
0.00020675
-4.96033e-07
0.000205505
-4.11607e-07
0.000204472
-3.39483e-07
0.00020362
-2.78163e-07
0.000202923
-2.2627e-07
0.000202355
-1.82553e-07
0.000201897
-1.45891e-07
0.000201531
-1.15283e-07
0.000201241
-8.9852e-08
0.000201016
-6.88254e-08
0.000200843
-5.15336e-08
0.000200713
-3.73967e-08
0.000200619
-2.5915e-08
0.000200554
-1.66603e-08
0.000200512
-9.26653e-09
0.000200489
-3.42194e-09
0.00020048
1.13811e-09
0.000200483
4.63771e-09
0.000200494
7.26603e-09
0.000200513
9.18234e-09
0.000200536
1.05204e-08
0.000200562
1.13921e-08
0.000200591
1.1891e-08
0.000200621
1.20947e-08
0.000200651
1.20679e-08
0.000200682
1.18636e-08
0.000200712
1.15257e-08
0.000200741
1.10899e-08
0.000200769
1.05854e-08
0.000200796
1.00357e-08
0.000200821
9.45969e-09
0.000200845
8.87223e-09
0.000200868
8.28509e-09
0.000200889
7.70736e-09
0.000200908
7.1459e-09
0.000200926
6.60577e-09
0.000200943
6.09056e-09
0.000200959
5.60265e-09
0.000200973
5.14341e-09
0.000200986
4.71342e-09
0.000200998
4.31258e-09
0.000201009
3.9402e-09
0.000201019
3.5951e-09
0.000201028
3.27563e-09
0.000201036
2.97974e-09
0.000201044
2.7049e-09
0.000201051
2.44813e-09
0.000201057
2.20594e-09
0.000201063
1.9743e-09
0.000201068
1.74857e-09
0.000201072
1.52341e-09
0.000201075
1.29279e-09
0.000201078
1.04991e-09
0.00020108
7.87254e-10
0.000201081
4.96643e-10
0.000201082
1.69305e-10
0.000201081
-2.03745e-10
0.000201079
-6.31787e-10
0.000201075
-1.12304e-09
0.00020107
-1.68622e-09
0.000201063
-2.32514e-09
0.000201054
-3.04844e-09
0.000201043
-3.84542e-09
0.000201029
-4.737e-09
0.000201013
-5.66158e-09
0.000200994
-6.72731e-09
0.000200972
-7.66435e-09
0.000200947
-9.05882e-09
0.000200919
-9.71365e-09
0.000200887
-1.27142e-08
0.000200851
-1.25834e-08
-2.59285e-08
0.000163833
0.000159084
0.000153972
0.000148574
0.000142977
0.00013727
0.000131545
0.000125887
0.000120375
0.000115073
0.000110035
0.000105303
0.000100903
9.68529e-05
9.31585e-05
8.98171e-05
8.68191e-05
8.41495e-05
8.1789e-05
7.97159e-05
7.79067e-05
7.63374e-05
7.49841e-05
7.38236e-05
7.2834e-05
7.19945e-05
7.12862e-05
7.06919e-05
7.01959e-05
6.97842e-05
6.94448e-05
6.91666e-05
6.89403e-05
6.87578e-05
6.86119e-05
6.84966e-05
6.84067e-05
6.83379e-05
6.82864e-05
6.8249e-05
6.82231e-05
6.82064e-05
6.81972e-05
6.81937e-05
6.81949e-05
6.81995e-05
6.82068e-05
6.8216e-05
6.82265e-05
6.82379e-05
6.82498e-05
6.82619e-05
6.82739e-05
6.82858e-05
6.82973e-05
6.83084e-05
6.8319e-05
6.8329e-05
6.83385e-05
6.83474e-05
6.83556e-05
6.83633e-05
6.83705e-05
6.83771e-05
6.83832e-05
6.83888e-05
6.83939e-05
6.83986e-05
6.8403e-05
6.84069e-05
6.84105e-05
6.84138e-05
6.84168e-05
6.84195e-05
6.84219e-05
6.84241e-05
6.84261e-05
6.84278e-05
6.84294e-05
6.84306e-05
6.84317e-05
6.84325e-05
6.8433e-05
6.84332e-05
6.84329e-05
6.84323e-05
6.84312e-05
6.84295e-05
6.84272e-05
6.84241e-05
6.84203e-05
6.84156e-05
6.84099e-05
6.84032e-05
6.83955e-05
6.83864e-05
6.83767e-05
6.8364e-05
6.83514e-05
-7.78153e-07
7.78152e-07
-1.90092e-06
1.12277e-06
-2.58187e-06
6.80943e-07
-2.37717e-06
-2.04694e-07
-1.18295e-06
-1.19422e-06
9.50262e-07
-2.13322e-06
3.86339e-06
-2.91313e-06
7.3659e-06
-3.50251e-06
1.12557e-05
-3.88978e-06
1.53499e-05
-4.09424e-06
1.94906e-05
-4.14064e-06
2.35522e-05
-4.06169e-06
2.74401e-05
-3.88784e-06
3.1088e-05
-3.64795e-06
3.44542e-05
-3.36613e-06
3.75165e-05
-3.06238e-06
4.02687e-05
-2.75215e-06
4.27158e-05
-2.44712e-06
4.48713e-05
-2.1555e-06
4.67541e-05
-1.88281e-06
4.83864e-05
-1.6323e-06
4.9792e-05
-1.40554e-06
5.09948e-05
-1.2028e-06
5.20182e-05
-1.02345e-06
5.28844e-05
-8.66216e-07
5.36139e-05
-7.29466e-07
5.42252e-05
-6.11343e-07
5.47352e-05
-5.09924e-07
5.51585e-05
-4.23307e-07
5.55082e-05
-3.49681e-07
5.57955e-05
-2.87362e-07
5.60303e-05
-2.34818e-07
5.6221e-05
-1.90676e-07
5.63747e-05
-1.53719e-07
5.64976e-05
-1.22885e-07
5.65949e-05
-9.72479e-08
5.66709e-05
-7.60096e-08
5.67294e-05
-5.84849e-08
5.67734e-05
-4.40873e-08
5.68058e-05
-3.23171e-08
5.68285e-05
-2.27494e-08
5.68435e-05
-1.50237e-08
5.68524e-05
-8.8343e-09
5.68563e-05
-3.92303e-09
5.68564e-05
-7.16544e-11
5.68535e-05
2.90393e-09
5.68483e-05
5.15865e-09
5.68415e-05
6.82296e-09
5.68335e-05
8.00615e-09
5.68247e-05
8.79998e-09
5.68154e-05
9.28093e-09
5.68059e-05
9.51294e-09
5.67963e-05
9.54895e-09
5.67869e-05
9.43299e-09
5.67777e-05
9.20117e-09
5.67688e-05
8.88335e-09
5.67603e-05
8.50368e-09
5.67522e-05
8.08198e-09
5.67446e-05
7.63399e-09
5.67374e-05
7.17247e-09
5.67307e-05
6.70731e-09
5.67245e-05
6.24637e-09
5.67187e-05
5.79548e-09
5.67133e-05
5.3592e-09
5.67084e-05
4.94064e-09
5.67038e-05
4.54213e-09
5.66997e-05
4.16499e-09
5.66958e-05
3.8102e-09
5.66924e-05
3.47795e-09
5.66892e-05
3.16846e-09
5.66863e-05
2.88137e-09
5.66837e-05
2.61662e-09
5.66813e-05
2.37374e-09
5.66792e-05
2.15283e-09
5.66772e-05
1.95382e-09
5.66754e-05
1.77741e-09
5.66738e-05
1.6244e-09
5.66723e-05
1.4966e-09
5.66709e-05
1.3962e-09
5.66696e-05
1.32663e-09
5.66683e-05
1.29189e-09
5.6667e-05
1.29745e-09
5.66657e-05
1.34921e-09
5.66642e-05
1.45472e-09
5.66626e-05
1.62104e-09
5.66607e-05
1.85741e-09
5.66586e-05
2.1692e-09
5.6656e-05
2.56718e-09
5.66529e-05
3.04687e-09
5.66493e-05
3.62546e-09
5.66451e-05
4.26351e-09
5.664e-05
5.01637e-09
5.66343e-05
5.72298e-09
5.66277e-05
6.62679e-09
5.66206e-05
7.11845e-09
5.66123e-05
8.28101e-09
5.66045e-05
7.77723e-09
5.65941e-05
1.03938e-08
5.65871e-05
6.98772e-09
2.08903e-08
-1.77512e-06
2.55327e-06
-4.10078e-06
3.44844e-06
-5.15017e-06
1.73033e-06
-3.89947e-06
-1.45539e-06
-5.55524e-08
-5.03813e-06
6.26606e-06
-8.45482e-06
1.46754e-05
-1.13224e-05
2.46752e-05
-1.35023e-05
3.57349e-05
-1.49495e-05
4.7362e-05
-1.57213e-05
5.91279e-05
-1.59066e-05
7.06869e-05
-1.56207e-05
8.17746e-05
-1.49756e-05
9.22039e-05
-1.40772e-05
0.000101854
-1.30158e-05
0.000110657
-1.18663e-05
0.000118593
-1.06878e-05
0.000125671
-9.52473e-06
0.000131924
-8.40915e-06
0.000137404
-7.36268e-06
0.00014217
-6.39847e-06
0.000146288
-5.52315e-06
0.000149824
-4.73839e-06
0.000152842
-4.04226e-06
0.000155407
-3.43039e-06
0.000157574
-2.89684e-06
0.000159397
-2.43479e-06
0.000160925
-2.03708e-06
0.000162198
-1.69656e-06
0.000163255
-1.4064e-06
0.000164127
-1.16018e-06
0.000164845
-9.52066e-07
0.000165431
-7.76779e-07
0.000165907
-6.29645e-07
0.00016629
-5.06549e-07
0.000166597
-4.03909e-07
0.00016684
-3.18622e-07
0.000167029
-2.48015e-07
0.000167175
-1.89798e-07
0.000167285
-1.42014e-07
0.000167365
-1.02995e-07
0.000167421
-7.13235e-08
0.000167458
-4.57953e-08
0.000167479
-2.53906e-08
0.000167489
-9.24673e-09
0.000167488
3.36563e-09
0.00016748
1.30616e-08
0.000167467
2.03596e-08
0.000167449
2.56953e-08
0.000167428
2.94347e-08
0.000167406
3.1884e-08
0.000167382
3.32995e-08
0.000167358
3.38942e-08
0.000167333
3.38454e-08
0.000167309
3.32995e-08
0.000167286
3.23774e-08
0.000167263
3.1178e-08
0.000167241
2.9782e-08
0.000167221
2.82547e-08
0.000167201
2.66487e-08
0.000167183
2.50057e-08
0.000167166
2.33586e-08
0.00016715
2.17329e-08
0.000167135
2.01479e-08
0.000167121
1.86181e-08
0.000167109
1.71538e-08
0.000167097
1.57622e-08
0.000167087
1.44479e-08
0.000167077
1.32135e-08
0.000167068
1.20603e-08
0.00016706
1.09886e-08
0.000167052
9.99839e-09
0.000167046
9.08949e-09
0.00016704
8.26236e-09
0.000167034
7.5181e-09
0.000167029
6.85946e-09
0.000167024
6.29075e-09
0.00016702
5.81891e-09
0.000167016
5.45339e-09
0.000167012
5.20718e-09
0.000167008
5.0965e-09
0.000167004
5.14168e-09
0.000167
5.36611e-09
0.000166996
5.79715e-09
0.000166991
6.46288e-09
0.000166986
7.39465e-09
0.000166979
8.61689e-09
0.000166972
1.0159e-08
0.000166963
1.2021e-08
0.000166952
1.42282e-08
0.00016694
1.67042e-08
0.000166925
1.95072e-08
0.000166909
2.23285e-08
0.00016689
2.54929e-08
0.000166869
2.79114e-08
0.000166846
3.12948e-08
0.000166822
3.16432e-08
0.000166795
3.73333e-08
0.000166769
3.26342e-08
6.10667e-08
-2.3004e-06
4.85367e-06
-5.02196e-06
6.16999e-06
-5.65681e-06
2.36518e-06
-2.80649e-06
-4.30572e-06
3.95755e-06
-1.18022e-05
1.44665e-05
-1.89638e-05
2.81482e-05
-2.50041e-05
4.42556e-05
-2.96098e-05
6.19871e-05
-3.2681e-05
8.05899e-05
-3.43241e-05
9.94056e-05
-3.47223e-05
0.000117898
-3.41129e-05
0.000135654
-3.27319e-05
0.000152379
-3.08024e-05
0.00016788
-2.85167e-05
0.000182049
-2.60352e-05
0.000194846
-2.34849e-05
0.000206284
-2.09623e-05
0.000216412
-1.85375e-05
0.000225307
-1.6258e-05
0.000233062
-1.41534e-05
0.000239778
-1.2239e-05
0.000245559
-1.05192e-05
0.000250507
-8.99069e-06
0.000254722
-7.64463e-06
0.000258294
-6.46865e-06
0.000261307
-5.44836e-06
0.000263839
-4.56851e-06
0.000265956
-3.81382e-06
0.000267719
-3.16955e-06
0.000269181
-2.62186e-06
0.000270387
-2.15806e-06
0.000271377
-1.76669e-06
0.000272184
-1.43754e-06
0.000272839
-1.16163e-06
0.000273367
-9.31078e-07
0.000273787
-7.39084e-07
0.000274119
-5.7976e-07
0.000274377
-4.48054e-07
0.000274575
-3.39641e-07
0.000274723
-2.5083e-07
0.00027483
-1.78477e-07
0.000274904
-1.19911e-07
0.000274951
-7.28651e-08
0.000274977
-3.5418e-08
0.000274987
-5.94463e-09
0.000274983
1.6928e-08
0.000274969
3.43582e-08
0.000274947
4.73215e-08
0.00027492
5.66381e-08
0.000274889
6.29957e-08
0.000274855
6.69703e-08
0.00027482
6.90422e-08
0.000274784
6.96114e-08
0.000274749
6.90097e-08
0.000274714
6.75109e-08
0.000274679
6.53404e-08
0.000274647
6.26824e-08
0.000274615
5.96868e-08
0.000274585
5.64746e-08
0.000274557
5.31425e-08
0.000274531
4.97672e-08
0.000274506
4.64087e-08
0.000274483
4.31132e-08
0.000274462
3.99155e-08
0.000274442
3.68414e-08
0.000274424
3.39089e-08
0.000274407
3.11305e-08
0.000274392
2.85142e-08
0.000274378
2.60646e-08
0.000274365
2.37842e-08
0.000274353
2.16744e-08
0.000274343
1.97363e-08
0.000274333
1.7972e-08
0.000274324
1.63855e-08
0.000274316
1.49835e-08
0.000274309
1.37768e-08
0.000274302
1.2781e-08
0.000274295
1.20177e-08
0.000274289
1.15156e-08
0.000274283
1.13105e-08
0.000274276
1.14464e-08
0.00027427
1.19743e-08
0.000274263
1.29523e-08
0.000274255
1.44414e-08
0.000274245
1.65057e-08
0.000274235
1.92001e-08
0.000274222
2.25778e-08
0.000274208
2.66511e-08
0.000274191
3.14414e-08
0.00027417
3.68417e-08
0.000274147
4.2855e-08
0.00027412
4.90628e-08
0.00027409
5.56815e-08
0.000274057
6.13726e-08
0.00027402
6.78587e-08
0.000273981
7.05463e-08
0.000273939
7.9202e-08
0.000273896
7.5717e-08
1.13507e-07
-2.44904e-06
7.3027e-06
-4.94247e-06
8.66342e-06
-4.54054e-06
1.96325e-06
3.87855e-07
-9.23412e-06
1.03425e-05
-2.17568e-05
2.50925e-05
-3.37138e-05
4.39066e-05
-4.38182e-05
6.58274e-05
-5.15306e-05
8.98257e-05
-5.66793e-05
0.000114931
-5.94289e-05
0.00014029
-6.00814e-05
0.000165206
-5.90287e-05
0.000189139
-5.66654e-05
0.000211702
-5.33651e-05
0.000232637
-4.94524e-05
0.000251801
-4.51992e-05
0.000269138
-4.08213e-05
0.00028466
-3.64843e-05
0.000298431
-3.23083e-05
0.000310549
-2.83762e-05
0.000321135
-2.47396e-05
0.000330322
-2.14261e-05
0.000338248
-1.84446e-05
0.000345047
-1.57903e-05
0.000350851
-1.34489e-05
0.000355783
-1.14001e-05
0.000359954
-9.61958e-06
0.000363467
-8.08171e-06
0.000366414
-6.76047e-06
0.000368875
-5.63072e-06
0.000370922
-4.66879e-06
0.000372617
-3.85287e-06
0.000374013
-3.16324e-06
0.000375158
-2.58228e-06
0.000376091
-2.09441e-06
0.000376846
-1.68603e-06
0.000377452
-1.34528e-06
0.000377934
-1.06194e-06
0.000378313
-8.27187e-07
0.000378607
-6.33478e-07
0.000378831
-4.74358e-07
0.000378997
-3.44324e-07
0.000379115
-2.38692e-07
0.000379196
-1.53484e-07
0.000379246
-8.53246e-08
0.000379271
-3.13532e-08
0.000379277
1.08483e-08
0.000379268
4.3323e-08
0.000379248
6.77935e-08
0.000379219
8.571e-08
0.000379184
9.82904e-08
0.000379144
1.06556e-07
0.000379102
1.1136e-07
0.000379058
1.13414e-07
0.000379014
1.1331e-07
0.00037897
1.11538e-07
0.000378926
1.085e-07
0.000378885
1.04528e-07
0.000378844
9.98917e-08
0.000378806
9.48109e-08
0.00037877
8.94609e-08
0.000378735
8.39823e-08
0.000378703
7.84853e-08
0.000378673
7.30559e-08
0.000378646
6.77596e-08
0.00037862
6.26455e-08
0.000378596
5.77493e-08
0.000378574
5.30962e-08
0.000378554
4.87032e-08
0.000378535
4.45814e-08
0.000378518
4.07376e-08
0.000378503
3.71769e-08
0.000378489
3.39033e-08
0.000378476
3.09225e-08
0.000378464
2.82431e-08
0.000378453
2.58785e-08
0.000378443
2.38486e-08
0.000378433
2.21818e-08
0.000378425
2.09163e-08
0.000378416
2.01021e-08
0.000378407
1.98015e-08
0.000378399
2.009e-08
0.00037839
2.1055e-08
0.00037838
2.27947e-08
0.000378369
2.54129e-08
0.000378356
2.90158e-08
0.000378342
3.36969e-08
0.000378325
3.95382e-08
0.000378305
4.65679e-08
0.000378282
5.47959e-08
0.000378254
6.40823e-08
0.000378223
7.43397e-08
0.000378187
8.5045e-08
0.000378146
9.62036e-08
0.000378102
1.06318e-07
0.000378053
1.16806e-07
0.000378
1.22978e-07
0.000377945
1.34726e-07
0.000377887
1.33694e-07
1.76191e-07
-2.31552e-06
9.61822e-06
-4.08871e-06
1.04366e-05
-2.13991e-06
1.44447e-08
5.28634e-06
-1.66604e-05
1.86976e-05
-3.51681e-05
3.77794e-05
-5.27956e-05
6.16481e-05
-6.76868e-05
8.9161e-05
-7.90435e-05
0.000119095
-8.66131e-05
0.000150295
-9.06294e-05
0.000181749
-9.15351e-05
0.000212624
-8.99041e-05
0.000242277
-8.63184e-05
0.000270242
-8.13301e-05
0.000296211
-7.5421e-05
0.000320007
-6.89954e-05
0.000341562
-6.23761e-05
0.000360889
-5.58113e-05
0.000378063
-4.94826e-05
0.000393202
-4.35154e-05
0.000406452
-3.79891e-05
0.000417972
-3.29465e-05
0.00042793
-2.84025e-05
0.000436491
-2.43513e-05
0.000443815
-2.07725e-05
0.000450051
-1.76361e-05
0.000455338
-1.49065e-05
0.000459802
-1.25454e-05
0.000463555
-1.05139e-05
0.000466699
-8.77432e-06
0.000469321
-7.29091e-06
0.000471499
-6.0308e-06
0.0004733
-4.96411e-06
0.000474781
-4.06411e-06
0.000475994
-3.30714e-06
0.000476981
-2.67244e-06
0.000477777
-2.14193e-06
0.000478415
-1.69996e-06
0.000478921
-1.33306e-06
0.000479317
-1.02963e-06
0.000479623
-7.79771e-07
0.000479853
-5.75025e-07
0.000480023
-4.08178e-07
0.000480142
-2.73099e-07
0.000480222
-1.64579e-07
0.000480269
-7.82022e-08
0.00048029
-1.02279e-08
0.00048029
4.25066e-08
0.000480276
8.26711e-08
0.000480249
1.12516e-07
0.000480213
1.33933e-07
0.000480171
1.48512e-07
0.000480125
1.57582e-07
0.000480076
1.62254e-07
0.000480026
1.63453e-07
0.000479976
1.61945e-07
0.000479926
1.58365e-07
0.000479877
1.53233e-07
0.00047983
1.46976e-07
0.000479785
1.39942e-07
0.000479742
1.32409e-07
0.000479701
1.24602e-07
0.000479663
1.16699e-07
0.000479627
1.08838e-07
0.000479594
1.01128e-07
0.000479563
9.36493e-08
0.000479534
8.64623e-08
0.000479508
7.96109e-08
0.000479483
7.31255e-08
0.000479461
6.70273e-08
0.00047944
6.13307e-08
0.000479421
5.60465e-08
0.000479404
5.11843e-08
0.000479388
4.67556e-08
0.000479374
4.27758e-08
0.00047936
3.92676e-08
0.000479348
3.62631e-08
0.000479336
3.38071e-08
0.000479325
3.19588e-08
0.000479315
3.07949e-08
0.000479304
3.04098e-08
0.000479293
3.09175e-08
0.000479282
3.24493e-08
0.000479269
3.51516e-08
0.000479256
3.91788e-08
0.00047924
4.46866e-08
0.000479222
5.18137e-08
0.000479201
6.06742e-08
0.000479176
7.13145e-08
0.000479147
8.37274e-08
0.000479113
9.77349e-08
0.000479075
1.13137e-07
0.00047903
1.29299e-07
0.000478981
1.45954e-07
0.000478925
1.61482e-07
0.000478865
1.76801e-07
0.000478801
1.87382e-07
0.000478733
2.02345e-07
0.000478663
2.04379e-07
2.47633e-07
-1.97671e-06
1.15949e-05
-2.64264e-06
1.11025e-05
1.27826e-06
-3.90646e-06
1.15767e-05
-2.69588e-05
2.87057e-05
-5.22971e-05
5.22372e-05
-7.63271e-05
8.11302e-05
-9.65798e-05
0.000114071
-0.000111985
0.000149668
-0.00012221
0.000186612
-0.000127574
0.000223758
-0.000128681
0.000260167
-0.000126313
0.000295112
-0.000121263
0.000328065
-0.000114283
0.000358677
-0.000106033
0.000386749
-9.70673e-05
0.000412202
-8.78293e-05
0.000435052
-7.86616e-05
0.000455385
-6.98157e-05
0.000473336
-6.14664e-05
0.000489072
-5.37249e-05
0.000502778
-4.66524e-05
0.000514646
-4.02709e-05
0.000524869
-3.45741e-05
0.000533631
-2.95348e-05
0.000541108
-2.51126e-05
0.00054746
-2.12587e-05
0.000552835
-1.79205e-05
0.000557365
-1.50444e-05
0.000561169
-1.25781e-05
0.00056435
-1.04721e-05
0.000567
-8.68072e-06
0.000569198
-7.16213e-06
0.000571013
-5.879e-06
0.000572504
-4.79819e-06
0.000573722
-3.89055e-06
0.000574711
-3.13069e-06
0.000575508
-2.49656e-06
0.000576144
-1.96915e-06
0.000576646
-1.5321e-06
0.000577038
-1.17142e-06
0.000577338
-8.7512e-07
0.000577563
-6.32982e-07
0.000577726
-4.36307e-07
0.000577839
-2.77697e-07
0.000577912
-1.50872e-07
0.000577952
-5.051e-08
0.000577967
2.78965e-08
0.000577961
8.81553e-08
0.00057794
1.3348e-07
0.000577908
1.66575e-07
0.000577866
1.89716e-07
0.000577819
2.04809e-07
0.000577768
2.13448e-07
0.000577715
2.16963e-07
0.00057766
2.16458e-07
0.000577606
2.12849e-07
0.000577552
2.0689e-07
0.0005775
1.99198e-07
0.000577449
1.9028e-07
0.000577401
1.80543e-07
0.000577355
1.70317e-07
0.000577312
1.59863e-07
0.000577272
1.49389e-07
0.000577234
1.39054e-07
0.000577199
1.28981e-07
0.000577166
1.19264e-07
0.000577135
1.09971e-07
0.000577107
1.01151e-07
0.000577082
9.28386e-08
0.000577058
8.50601e-08
0.000577036
7.78349e-08
0.000577016
7.11806e-08
0.000576998
6.51171e-08
0.000576981
5.96692e-08
0.000576965
5.48715e-08
0.000576951
5.07715e-08
0.000576937
4.74336e-08
0.000576924
4.49422e-08
0.000576911
4.34049e-08
0.000576899
4.29538e-08
0.000576886
4.37469e-08
0.000576873
4.59656e-08
0.000576858
4.98109e-08
0.000576842
5.54943e-08
0.000576823
6.32267e-08
0.000576802
7.31968e-08
0.000576777
8.55535e-08
0.000576748
1.00362e-07
0.000576714
1.17594e-07
0.000576675
1.37028e-07
0.000576629
1.58336e-07
0.000576578
1.80765e-07
0.00057652
2.03734e-07
0.000576456
2.25517e-07
0.000576386
2.46385e-07
0.000576312
2.62126e-07
0.000576234
2.80359e-07
0.000576152
2.85759e-07
3.26545e-07
-1.49267e-06
1.30876e-05
-7.44935e-07
1.03548e-05
5.51012e-06
-1.01615e-05
1.90214e-05
-4.04701e-05
4.01256e-05
-7.34012e-05
6.82451e-05
-0.000104447
0.000102168
-0.000130503
0.000140418
-0.000150234
0.00018145
-0.000163242
0.000223829
-0.000169953
0.000266303
-0.000171156
0.000307851
-0.000167861
0.000347682
-0.000161094
0.000385226
-0.000151826
0.000420103
-0.000140911
0.0004521
-0.000129064
0.000481133
-0.000116862
0.000507223
-0.000104751
0.000530466
-9.30583e-05
0.000551012
-8.2013e-05
0.000569049
-7.17622e-05
0.000584784
-6.23873e-05
0.000598433
-5.3919e-05
0.000610209
-4.63502e-05
0.000620321
-3.96468e-05
0.000628965
-3.3757e-05
0.000636324
-2.86177e-05
0.000642564
-2.41604e-05
0.000647835
-2.03152e-05
0.00065227
-1.70136e-05
0.000655989
-1.41908e-05
0.000659095
-1.17865e-05
0.000661678
-9.7456e-06
0.000663818
-8.01883e-06
0.000665582
-6.5623e-06
0.000667029
-5.3374e-06
0.000668209
-4.31036e-06
0.000669164
-3.4519e-06
0.000669932
-2.73669e-06
0.000670542
-2.14292e-06
0.000671023
-1.65189e-06
0.000671395
-1.24759e-06
0.000671679
-9.16344e-07
0.000671889
-6.46495e-07
0.000672039
-4.28126e-07
0.000672141
-2.52806e-07
0.000672204
-1.13384e-07
0.000672236
-3.79736e-09
0.000672243
8.10804e-08
0.000672231
1.4558e-07
0.000672204
1.93352e-07
0.000672166
2.2747e-07
0.000672121
2.5051e-07
0.000672069
2.64634e-07
0.000672015
2.71645e-07
0.000671958
2.73043e-07
0.000671901
2.70075e-07
0.000671844
2.63768e-07
0.000671788
2.5497e-07
0.000671734
2.44372e-07
0.000671682
2.32536e-07
0.000671633
2.19917e-07
0.000671586
2.06878e-07
0.000671541
1.93707e-07
0.0006715
1.80631e-07
0.000671461
1.67822e-07
0.000671425
1.55416e-07
0.000671391
1.4351e-07
0.00067136
1.32179e-07
0.000671331
1.21476e-07
0.000671305
1.11442e-07
0.000671281
1.02108e-07
0.000671258
9.3504e-08
0.000671238
8.56595e-08
0.000671219
7.86119e-08
0.000671201
7.24104e-08
0.000671185
6.71206e-08
0.00067117
6.28299e-08
0.000671155
5.9651e-08
0.000671141
5.77266e-08
0.000671126
5.72307e-08
0.000671112
5.837e-08
0.000671096
6.13808e-08
0.00067108
6.65237e-08
0.000671061
7.4072e-08
0.00067104
8.42961e-08
0.000671016
9.7438e-08
0.000670988
1.13683e-07
0.000670955
1.33116e-07
0.000670917
1.55683e-07
0.000670873
1.81119e-07
0.000670822
2.08952e-07
0.000670764
2.3831e-07
0.0006707
2.68263e-07
0.000670628
2.96992e-07
0.000670551
3.24002e-07
0.000670467
3.45504e-07
0.000670381
3.66995e-07
0.000670291
3.75908e-07
4.11645e-07
-9.08174e-07
1.39958e-05
1.50039e-06
7.94624e-06
1.0407e-05
-1.90681e-05
2.74498e-05
-5.75129e-05
5.27855e-05
-9.8737e-05
8.56472e-05
-0.000137308
0.000124633
-0.000169489
0.000168103
-0.000193704
0.000214378
-0.000209516
0.000261915
-0.00021749
0.000309382
-0.000218623
0.000355697
-0.000214177
0.00040003
-0.000205426
0.00044178
-0.000193577
0.000480554
-0.000179685
0.00051613
-0.00016464
0.000548426
-0.000149159
0.000577469
-0.000133794
0.000603368
-0.000118957
0.000626289
-0.000104934
0.000646437
-9.19097e-05
0.000664037
-7.99878e-05
0.000679326
-6.92081e-05
0.000692539
-5.95632e-05
0.000703904
-5.10118e-05
0.000713637
-4.34896e-05
0.000721937
-3.69182e-05
0.000728989
-3.12121e-05
0.000734957
-2.62837e-05
0.000739991
-2.2047e-05
0.00074422
-1.84203e-05
0.000747761
-1.53273e-05
0.000750714
-1.26986e-05
0.000753167
-1.04717e-05
0.000755195
-8.59088e-06
0.000756865
-7.00698e-06
0.000758232
-5.67707e-06
0.000759344
-4.56379e-06
0.000760242
-3.63479e-06
0.000760961
-2.86221e-06
0.000761531
-2.2221e-06
0.000761978
-1.69394e-06
0.000762321
-1.26019e-06
0.000762581
-9.05893e-07
0.000762771
-6.18294e-07
0.000762905
-3.86548e-07
0.000762993
-2.01443e-07
0.000763044
-5.51681e-08
0.000763066
5.88927e-08
0.000763066
1.46332e-07
0.000763047
2.11871e-07
0.000763015
2.59485e-07
0.000762973
2.92516e-07
0.000762924
3.13765e-07
0.00076287
3.25577e-07
0.000762813
3.29905e-07
0.000762755
3.28372e-07
0.000762696
3.22321e-07
0.000762638
3.12861e-07
0.000762582
3.009e-07
0.000762527
2.87177e-07
0.000762475
2.72292e-07
0.000762425
2.56728e-07
0.000762378
2.40868e-07
0.000762333
2.25016e-07
0.000762292
2.09406e-07
0.000762253
1.94221e-07
0.000762217
1.79598e-07
0.000762183
1.6564e-07
0.000762153
1.52426e-07
0.000762124
1.40013e-07
0.000762098
1.2845e-07
0.000762073
1.17779e-07
0.000762051
1.08045e-07
0.00076203
9.92987e-08
0.000762011
9.16074e-08
0.000761993
8.50571e-08
0.000761976
7.97609e-08
0.00076196
7.58631e-08
0.000761944
7.35442e-08
0.000761928
7.30237e-08
0.000761912
7.45604e-08
0.000761895
7.84491e-08
0.000761877
8.50137e-08
0.000761856
9.45925e-08
0.000761833
1.07518e-07
0.000761806
1.24088e-07
0.000761775
1.44526e-07
0.00076174
1.68934e-07
0.000761698
1.97234e-07
0.00076165
2.29111e-07
0.000761595
2.63945e-07
0.000761533
3.00741e-07
0.000761463
3.382e-07
0.000761385
3.74418e-07
0.000761301
4.08025e-07
0.000761211
4.35748e-07
0.000761118
4.60435e-07
0.000761021
4.72926e-07
5.01599e-07
-2.5507e-07
1.42508e-05
4.02146e-06
3.66971e-06
1.58693e-05
-3.09159e-05
3.67508e-05
-7.83944e-05
6.65773e-05
-0.000128564
0.000104348
-0.000175079
0.000148449
-0.00021359
0.000197074
-0.000242329
0.00024842
-0.000260862
0.000300861
-0.00026993
0.000353004
-0.000270767
0.000403734
-0.000264906
0.000452196
-0.000253888
0.000497779
-0.00023916
0.000540087
-0.000221993
0.0005789
-0.000203453
0.000614143
-0.000184401
0.000645853
-0.000165504
0.000674152
-0.000147256
0.000699222
-0.000130003
0.000721283
-0.000113971
0.000740579
-9.92839e-05
0.000757364
-8.59931e-05
0.000771891
-7.40902e-05
0.000784405
-6.35263e-05
0.00079514
-5.42239e-05
0.00080431
-4.60886e-05
0.000812115
-3.90168e-05
0.000818733
-3.29018e-05
0.000824325
-2.76392e-05
0.000829034
-2.3129e-05
0.000832985
-1.92782e-05
0.000836288
-1.60015e-05
0.000839038
-1.32224e-05
0.000841319
-1.08722e-05
0.000843203
-8.89052e-06
0.00084475
-7.22442e-06
0.000846014
-5.82776e-06
0.00084704
-4.66056e-06
0.000847866
-3.68831e-06
0.000848525
-2.88136e-06
0.000849046
-2.21425e-06
0.000849451
-1.6652e-06
0.00084976
-1.21562e-06
0.000849992
-8.49648e-07
0.000850159
-5.53772e-07
0.000850274
-3.16515e-07
0.000850347
-1.28133e-07
0.000850386
1.96343e-08
0.000850399
1.33777e-07
0.000850391
2.20199e-07
0.000850366
2.83881e-07
0.00085033
3.29011e-07
0.000850284
3.59106e-07
0.000850233
3.77112e-07
0.000850177
3.85487e-07
0.000850119
3.86278e-07
0.00085006
3.81182e-07
0.000850002
3.716e-07
0.000849944
3.58683e-07
0.000849888
3.43373e-07
0.000849834
3.26436e-07
0.000849782
3.08488e-07
0.000849733
2.90023e-07
0.000849686
2.71432e-07
0.000849643
2.53023e-07
0.000849602
2.35034e-07
0.000849564
2.17647e-07
0.000849528
2.01002e-07
0.000849496
1.85204e-07
0.000849465
1.70336e-07
0.000849437
1.56464e-07
0.000849411
1.43647e-07
0.000849388
1.31947e-07
0.000849365
1.21432e-07
0.000849345
1.1219e-07
0.000849326
1.04328e-07
0.000849307
9.79886e-08
0.00084929
9.33493e-08
0.000849273
9.06314e-08
0.000849256
9.01016e-08
0.000849238
9.20736e-08
0.00084922
9.69031e-08
0.0008492
1.04979e-07
0.000849178
1.16707e-07
0.000849153
1.32483e-07
0.000849124
1.52662e-07
0.000849091
1.77504e-07
0.000849053
2.07131e-07
0.000849009
2.41439e-07
0.000848958
2.80061e-07
0.000848899
3.22227e-07
0.000848833
3.6682e-07
0.000848759
4.12152e-07
0.000848678
4.56249e-07
0.000848589
4.96776e-07
0.000848494
5.31049e-07
0.000848395
5.58831e-07
0.000848293
5.7492e-07
5.94998e-07
4.45675e-07
1.38052e-05
6.77489e-06
-2.65951e-06
2.18419e-05
-4.5983e-05
4.68693e-05
-0.000103422
8.14526e-05
-0.000163147
0.00012431
-0.000217937
0.00017359
-0.000262869
0.000227318
-0.000296057
0.000283579
-0.000317124
0.000340681
-0.000327031
0.000397197
-0.000327284
0.000451998
-0.000319707
0.000504225
-0.000306115
0.000553276
-0.000288211
0.00059876
-0.000267477
0.000640471
-0.000245164
0.000678345
-0.000222276
0.000712434
-0.000199594
0.000742875
-0.000177696
0.000769863
-0.000156992
0.000793636
-0.000137743
0.000814453
-0.000120101
0.000832583
-0.000104123
0.000848295
-8.98026e-05
0.00086185
-7.70811e-05
0.000873494
-6.58682e-05
0.000883458
-5.60521e-05
0.000891951
-4.75104e-05
0.000899166
-4.01167e-05
0.000905274
-3.37467e-05
0.000910426
-2.82816e-05
0.000914759
-2.36103e-05
0.000918388
-1.96312e-05
0.000921418
-1.62523e-05
0.000923938
-1.33916e-05
0.000926024
-1.09767e-05
0.000927743
-8.94372e-06
0.000929152
-7.2373e-06
0.000930301
-5.80923e-06
0.000931231
-4.61792e-06
0.000931977
-3.62753e-06
0.00093257
-2.8073e-06
0.000933036
-2.13089e-06
0.000933396
-1.57577e-06
0.000933669
-1.12271e-06
0.00093387
-7.55339e-07
0.000934014
-4.59704e-07
0.000934109
-2.23969e-07
0.000934167
-3.8086e-08
0.000934195
1.06454e-07
0.000934198
2.16847e-07
0.000934183
2.99165e-07
0.000934153
3.58523e-07
0.000934113
3.99222e-07
0.000934065
4.24866e-07
0.000934012
4.38467e-07
0.000933956
4.42537e-07
0.000933898
4.39162e-07
0.00093384
4.30069e-07
0.000933782
4.16677e-07
0.000933725
4.00153e-07
0.00093367
3.81445e-07
0.000933617
3.61322e-07
0.000933567
3.404e-07
0.000933519
3.19171e-07
0.000933474
2.98022e-07
0.000933432
2.77258e-07
0.000933392
2.57113e-07
0.000933355
2.37767e-07
0.000933321
2.19358e-07
0.00093329
2.01997e-07
0.00093326
1.85773e-07
0.000933233
1.70764e-07
0.000933208
1.57052e-07
0.000933185
1.44725e-07
0.000933163
1.33892e-07
0.000933143
1.24685e-07
0.000933123
1.17277e-07
0.000933105
1.1188e-07
0.000933087
1.08758e-07
0.000933069
1.08227e-07
0.00093305
1.10656e-07
0.00093303
1.16463e-07
0.000933009
1.26103e-07
0.000932986
1.40049e-07
0.00093296
1.58762e-07
0.00093293
1.82652e-07
0.000932895
2.12018e-07
0.000932855
2.47001e-07
0.000932809
2.87469e-07
0.000932756
3.33006e-07
0.000932696
3.8269e-07
0.000932627
4.35284e-07
0.000932551
4.88706e-07
0.000932466
5.40917e-07
0.000932374
5.8855e-07
0.000932276
6.29571e-07
0.000932174
6.60323e-07
0.000932069
6.79991e-07
6.90372e-07
1.18233e-06
1.26228e-05
9.74331e-06
-1.12205e-05
2.83122e-05
-6.45518e-05
5.78034e-05
-0.000132913
9.74206e-05
-0.000202764
0.000145551
-0.000266068
0.00020008
-0.000317398
0.000258863
-0.00035484
0.000319886
-0.000378147
0.000381411
-0.000388556
0.000442001
-0.000387874
0.000500533
-0.000378239
0.000556168
-0.00036175
0.000608322
-0.000340365
0.000656628
-0.000315783
0.000700898
-0.000289434
0.000741089
-0.000262466
0.000777268
-0.000235773
0.000809589
-0.000210018
0.000838264
-0.000185666
0.000863544
-0.000163023
0.000885702
-0.000142259
0.000905023
-0.000123444
0.000921787
-0.000106567
0.000936268
-9.15625e-05
0.000948726
-7.83256e-05
0.000959401
-6.6727e-05
0.000968515
-5.66245e-05
0.000976269
-4.78711e-05
0.000982845
-4.03221e-05
0.000988402
-3.38388e-05
0.000993083
-2.82915e-05
0.000997013
-2.35612e-05
0.0010003
-1.95401e-05
0.00100304
-1.61321e-05
0.00100532
-1.32517e-05
0.0010072
-1.08241e-05
0.00100874
-8.78397e-06
0.00101001
-7.07437e-06
0.00101104
-5.64619e-06
0.00101187
-4.45709e-06
0.00101253
-3.47065e-06
0.00101305
-2.65567e-06
0.00101346
-1.98544e-06
0.00101378
-1.43715e-06
0.00101401
-9.91332e-07
0.00101419
-6.31425e-07
0.00101431
-3.4334e-07
0.00101438
-1.15117e-07
0.00101443
6.3386e-08
0.00101444
2.00749e-07
0.00101444
3.04221e-07
0.00101442
3.79916e-07
0.00101438
4.32975e-07
0.00101434
4.67715e-07
0.00101429
4.87748e-07
0.00101424
4.96091e-07
0.00101418
4.95251e-07
0.00101412
4.87307e-07
0.00101407
4.73974e-07
0.00101401
4.56662e-07
0.00101395
4.3652e-07
0.0010139
4.14484e-07
0.00101385
3.91307e-07
0.0010138
3.67591e-07
0.00101376
3.43813e-07
0.00101371
3.2035e-07
0.00101367
2.97495e-07
0.00101363
2.75475e-07
0.0010136
2.54468e-07
0.00101357
2.34612e-07
0.00101354
2.16025e-07
0.00101351
1.98808e-07
0.00101348
1.83064e-07
0.00101346
1.68903e-07
0.00101344
1.56456e-07
0.00101341
1.45885e-07
0.00101339
1.3739e-07
0.00101338
1.31223e-07
0.00101336
1.2769e-07
0.00101334
1.27154e-07
0.00101332
1.30043e-07
0.0010133
1.36836e-07
0.00101328
1.48054e-07
0.00101325
1.64237e-07
0.00101322
1.85908e-07
0.00101319
2.13534e-07
0.00101316
2.47451e-07
0.00101312
2.87817e-07
0.00101307
3.34475e-07
0.00101302
3.86962e-07
0.00101295
4.44206e-07
0.00101288
5.04856e-07
0.00101281
5.66429e-07
0.00101272
6.26838e-07
0.00101263
6.81631e-07
0.00101253
7.29472e-07
0.00101243
7.6305e-07
0.00101232
7.86248e-07
7.86202e-07
1.95138e-06
1.06714e-05
1.29344e-05
-2.22035e-05
3.53084e-05
-8.69259e-05
6.96038e-05
-0.000167208
0.000114547
-0.000247707
0.000168144
-0.000319664
0.000227991
-0.000377244
0.000291777
-0.000418626
0.000357403
-0.000443773
0.000423108
-0.000454262
0.00048747
-0.000452235
0.000549393
-0.000440162
0.000608076
-0.000420433
0.000662971
-0.00039526
0.000713745
-0.000366557
0.000760237
-0.000335926
0.000802429
-0.000304658
0.000840409
-0.000273754
0.000874349
-0.000243957
0.000904475
-0.000215793
0.000931054
-0.000189602
0.000954372
-0.000165577
0.000974724
-0.000143796
0.000992402
-0.000124246
0.00100769
-0.000106852
0.00102086
-9.14956e-05
0.00103216
-7.8028e-05
0.00104183
-6.62868e-05
0.00105006
-5.61044e-05
0.00105705
-4.73146e-05
0.00106297
-3.97583e-05
0.00106797
-3.32867e-05
0.00107217
-2.77626e-05
0.00107569
-2.30621e-05
0.00107863
-1.9074e-05
0.00108108
-1.56999e-05
0.00108311
-1.2853e-05
0.00108478
-1.04577e-05
0.00108616
-8.44797e-06
0.00108728
-6.7669e-06
0.00108818
-5.36527e-06
0.00108891
-4.20073e-06
0.0010895
-3.23696e-06
0.00108995
-2.44285e-06
0.00109031
-1.7918e-06
0.00109058
-1.26112e-06
0.00109078
-8.31452e-07
0.00109092
-4.86342e-07
0.00109102
-2.11799e-07
0.00109108
4.04474e-09
0.00109111
1.71241e-07
0.00109111
2.9829e-07
0.0010911
3.92363e-07
0.00109107
4.59502e-07
0.00109104
5.04781e-07
0.00109099
5.32455e-07
0.00109094
5.46076e-07
0.00109089
5.48606e-07
0.00109083
5.42502e-07
0.00109078
5.29797e-07
0.00109072
5.12161e-07
0.00109067
4.90964e-07
0.00109061
4.6732e-07
0.00109056
4.42131e-07
0.00109052
4.16119e-07
0.00109047
3.89862e-07
0.00109043
3.63816e-07
0.00109038
3.38337e-07
0.00109035
3.13707e-07
0.00109031
2.90144e-07
0.00109028
2.67824e-07
0.00109025
2.46892e-07
0.00109022
2.27475e-07
0.00109019
2.09701e-07
0.00109017
1.93703e-07
0.00109014
1.79637e-07
0.00109012
1.67692e-07
0.0010901
1.58102e-07
0.00109008
1.51153e-07
0.00109006
1.47194e-07
0.00109004
1.4664e-07
0.00109002
1.49972e-07
0.00109
1.5773e-07
0.00108998
1.70499e-07
0.00108995
1.88884e-07
0.00108993
2.1347e-07
0.0010899
2.44779e-07
0.00108986
2.83181e-07
0.00108982
3.28854e-07
0.00108977
3.81613e-07
0.00108972
4.40954e-07
0.00108966
5.05658e-07
0.00108959
5.74268e-07
0.00108951
6.43904e-07
0.00108942
7.12442e-07
0.00108933
7.7432e-07
0.00108923
8.2893e-07
0.00108913
8.65173e-07
0.00108902
8.91816e-07
8.80949e-07
2.75729e-06
7.91414e-06
1.63812e-05
-3.58274e-05
4.29021e-05
-0.000113447
8.23752e-05
-0.000206681
0.000132955
-0.000298287
0.000192214
-0.000378923
0.000257441
-0.000442471
0.000326165
-0.000487349
0.00039622
-0.000513829
0.000465851
-0.000523893
0.000533671
-0.000520055
0.000598639
-0.000505129
0.000660006
-0.000481801
0.000717278
-0.000452532
0.000770164
-0.000419442
0.00081854
-0.000384302
0.000862417
-0.000348535
0.000901908
-0.000313245
0.000937203
-0.000279252
0.000968546
-0.000247135
0.000996214
-0.00021727
0.00102051
-0.000189869
0.00104173
-0.000165017
0.00106018
-0.000142699
0.00107616
-0.00012283
0.00108994
-0.000105274
0.00110178
-8.98663e-05
0.00111191
-7.64222e-05
0.00112056
-6.47527e-05
0.00112792
-5.46703e-05
0.00113415
-4.5995e-05
0.00113942
-3.85581e-05
0.00114387
-3.22041e-05
0.0011476
-2.67922e-05
0.00115072
-2.21961e-05
0.00115332
-1.83035e-05
0.00115548
-1.50159e-05
0.00115727
-1.22467e-05
0.00115875
-9.92062e-06
0.00115995
-7.97256e-06
0.00116093
-6.34615e-06
0.00116172
-4.99293e-06
0.00116236
-3.87123e-06
0.00116286
-2.94536e-06
0.00116325
-2.18477e-06
0.00116356
-1.56339e-06
0.00116378
-1.05896e-06
0.00116395
-6.52534e-07
0.00116407
-3.27997e-07
0.00116414
-7.16711e-08
0.00116419
1.2804e-07
0.0011642
2.80948e-07
0.0011642
3.95343e-07
0.00116418
4.7821e-07
0.00116415
5.35425e-07
0.00116411
5.71918e-07
0.00116406
5.91813e-07
0.00116401
5.9855e-07
0.00116396
5.94989e-07
0.00116391
5.83497e-07
0.00116385
5.66026e-07
0.0011638
5.44179e-07
0.00116375
5.19261e-07
0.0011637
4.92335e-07
0.00116365
4.64252e-07
0.00116361
4.35698e-07
0.00116356
4.07214e-07
0.00116352
3.7923e-07
0.00116348
3.52082e-07
0.00116345
3.26036e-07
0.00116341
3.01306e-07
0.00116338
2.7807e-07
0.00116335
2.56485e-07
0.00116333
2.36701e-07
0.0011633
2.18878e-07
0.00116328
2.03199e-07
0.00116326
1.89881e-07
0.00116323
1.79188e-07
0.00116321
1.71445e-07
0.00116319
1.67042e-07
0.00116317
1.66441e-07
0.00116315
1.70176e-07
0.00116313
1.78847e-07
0.00116311
1.931e-07
0.00116309
2.13602e-07
0.00116306
2.40998e-07
0.00116303
2.75858e-07
0.00116299
3.1859e-07
0.00116295
3.69389e-07
0.0011629
4.28046e-07
0.00116285
4.94016e-07
0.00116279
5.65943e-07
0.00116272
6.42272e-07
0.00116265
7.19737e-07
0.00116256
7.96186e-07
0.00116247
8.64949e-07
0.00116238
9.26158e-07
0.00116228
9.64889e-07
0.00116217
9.94857e-07
9.73073e-07
3.61301e-06
4.30113e-06
2.01453e-05
-5.23597e-05
5.12111e-05
-0.000144513
9.62796e-05
-0.00025175
0.000152828
-0.000354836
0.000217943
-0.000444039
0.000288596
-0.000513124
0.000362167
-0.000560921
0.000436456
-0.000588117
0.000509736
-0.000597173
0.000580686
-0.000591004
0.000648338
-0.000572782
0.00071202
-0.000545483
0.000771298
-0.000511811
0.000825938
-0.000474081
0.000875858
-0.000434223
0.000921105
-0.000393782
0.000961817
-0.000353957
0.000998203
-0.000315639
0.00103052
-0.000279456
0.00105907
-0.000245817
0.00108415
-0.00021495
0.00110608
-0.000186946
0.00112517
-0.000161785
0.00114171
-0.000139372
0.00115599
-0.000119556
0.00116827
-0.000102151
0.00117881
-8.69526e-05
0.0011878
-7.37499e-05
0.00119547
-6.23333e-05
0.00120197
-5.25015e-05
0.00120748
-4.40658e-05
0.00121213
-3.68522e-05
0.00121604
-3.07025e-05
0.00121932
-2.54749e-05
0.00122206
-2.10435e-05
0.00122434
-1.7297e-05
0.00122623
-1.4138e-05
0.00122779
-1.14817e-05
0.00122907
-9.25454e-06
0.00123012
-7.39282e-06
0.00123097
-5.84173e-06
0.00123165
-4.55414e-06
0.00123219
-3.4896e-06
0.00123262
-2.61351e-06
0.00123296
-1.89625e-06
0.00123321
-1.31259e-06
0.0012334
-8.40991e-07
0.00123353
-4.63139e-07
0.00123363
-1.63473e-07
0.00123368
7.12081e-08
0.00123371
2.52085e-07
0.00123372
3.88608e-07
0.00123371
4.88751e-07
0.00123368
5.59226e-07
0.00123365
6.05668e-07
0.00123361
6.32799e-07
0.00123356
6.44562e-07
0.00123351
6.44238e-07
0.00123346
6.34548e-07
0.00123341
6.1774e-07
0.00123336
5.95661e-07
0.00123331
5.69824e-07
0.00123326
5.41456e-07
0.00123321
5.11551e-07
0.00123317
4.80905e-07
0.00123312
4.50156e-07
0.00123308
4.19806e-07
0.00123305
3.90256e-07
0.00123301
3.61823e-07
0.00123298
3.34761e-07
0.00123294
3.09283e-07
0.00123292
2.85576e-07
0.00123289
2.63819e-07
0.00123286
2.44199e-07
0.00123284
2.26923e-07
0.00123282
2.12237e-07
0.0012328
2.00439e-07
0.00123278
1.91886e-07
0.00123276
1.8701e-07
0.00123274
1.86319e-07
0.00123272
1.90397e-07
0.00123269
1.99899e-07
0.00123267
2.15529e-07
0.00123265
2.38013e-07
0.00123262
2.68049e-07
0.00123259
3.06258e-07
0.00123256
3.53079e-07
0.00123252
4.08723e-07
0.00123247
4.72963e-07
0.00123242
5.45217e-07
0.00123236
6.23997e-07
0.0012323
7.07665e-07
0.00123222
7.92583e-07
0.00123214
8.76583e-07
0.00123206
9.5191e-07
0.00123196
1.01943e-06
0.00123187
1.06046e-06
0.00123177
1.09359e-06
1.06107e-06
4.54161e-06
-2.40484e-07
2.43209e-05
-7.2139e-05
6.04063e-05
-0.000180598
0.000111542
-0.000302886
0.000174409
-0.000417703
0.000245567
-0.000515196
0.000321663
-0.000589221
0.00039996
-0.000639217
0.000478251
-0.000666408
0.000554875
-0.000673797
0.000628602
-0.000664731
0.000698564
-0.000642744
0.000764177
-0.000611096
0.000825086
-0.00057272
0.000881118
-0.000530113
0.000932242
-0.000485347
0.000978541
-0.000440081
0.00102018
-0.000395598
0.0010574
-0.000352854
0.00109046
-0.00031252
0.00111967
-0.000275031
0.00114536
-0.000240633
0.00116783
-0.000209417
0.0011874
-0.00018136
0.00120438
-0.000156354
0.00121906
-0.000134232
0.0012317
-0.000114789
0.00124255
-9.77986e-05
0.00125182
-8.3028e-05
0.00125974
-7.02455e-05
0.00126646
-5.92287e-05
0.00127217
-4.97684e-05
0.00127698
-4.16718e-05
0.00128105
-3.47635e-05
0.00128446
-2.8886e-05
0.00128731
-2.38991e-05
0.00128969
-1.96791e-05
0.00129167
-1.61174e-05
0.00129331
-1.31196e-05
0.00129466
-1.06033e-05
0.00129577
-8.49745e-06
0.00129666
-6.74082e-06
0.00129739
-5.28061e-06
0.00129797
-4.07154e-06
0.00129843
-3.07482e-06
0.00129879
-2.25724e-06
0.00129907
-1.59048e-06
0.00129928
-1.05034e-06
0.00129944
-6.1625e-07
0.00129954
-2.70711e-07
0.00129961
1.13594e-09
0.00129965
2.11881e-07
0.00129967
3.72177e-07
0.00129967
4.91015e-07
0.00129965
5.75973e-07
0.00129962
6.3342e-07
0.00129959
6.68697e-07
0.00129954
6.86267e-07
0.0012995
6.89852e-07
0.00129945
6.82541e-07
0.0012994
6.6689e-07
0.00129935
6.45003e-07
0.0012993
6.18607e-07
0.00129926
5.89106e-07
0.00129921
5.5764e-07
0.00129917
5.25126e-07
0.00129912
4.923e-07
0.00129908
4.59746e-07
0.00129905
4.27929e-07
0.00129901
3.9722e-07
0.00129898
3.6792e-07
0.00129895
3.40277e-07
0.00129892
3.14512e-07
0.00129889
2.90832e-07
0.00129887
2.69449e-07
0.00129884
2.506e-07
0.00129882
2.34558e-07
0.0012988
2.2165e-07
0.00129878
2.12268e-07
0.00129876
2.06883e-07
0.00129874
2.06043e-07
0.00129872
2.10381e-07
0.0012987
2.20602e-07
0.00129868
2.37463e-07
0.00129865
2.61745e-07
0.00129863
2.94195e-07
0.0012986
3.35479e-07
0.00129856
3.86066e-07
0.00129853
4.46184e-07
0.00129848
5.15587e-07
0.00129844
5.93661e-07
0.00129838
6.78803e-07
0.00129832
7.69296e-07
0.00129825
8.61158e-07
0.00129817
9.52212e-07
0.00129809
1.03367e-06
0.00129801
1.10711e-06
0.00129792
1.15022e-06
0.00129782
1.18631e-06
1.14347e-06
5.57929e-06
-5.81977e-06
2.90434e-05
-9.5603e-05
7.07213e-05
-0.000222276
0.000128459
-0.000360623
0.000198011
-0.000487255
0.000275375
-0.000592561
0.000356895
-0.00067074
0.000439747
-0.00072207
0.000521766
-0.000748427
0.000601392
-0.000753423
0.000677517
-0.000740856
0.000749392
-0.000714619
0.000816541
-0.000678245
0.000878696
-0.000634875
0.000935753
-0.000587171
0.000987738
-0.000537331
0.00103477
-0.000487114
0.00107705
-0.000437879
0.00111483
-0.000390634
0.0011484
-0.000346089
0.00117807
-0.000304702
0.00120417
-0.00026673
0.00122702
-0.000232266
0.00124694
-0.00020128
0.00126424
-0.000173651
0.0012792
-0.000149194
0.00129209
-0.000127686
0.00130318
-0.000108879
0.00131267
-9.25176e-05
0.00132077
-7.83478e-05
0.00132766
-6.6126e-05
0.00133352
-5.56228e-05
0.00133847
-4.66266e-05
0.00134266
-3.89445e-05
0.00134617
-3.24033e-05
0.00134912
-2.68486e-05
0.00135159
-2.2144e-05
0.00135364
-1.81698e-05
0.00135534
-1.48215e-05
0.00135675
-1.20083e-05
0.0013579
-9.65145e-06
0.00135884
-7.68315e-06
0.00135961
-6.04492e-06
0.00136022
-4.68656e-06
0.00136071
-3.56501e-06
0.0013611
-2.64343e-06
0.0013614
-1.89032e-06
0.00136163
-1.27881e-06
0.0013618
-7.86e-07
0.00136192
-3.92412e-07
0.001362
-8.14974e-08
0.00136205
1.60779e-07
0.00136208
3.46298e-07
0.00136208
4.85098e-07
0.00136207
5.85645e-07
0.00136205
6.5506e-07
0.00136202
6.99321e-07
0.00136198
7.23429e-07
0.00136194
7.31557e-07
0.0013619
7.27176e-07
0.00136185
7.1316e-07
0.0013618
6.91881e-07
0.00136176
6.65285e-07
0.00136171
6.34962e-07
0.00136167
6.02205e-07
0.00136162
5.68056e-07
0.00136158
5.33354e-07
0.00136154
4.98768e-07
0.00136151
4.64832e-07
0.00136147
4.31976e-07
0.00136144
4.00544e-07
0.00136141
3.70828e-07
0.00136138
3.43078e-07
0.00136135
3.17534e-07
0.00136133
2.94434e-07
0.00136131
2.74041e-07
0.00136128
2.56656e-07
0.00136126
2.42634e-07
0.00136124
2.324e-07
0.00136122
2.26457e-07
0.0013612
2.25396e-07
0.00136118
2.2989e-07
0.00136116
2.40689e-07
0.00136114
2.586e-07
0.00136112
2.8445e-07
0.0013611
3.19033e-07
0.00136107
3.63053e-07
0.00136104
4.17008e-07
0.001361
4.8114e-07
0.00136096
5.55188e-07
0.00136092
6.38514e-07
0.00136087
7.29409e-07
0.00136081
8.2609e-07
0.00136075
9.24263e-07
0.00136068
1.02175e-06
0.0013606
1.10879e-06
0.00136052
1.18765e-06
0.00136044
1.23261e-06
0.00136035
1.27143e-06
1.2189e-06
6.78037e-06
-1.26001e-05
3.45011e-05
-0.000123324
8.24661e-05
-0.000270241
0.000147406
-0.000425563
0.000224017
-0.000563866
0.000307717
-0.000676261
0.000394581
-0.000757604
0.00048176
-0.000809249
0.000567178
-0.000833844
0.000649419
-0.000835664
0.000727529
-0.000818966
0.000800899
-0.00078799
0.000869172
-0.000746518
0.000932178
-0.000697881
0.00098989
-0.000644882
0.00104239
-0.00058983
0.00108984
-0.000534565
0.00113247
-0.000480509
0.00117055
-0.000428717
0.00120439
-0.000379928
0.00123431
-0.000334621
0.00126064
-0.000293057
0.0012837
-0.00025533
0.00130382
-0.000221401
0.00132131
-0.000191136
0.00133645
-0.000164334
0.00134951
-0.000140749
0.00136075
-0.000120113
0.00137038
-0.000102149
0.00137861
-8.658e-05
0.00138562
-7.3142e-05
0.00139159
-6.15853e-05
0.00139664
-5.16792e-05
0.00140091
-4.32139e-05
0.00140451
-3.60001e-05
0.00140753
-2.98694e-05
0.00141006
-2.46728e-05
0.00141217
-2.02792e-05
0.00141392
-1.65743e-05
0.00141537
-1.34585e-05
0.00141656
-1.08456e-05
0.00141754
-8.66109e-06
0.00141834
-6.84079e-06
0.00141898
-5.3295e-06
0.00141949
-4.0799e-06
0.0014199
-3.05144e-06
0.00142022
-2.20943e-06
0.00142047
-1.52428e-06
0.00142065
-9.70733e-07
0.00142079
-5.27312e-07
0.00142088
-1.75748e-07
0.00142094
9.94591e-08
0.00142098
3.11439e-07
0.00142099
4.71295e-07
0.00142099
5.88397e-07
0.00142097
6.70633e-07
0.00142095
7.2463e-07
0.00142091
7.55938e-07
0.00142088
7.69193e-07
0.00142084
7.68257e-07
0.00142079
7.56329e-07
0.00142075
7.36054e-07
0.0014207
7.09608e-07
0.00142066
6.78771e-07
0.00142062
6.44992e-07
0.00142058
6.09444e-07
0.00142054
5.73072e-07
0.0014205
5.36635e-07
0.00142046
5.00738e-07
0.00142043
4.6587e-07
0.0014204
4.32424e-07
0.00142037
4.00733e-07
0.00142034
3.71082e-07
0.00142031
3.43739e-07
0.00142029
3.18972e-07
0.00142027
2.97069e-07
0.00142024
2.78355e-07
0.00142022
2.63214e-07
0.0014202
2.52098e-07
0.00142018
2.45542e-07
0.00142017
2.44171e-07
0.00142015
2.48696e-07
0.00142013
2.59907e-07
0.00142011
2.78651e-07
0.00142009
3.05799e-07
0.00142006
3.42182e-07
0.00142004
3.8854e-07
0.00142001
4.45394e-07
0.00141998
5.13003e-07
0.00141994
5.91091e-07
0.0014199
6.79e-07
0.00141985
7.74934e-07
0.0014198
8.77054e-07
0.00141975
9.80789e-07
0.00141969
1.08396e-06
0.00141962
1.17595e-06
0.00141955
1.25964e-06
0.00141947
1.3062e-06
0.0014194
1.34746e-06
1.28607e-06
8.22526e-06
-2.08254e-05
4.0953e-05
-0.000156052
9.60456e-05
-0.000325334
0.000168855
-0.000498373
0.000252887
-0.000647897
0.000342996
-0.00076637
0.000435051
-0.00084966
0.000526252
-0.00090045
0.000614676
-0.000922268
0.000699096
-0.000920083
0.000778739
-0.000898609
0.000853158
-0.000862409
0.000922126
-0.000815486
0.000985579
-0.000761334
0.00104357
-0.000702871
0.00109623
-0.000642496
0.00114378
-0.000582115
0.00118648
-0.000523201
0.0012246
-0.000466844
0.00125848
-0.000413807
0.00128844
-0.00036458
0.00131481
-0.00031943
0.00133793
-0.000278447
0.00135811
-0.000241582
0.00137566
-0.000208687
0.00139087
-0.000179542
0.001404
-0.000153883
0.00141531
-0.000131419
0.00142501
-0.000111851
0.00143331
-9.48815e-05
0.0014404
-8.02248e-05
0.00144642
-6.76113e-05
0.00145153
-5.67919e-05
0.00145586
-4.75393e-05
0.00145951
-3.9649e-05
0.00146258
-3.29384e-05
0.00146515
-2.72458e-05
0.0014673
-2.24291e-05
0.00146909
-1.83639e-05
0.00147057
-1.49423e-05
0.0014718
-1.20702e-05
0.0014728
-9.66655e-06
0.00147362
-7.66149e-06
0.00147429
-5.99484e-06
0.00147482
-4.61495e-06
0.00147525
-3.47756e-06
0.00147559
-2.54481e-06
0.00147585
-1.78433e-06
0.00147604
-1.16853e-06
0.00147619
-6.73897e-07
0.0014763
-2.80444e-07
0.00147637
2.88101e-08
0.00147641
2.68256e-07
0.00147643
4.50071e-07
0.00147643
5.84538e-07
0.00147642
6.80322e-07
0.0014764
7.44706e-07
0.00147638
7.83798e-07
0.00147634
8.02703e-07
0.00147631
8.05677e-07
0.00147627
7.96254e-07
0.00147622
7.77356e-07
0.00147618
7.51392e-07
0.00147614
7.20336e-07
0.0014761
6.85798e-07
0.00147606
6.49085e-07
0.00147602
6.11251e-07
0.00147599
5.73146e-07
0.00147595
5.35451e-07
0.00147592
4.98712e-07
0.00147589
4.63377e-07
0.00147586
4.29817e-07
0.00147583
3.98353e-07
0.00147581
3.69285e-07
0.00147578
3.42904e-07
0.00147576
3.19525e-07
0.00147574
2.99498e-07
0.00147572
2.83229e-07
0.0014757
2.71196e-07
0.00147568
2.63962e-07
0.00147566
2.62179e-07
0.00147564
2.66592e-07
0.00147563
2.78023e-07
0.00147561
2.97355e-07
0.00147559
3.25491e-07
0.00147557
3.63298e-07
0.00147554
4.11543e-07
0.00147552
4.70768e-07
0.00147549
5.41245e-07
0.00147546
6.2269e-07
0.00147542
7.14428e-07
0.00147538
8.14592e-07
0.00147534
9.213e-07
0.00147529
1.02975e-06
0.00147524
1.13777e-06
0.00147518
1.23398e-06
0.00147512
1.32181e-06
0.00147505
1.3697e-06
0.00147499
1.41308e-06
1.34384e-06
1.00329e-05
-3.08583e-05
4.87536e-05
-0.000194772
0.000111984
-0.000388564
0.000193387
-0.000579776
0.000285166
-0.000739676
0.000381668
-0.000862872
0.000478663
-0.000946655
0.000573491
-0.000995278
0.000664452
-0.00101323
0.000750555
-0.00100619
0.00083124
-0.000979294
0.000906235
-0.000937403
0.000975453
-0.000884705
0.00103894
-0.000824819
0.00109682
-0.000760756
0.00114931
-0.000694981
0.00119664
-0.000629449
0.00123911
-0.00056567
0.00127702
-0.000504758
0.00131071
-0.000447494
0.00134051
-0.000394375
0.00136674
-0.000345668
0.00138975
-0.000301456
0.00140985
-0.000261681
0.00142735
-0.000226179
0.00144252
-0.000194711
0.00145563
-0.000166994
0.00146692
-0.000142715
0.00147663
-0.000121554
0.00148494
-0.000103192
0.00149203
-8.73224e-05
0.00149808
-7.36563e-05
0.00150321
-6.19262e-05
0.00150756
-5.18882e-05
0.00151124
-4.33222e-05
0.00151433
-3.60318e-05
0.00151693
-2.98429e-05
0.0015191
-2.46024e-05
0.00152091
-2.01761e-05
0.00152242
-1.64475e-05
0.00152366
-1.3315e-05
0.00152469
-1.0691e-05
0.00152552
-8.49995e-06
0.00152621
-6.67668e-06
0.00152676
-5.16528e-06
0.0015272
-3.91779e-06
0.00152754
-2.89315e-06
0.00152782
-2.05628e-06
0.00152803
-1.37721e-06
0.00152818
-8.30434e-07
0.0015283
-3.94214e-07
0.00152837
-5.00961e-08
0.00152843
2.17572e-07
0.00152845
4.22043e-07
0.00152846
5.74518e-07
0.00152846
6.84438e-07
0.00152844
7.5975e-07
0.00152842
8.07119e-07
0.00152839
8.32124e-07
0.00152836
8.39419e-07
0.00152832
8.32873e-07
0.00152828
8.15692e-07
0.00152824
7.90517e-07
0.0015282
7.5952e-07
0.00152817
7.24474e-07
0.00152813
6.86822e-07
0.00152809
6.47731e-07
0.00152806
6.0814e-07
0.00152802
5.68808e-07
0.00152799
5.30344e-07
0.00152796
4.93246e-07
0.00152793
4.57926e-07
0.00152791
4.24742e-07
0.00152788
3.94022e-07
0.00152786
3.66085e-07
0.00152784
3.41267e-07
0.00152782
3.1994e-07
0.0015278
3.02531e-07
0.00152778
2.89541e-07
0.00152776
2.81554e-07
0.00152774
2.79246e-07
0.00152773
2.83387e-07
0.00152771
2.94825e-07
0.00152769
3.14471e-07
0.00152768
3.43255e-07
0.00152766
3.82069e-07
0.00152764
4.31704e-07
0.00152762
4.92718e-07
0.00152759
5.65395e-07
0.00152756
6.49444e-07
0.00152753
7.44182e-07
0.0015275
8.47687e-07
0.00152746
9.58045e-07
0.00152742
1.07027e-06
0.00152738
1.18219e-06
0.00152733
1.28182e-06
0.00152728
1.37303e-06
0.00152723
1.42197e-06
0.00152717
1.46711e-06
1.39116e-06
1.23803e-05
-4.32387e-05
5.83888e-05
-0.000240781
0.000130956
-0.000461131
0.000221707
-0.000670526
0.000321483
-0.000839452
0.000424242
-0.000965632
0.000525799
-0.00104821
0.000623749
-0.00109323
0.000716695
-0.00110618
0.000803926
-0.00109342
0.000885118
-0.00106049
0.000960187
-0.00101247
0.00102919
-0.000953711
0.00109229
-0.000887914
0.00114968
-0.000818153
0.00120164
-0.000746936
0.00124844
-0.000676252
0.0012904
-0.000607632
0.00132785
-0.000542207
0.00136112
-0.000480764
0.00139055
-0.000423805
0.00141648
-0.000371593
0.00143923
-0.000324202
0.00145911
-0.000281562
0.00147642
-0.000243492
0.00149144
-0.000209736
0.00150444
-0.00017999
0.00151565
-0.000153922
0.00152528
-0.000131189
0.00153354
-0.000111451
0.0015406
-9.43832e-05
0.00154662
-7.96758e-05
0.00155174
-6.70442e-05
0.00155608
-5.62278e-05
0.00155975
-4.69917e-05
0.00156284
-3.91258e-05
0.00156544
-3.24438e-05
0.00156762
-2.67819e-05
0.00156944
-2.19963e-05
0.00157096
-1.79618e-05
0.00157221
-1.45696e-05
0.00157325
-1.17257e-05
0.0015741
-9.34883e-06
0.00157479
-7.36889e-06
0.00157535
-5.72577e-06
0.0015758
-4.36787e-06
0.00157616
-3.25096e-06
0.00157644
-2.33725e-06
0.00157665
-1.59445e-06
0.00157682
-9.95019e-07
0.00157694
-5.15523e-07
0.00157703
-1.36037e-07
0.00157708
1.60348e-07
0.00157712
3.87957e-07
0.00157713
5.58901e-07
0.00157713
6.83401e-07
0.00157712
7.70059e-07
0.0015771
8.261e-07
0.00157708
8.57576e-07
0.00157705
8.69538e-07
0.00157702
8.66193e-07
0.00157698
8.51025e-07
0.00157694
8.26916e-07
0.00157691
7.96233e-07
0.00157687
7.60914e-07
0.00157684
7.22538e-07
0.0015768
6.82384e-07
0.00157677
6.41487e-07
0.00157674
6.00678e-07
0.00157671
5.60633e-07
0.00157668
5.21898e-07
0.00157665
4.8493e-07
0.00157662
4.50121e-07
0.0015766
4.17826e-07
0.00157658
3.8839e-07
0.00157656
3.62169e-07
0.00157654
3.39555e-07
0.00157652
3.20993e-07
0.0015765
3.07e-07
0.00157649
2.98178e-07
0.00157647
2.9522e-07
0.00157645
2.98914e-07
0.00157644
3.10129e-07
0.00157642
3.29793e-07
0.00157641
3.58857e-07
0.00157639
3.98229e-07
0.00157637
4.48719e-07
0.00157636
5.10897e-07
0.00157634
5.85054e-07
0.00157631
6.709e-07
0.00157629
7.67747e-07
0.00157627
8.73635e-07
0.00157624
9.86634e-07
0.00157621
1.10162e-06
0.00157617
1.21643e-06
0.00157613
1.31861e-06
0.0015761
1.41238e-06
0.00157605
1.46205e-06
0.00157601
1.50856e-06
1.42718e-06
1.55339e-05
-5.87725e-05
7.05266e-05
-0.000295773
0.000153827
-0.000544432
0.000254666
-0.000771365
0.000362556
-0.000947343
0.000471267
-0.00107434
0.000576854
-0.0011538
0.000677297
-0.00119367
0.000771583
-0.00120046
0.000859321
-0.00118116
0.000940442
-0.00114161
0.00101506
-0.00108709
0.00108337
-0.00102203
0.00114565
-0.000950187
0.00120217
-0.000874674
0.00125325
-0.000798015
0.00129921
-0.000722214
0.00134039
-0.000648811
0.00137712
-0.000578942
0.00140976
-0.000513398
0.00143863
-0.000452676
0.00146406
-0.000397032
0.00148639
-0.000346531
0.00150592
-0.000301088
0.00152294
-0.000260507
0.00153771
-0.000224513
0.00155051
-0.000192782
0.00156155
-0.000164961
0.00157104
-0.000140687
0.00157919
-0.000119601
0.00158617
-0.000101356
0.00159212
-8.56259e-05
0.00159718
-7.21079e-05
0.00160148
-6.05257e-05
0.00160512
-5.06296e-05
0.00160819
-4.21965e-05
0.00161077
-3.50283e-05
0.00161294
-2.89503e-05
0.00161475
-2.38096e-05
0.00161626
-1.94727e-05
0.00161752
-1.58236e-05
0.00161855
-1.27618e-05
0.00161941
-1.02006e-05
0.0016201
-8.06515e-06
0.00162067
-6.29115e-06
0.00162112
-4.8234e-06
0.00162149
-3.61458e-06
0.00162177
-2.62422e-06
0.001622
-1.81773e-06
0.00162217
-1.1656e-06
0.00162229
-6.42703e-07
0.00162239
-2.27665e-07
0.00162245
9.76642e-08
0.00162249
3.48667e-07
0.00162251
5.38357e-07
0.00162251
6.77722e-07
0.00162251
7.76017e-07
0.00162249
8.4102e-07
0.00162247
8.79251e-07
0.00162244
8.96157e-07
0.00162241
8.96278e-07
0.00162238
8.8338e-07
0.00162235
8.60577e-07
0.00162231
8.30436e-07
0.00162228
7.95056e-07
0.00162225
7.56154e-07
0.00162221
7.15122e-07
0.00162218
6.73087e-07
0.00162215
6.30959e-07
0.00162212
5.89472e-07
0.0016221
5.49227e-07
0.00162207
5.10721e-07
0.00162205
4.7438e-07
0.00162202
4.40586e-07
0.001622
4.09708e-07
0.00162198
3.82121e-07
0.00162196
3.58231e-07
0.00162195
3.38498e-07
0.00162193
3.23452e-07
0.00162191
3.13705e-07
0.0016219
3.09964e-07
0.00162188
3.13027e-07
0.00162187
3.23773e-07
0.00162186
3.43141e-07
0.00162184
3.72094e-07
0.00162183
4.11552e-07
0.00162182
4.62331e-07
0.0016218
5.25012e-07
0.00162179
5.99892e-07
0.00162177
6.86684e-07
0.00162176
7.84698e-07
0.00162174
8.91961e-07
0.00162172
1.00653e-06
0.0016217
1.12321e-06
0.00162167
1.23984e-06
0.00162165
1.34364e-06
0.00162162
1.43908e-06
0.00162159
1.48919e-06
0.00162157
1.53664e-06
1.45118e-06
1.98993e-05
-7.86718e-05
8.60889e-05
-0.000361963
0.0001817
-0.000640043
0.000293273
-0.000882939
0.000409186
-0.00106326
0.000523321
-0.00118848
0.000632219
-0.0012627
0.000734387
-0.00129584
0.00082927
-0.00129534
0.000916828
-0.00126871
0.000997261
-0.00122204
0.00107087
-0.0011607
0.00113801
-0.00108916
0.00119902
-0.0010112
0.00125428
-0.000929932
0.00130414
-0.000847874
0.00134895
-0.000767028
0.00138908
-0.000688934
0.00142486
-0.000614723
0.00145664
-0.000545181
0.00148476
-0.000480797
0.00150955
-0.000421818
0.00153131
-0.000368296
0.00155035
-0.000320131
0.00156696
-0.000277111
0.00158139
-0.000238943
0.00159389
-0.000205282
0.00160468
-0.000175756
0.00161398
-0.000149983
0.00162196
-0.000127583
0.00162879
-0.000108191
0.00163463
-9.14633e-05
0.0016396
-7.70801e-05
0.00164383
-6.47498e-05
0.00164741
-5.42086e-05
0.00165043
-4.52205e-05
0.00165298
-3.75761e-05
0.00165512
-3.10904e-05
0.00165691
-2.56015e-05
0.00165841
-2.09678e-05
0.00165965
-1.70662e-05
0.00166068
-1.37902e-05
0.00166152
-1.10477e-05
0.00166222
-8.75906e-06
0.00166278
-6.85602e-06
0.00166324
-5.27986e-06
0.0016636
-3.98022e-06
0.00166389
-2.91403e-06
0.00166412
-2.04444e-06
0.0016643
-1.34002e-06
0.00166443
-7.73987e-07
0.00166452
-3.23536e-07
0.00166459
3.06905e-08
0.00166463
3.05114e-07
0.00166466
5.13634e-07
0.00166467
6.6799e-07
0.00166467
7.78078e-07
0.00166465
8.52223e-07
0.00166464
8.97402e-07
0.00166461
9.19454e-07
0.00166459
9.23246e-07
0.00166456
9.12822e-07
0.00166453
8.91528e-07
0.00166449
8.62124e-07
0.00166446
8.26873e-07
0.00166443
7.87625e-07
0.0016644
7.45885e-07
0.00166437
7.02872e-07
0.00166434
6.5957e-07
0.00166431
6.16778e-07
0.00166429
5.75145e-07
0.00166426
5.35209e-07
0.00166424
4.97428e-07
0.00166422
4.62212e-07
0.0016642
4.29948e-07
0.00166418
4.01028e-07
0.00166416
3.75872e-07
0.00166415
3.54949e-07
0.00166413
3.38796e-07
0.00166412
3.28032e-07
0.0016641
3.23368e-07
0.00166409
3.25605e-07
0.00166408
3.35626e-07
0.00166407
3.54373e-07
0.00166406
3.8281e-07
0.00166405
4.21859e-07
0.00166404
4.72343e-07
0.00166403
5.34842e-07
0.00166402
6.0966e-07
0.00166401
6.96515e-07
0.001664
7.94723e-07
0.00166399
9.02313e-07
0.00166397
1.01735e-06
0.00166396
1.1346e-06
0.00166395
1.25193e-06
0.00166394
1.3564e-06
0.00166393
1.45259e-06
0.00166391
1.5028e-06
0.0016639
1.55073e-06
1.46266e-06
2.61059e-05
-0.000104778
0.000106352
-0.000442209
0.000215974
-0.000749664
0.00033871
-0.00100567
0.000462243
-0.00118679
0.00058099
-0.00130722
0.000692264
-0.00137397
0.000795238
-0.00139881
0.000889876
-0.00138998
0.000976509
-0.00135535
0.0010556
-0.00130113
0.00112763
-0.00123273
0.00119308
-0.00115461
0.00125241
-0.00107052
0.00130602
-0.000983543
0.00135432
-0.000896173
0.00139769
-0.000810396
0.00143649
-0.000727737
0.00147108
-0.000649316
0.00150181
-0.000575905
0.00152899
-0.000507984
0.00155296
-0.000445788
0.00157402
-0.000389353
0.00159245
-0.000338565
0.00160854
-0.000293193
0.00162252
-0.000252927
0.00163464
-0.000217404
0.00164512
-0.000186233
0.00165415
-0.000159011
0.00166191
-0.000135341
0.00166855
-0.00011484
0.00167424
-9.71462e-05
0.00167908
-8.19247e-05
0.0016832
-6.88689e-05
0.00168669
-5.77016e-05
0.00168965
-4.81747e-05
0.00169214
-4.00674e-05
0.00169423
-3.31853e-05
0.00169599
-2.73574e-05
0.00169746
-2.24346e-05
0.00169868
-1.8287e-05
0.00169969
-1.48021e-05
0.00170052
-1.18825e-05
0.00170121
-9.4442e-06
0.00170177
-7.41497e-06
0.00170222
-5.73269e-06
0.00170259
-4.34407e-06
0.00170287
-3.20348e-06
0.0017031
-2.27192e-06
0.00170328
-1.51607e-06
0.00170341
-9.07536e-07
0.00170351
-4.22139e-07
0.00170358
-3.93353e-08
0.00170363
2.58305e-07
0.00170366
4.85542e-07
0.00170367
6.54852e-07
0.00170367
7.76756e-07
0.00170366
8.60106e-07
0.00170365
9.12333e-07
0.00170363
9.39655e-07
0.0017036
9.4726e-07
0.00170358
9.39463e-07
0.00170355
9.19837e-07
0.00170352
8.91332e-07
0.00170349
8.56371e-07
0.00170346
8.16936e-07
0.00170343
7.74641e-07
0.0017034
7.30795e-07
0.00170338
6.86458e-07
0.00170335
6.42489e-07
0.00170333
5.99584e-07
0.0017033
5.58322e-07
0.00170328
5.19191e-07
0.00170326
4.82626e-07
0.00170324
4.49031e-07
0.00170322
4.18812e-07
0.00170321
3.92398e-07
0.00170319
3.70263e-07
0.00170318
3.52946e-07
0.00170316
3.41068e-07
0.00170315
3.35336e-07
0.00170314
3.36548e-07
0.00170313
3.45582e-07
0.00170312
3.63373e-07
0.00170311
3.90879e-07
0.00170311
4.29018e-07
0.0017031
4.78607e-07
0.0017031
5.40227e-07
0.00170309
6.14182e-07
0.00170309
7.00199e-07
0.00170308
7.97606e-07
0.00170308
9.04456e-07
0.00170308
1.01882e-06
0.00170308
1.13552e-06
0.00170308
1.2524e-06
0.00170308
1.35656e-06
0.00170308
1.45254e-06
0.00170308
1.50253e-06
0.00170308
1.55044e-06
1.46125e-06
3.51515e-05
-0.000139929
0.000133089
-0.000540146
0.000258405
-0.000874981
0.000392324
-0.00113959
0.000522639
-0.0013171
0.000644836
-0.00142942
0.000757314
-0.00148645
0.00086002
-0.00150152
0.000953478
-0.00148344
0.00103838
-0.00144025
0.00111544
-0.00137819
0.00118531
-0.0013026
0.00124858
-0.00121788
0.00130577
-0.00112772
0.00135736
-0.00103513
0.00140377
-0.000942583
0.0014454
-0.000852029
0.00148263
-0.000764965
0.00151581
-0.000682494
0.00154528
-0.000605372
0.00157135
-0.000534064
0.00159435
-0.000468787
0.00161457
-0.000409566
0.00163227
-0.000356268
0.00164772
-0.000308647
0.00166117
-0.000266374
0.00167284
-0.000229069
0.00168292
-0.000196321
0.00169162
-0.00016771
0.0016991
-0.000142822
0.00170552
-0.000121256
0.00171101
-0.000102634
0.00171569
-8.66065e-05
0.00171967
-7.28527e-05
0.00172305
-6.10826e-05
0.00172591
-5.10364e-05
0.00172833
-4.2483e-05
0.00173036
-3.52183e-05
0.00173207
-2.90632e-05
0.0017335
-2.3861e-05
0.00173468
-1.94756e-05
0.00173567
-1.57885e-05
0.00173649
-1.26975e-05
0.00173716
-1.01142e-05
0.0017377
-7.96262e-06
0.00173815
-6.17734e-06
0.00173851
-4.70228e-06
0.00173879
-3.48935e-06
0.00173902
-2.49747e-06
0.00173919
-1.69149e-06
0.00173933
-1.04148e-06
0.00173943
-5.21921e-07
0.0017395
-1.11134e-07
0.00173955
2.09287e-07
0.00173958
4.54937e-07
0.00173959
6.39e-07
0.0017396
7.72602e-07
0.00173959
8.65109e-07
0.00173958
9.24387e-07
0.00173956
9.57023e-07
0.00173954
9.68517e-07
0.00173952
9.63445e-07
0.00173949
9.45601e-07
0.00173947
9.18122e-07
0.00173944
8.83583e-07
0.00173941
8.44095e-07
0.00173938
8.0138e-07
0.00173936
7.56834e-07
0.00173933
7.11588e-07
0.00173931
6.6656e-07
0.00173929
6.22495e-07
0.00173926
5.80006e-07
0.00173924
5.39612e-07
0.00173923
5.01769e-07
0.00173921
4.66896e-07
0.00173919
4.3541e-07
0.00173918
4.07744e-07
0.00173916
3.84374e-07
0.00173915
3.65837e-07
0.00173914
3.52747e-07
0.00173913
3.45801e-07
0.00173912
3.45787e-07
0.00173911
3.53569e-07
0.0017391
3.70067e-07
0.0017391
3.96226e-07
0.00173909
4.32949e-07
0.00173909
4.81041e-07
0.00173909
5.41079e-07
0.00173909
6.13367e-07
0.00173909
6.97643e-07
0.0017391
7.9325e-07
0.0017391
8.98285e-07
0.00173911
1.01084e-06
0.00173912
1.12585e-06
0.00173913
1.24112e-06
0.00173915
1.34398e-06
0.00173916
1.43879e-06
0.00173917
1.48822e-06
0.00173919
1.5356e-06
1.44683e-06
4.86641e-05
-0.000188593
0.000168761
-0.000660243
0.00031116
-0.00101738
0.000455606
-0.00128404
0.000591281
-0.00145278
0.000715362
-0.0015535
0.000827616
-0.0015987
0.000928833
-0.00160274
0.00102009
-0.0015747
0.00110242
-0.00152258
0.00117674
-0.00145251
0.00124386
-0.00136972
0.00130444
-0.00127847
0.00135908
-0.00118235
0.00140827
-0.00108432
0.00145247
-0.000986784
0.00149209
-0.000891646
0.0015275
-0.000800373
0.00155905
-0.000714043
0.00158707
-0.000633393
0.00161187
-0.000558867
0.00163375
-0.000490669
0.00165299
-0.000428805
0.00166985
-0.000373127
0.00168457
-0.000323372
0.0016974
-0.000279195
0.00170852
-0.000240197
0.00171816
-0.000205952
0.00172647
-0.000176021
0.00173362
-0.000149974
0.00173976
-0.000127394
0.00174501
-0.000107888
0.00174949
-9.10919e-05
0.00175331
-7.66721e-05
0.00175656
-6.43265e-05
0.00175931
-5.37842e-05
0.00176163
-4.48041e-05
0.00176358
-3.71734e-05
0.00176522
-3.07051e-05
0.0017666
-2.52354e-05
0.00176774
-2.06219e-05
0.0017687
-1.67409e-05
0.00176949
-1.34854e-05
0.00177013
-1.07629e-05
0.00177066
-8.49368e-06
0.0017711
-6.60934e-06
0.00177145
-5.05106e-06
0.00177172
-3.76845e-06
0.00177195
-2.71839e-06
0.00177212
-1.86403e-06
0.00177225
-1.17393e-06
0.00177235
-6.21314e-07
0.00177242
-1.83405e-07
0.00177247
1.59135e-07
0.0017725
4.22699e-07
0.00177252
6.21152e-07
0.00177253
7.66199e-07
0.00177253
8.67699e-07
0.00177252
9.33936e-07
0.0017725
9.7185e-07
0.00177248
9.87241e-07
0.00177246
9.84937e-07
0.00177244
9.68946e-07
0.00177241
9.4258e-07
0.00177239
9.08564e-07
0.00177236
8.69135e-07
0.00177234
8.26113e-07
0.00177232
7.80983e-07
0.00177229
7.34943e-07
0.00177227
6.88966e-07
0.00177225
6.43842e-07
0.00177223
6.00221e-07
0.00177221
5.58646e-07
0.00177219
5.19592e-07
0.00177217
4.83492e-07
0.00177216
4.50769e-07
0.00177214
4.21858e-07
0.00177213
3.9723e-07
0.00177212
3.77416e-07
0.00177211
3.63015e-07
0.0017721
3.54711e-07
0.00177209
3.53271e-07
0.00177209
3.59538e-07
0.00177208
3.7441e-07
0.00177208
3.98807e-07
0.00177208
4.33612e-07
0.00177208
4.79612e-07
0.00177209
5.37374e-07
0.00177209
6.07197e-07
0.0017721
6.88837e-07
0.00177211
7.81654e-07
0.00177213
8.83811e-07
0.00177214
9.93434e-07
0.00177216
1.10561e-06
0.00177219
1.21812e-06
0.00177221
1.31872e-06
0.00177224
1.41138e-06
0.00177227
1.45994e-06
0.0017723
1.50623e-06
1.41943e-06
6.94056e-05
-0.000257999
0.000216783
-0.000807621
0.000376852
-0.00117745
0.000530121
-0.00143731
0.000669002
-0.00159166
0.000792954
-0.00167745
0.000903309
-0.00170906
0.00100169
-0.00170111
0.00108966
-0.00166267
0.00116854
-0.00160146
0.00123942
-0.00152339
0.00130319
-0.00143349
0.0013606
-0.00133587
0.00141226
-0.00123401
0.0014587
-0.00113077
0.00150039
-0.00102847
0.00153772
-0.000928981
0.00157108
-0.000833729
0.00160079
-0.00074376
0.00162719
-0.000659788
0.00165056
-0.000582237
0.00167118
-0.000511293
0.00168932
-0.000446947
0.00170523
-0.000389034
0.00171913
-0.000337274
0.00173124
-0.000291307
0.00174176
-0.000250717
0.00175088
-0.000215062
0.00175874
-0.000183888
0.00176552
-0.000156748
0.00177133
-0.000133211
0.00177632
-0.000112871
0.00178057
-9.53488e-05
0.0017842
-8.02994e-05
0.00178728
-6.74093e-05
0.0017899
-5.63972e-05
0.00179211
-4.7013e-05
0.00179397
-3.90354e-05
0.00179553
-3.22699e-05
0.00179684
-2.65463e-05
0.00179794
-2.17163e-05
0.00179885
-1.76511e-05
0.0017996
-1.42392e-05
0.00180022
-1.13841e-05
0.00180073
-9.00301e-06
0.00180115
-7.02432e-06
0.00180148
-5.38674e-06
0.00180175
-4.03766e-06
0.00180197
-2.93206e-06
0.00180213
-2.03147e-06
0.00180226
-1.30303e-06
0.00180236
-7.18762e-07
0.00180243
-2.54852e-07
0.00180248
1.08925e-07
0.00180251
3.89718e-07
0.00180253
6.0204e-07
0.00180254
7.58145e-07
0.00180254
8.6836e-07
0.00180253
9.41368e-07
0.00180252
9.84445e-07
0.0018025
1.00367e-06
0.00180249
1.00413e-06
0.00180246
9.90012e-07
0.00180244
9.6481e-07
0.00180242
9.31389e-07
0.0018024
8.92102e-07
0.00180237
8.48869e-07
0.00180235
8.03253e-07
0.00180233
7.5652e-07
0.00180231
7.09694e-07
0.00180229
6.63606e-07
0.00180227
6.1894e-07
0.00180225
5.76262e-07
0.00180224
5.36063e-07
0.00180222
4.98785e-07
0.00180221
4.64855e-07
0.00180219
4.34704e-07
0.00180218
4.08797e-07
0.00180217
3.87649e-07
0.00180216
3.71843e-07
0.00180216
3.6204e-07
0.00180215
3.5898e-07
0.00180215
3.63476e-07
0.00180214
3.76396e-07
0.00180214
3.98628e-07
0.00180215
4.31026e-07
0.00180215
4.74353e-07
0.00180216
5.2916e-07
0.00180217
5.95742e-07
0.00180219
6.73873e-07
0.00180221
7.62936e-07
0.00180223
8.61178e-07
0.00180226
9.66765e-07
0.00180229
1.075e-06
0.00180232
1.18364e-06
0.00180236
1.28102e-06
0.0018024
1.37057e-06
0.00180244
1.41796e-06
0.00180248
1.46258e-06
1.37928e-06
0.000102287
-0.000360286
0.000281856
-0.00098719
0.000458496
-0.00135409
0.000617388
-0.0015962
0.000756455
-0.00173073
0.000877818
-0.00179882
0.000984388
-0.00181563
0.00107848
-0.0017952
0.00116205
-0.00174625
0.0012366
-0.001676
0.00130333
-0.00159012
0.00136318
-0.00149334
0.00141694
-0.00138963
0.00146522
-0.0012823
0.00150858
-0.00117412
0.00154746
-0.00106735
0.00158226
-0.000963784
0.00161334
-0.000864814
0.00164104
-0.000771453
0.00166564
-0.000684389
0.00168743
-0.000604026
0.00170667
-0.000530531
0.0017236
-0.000463878
0.00173845
-0.000403887
0.00175144
-0.000350264
0.00176277
-0.000302631
0.00177261
-0.00026056
0.00178114
-0.000223591
0.00178851
-0.000191258
0.00179486
-0.000163099
0.00180032
-0.000138669
0.001805
-0.000117548
0.00180899
-9.93473e-05
0.0018124
-8.37085e-05
0.0018153
-7.03083e-05
0.00181776
-5.8856e-05
0.00181984
-4.90928e-05
0.00182159
-4.07896e-05
0.00182307
-3.37451e-05
0.00182431
-2.7783e-05
0.00182534
-2.27495e-05
0.0018262
-1.85111e-05
0.00182691
-1.4952e-05
0.0018275
-1.19723e-05
0.00182798
-9.4857e-06
0.00182838
-7.4181e-06
0.0018287
-5.70574e-06
0.00182895
-4.29395e-06
0.00182916
-3.13592e-06
0.00182932
-2.19165e-06
0.00182944
-1.42697e-06
0.00182953
-8.12743e-07
0.0018296
-3.24201e-07
0.00182965
5.97193e-08
0.00182969
3.56877e-07
0.00182971
5.82392e-07
0.00182971
7.49039e-07
0.00182972
8.67583e-07
0.00182971
9.47082e-07
0.0018297
9.95128e-07
0.00182968
1.01808e-06
0.00182967
1.02122e-06
0.00182965
1.00896e-06
0.00182963
9.84931e-07
0.00182961
9.52143e-07
0.00182959
9.13058e-07
0.00182957
8.69687e-07
0.00182955
8.23668e-07
0.00182953
7.76328e-07
0.00182951
7.28741e-07
0.00182949
6.81777e-07
0.00182947
6.36146e-07
0.00182946
5.92438e-07
0.00182944
5.51155e-07
0.00182943
5.12747e-07
0.00182941
4.77638e-07
0.0018294
4.46255e-07
0.00182939
4.19048e-07
0.00182938
3.96514e-07
0.00182938
3.79214e-07
0.00182937
3.67776e-07
0.00182937
3.6291e-07
0.00182936
3.6539e-07
0.00182936
3.76046e-07
0.00182937
3.95725e-07
0.00182937
4.25247e-07
0.00182938
4.65342e-07
0.00182939
5.16545e-07
0.00182941
5.79139e-07
0.00182943
6.52923e-07
0.00182946
7.37305e-07
0.00182949
8.30638e-07
0.00182952
9.31133e-07
0.00182956
1.03438e-06
0.00182961
1.13807e-06
0.00182966
1.23132e-06
0.00182971
1.31684e-06
0.00182977
1.36277e-06
0.00182983
1.40509e-06
1.32682e-06
0.000156285
-0.000516571
0.000370306
-0.00120121
0.000559312
-0.00154309
0.000718652
-0.00175554
0.000853974
-0.00186605
0.00096991
-0.00191475
0.00107067
-0.00191638
0.00115898
-0.00188352
0.00123704
-0.0018243
0.00130639
-0.00174536
0.00136829
-0.00165201
0.00142368
-0.00154873
0.00147333
-0.00143928
0.00151787
-0.00132684
0.00155782
-0.00121407
0.00159362
-0.00110315
0.00162566
-0.000995821
0.00165427
-0.000893426
0.00167976
-0.000796946
0.00170241
-0.000707042
0.00172249
-0.000624098
0.00174022
-0.000548262
0.00175583
-0.000479493
0.00176954
-0.000417595
0.00178154
-0.00036226
0.001792
-0.000313097
0.0018011
-0.000269663
0.001809
-0.000231485
0.00181582
-0.000198084
0.00182171
-0.000168984
0.00182677
-0.00014373
0.00183111
-0.000121888
0.00183482
-0.000103059
0.00183799
-8.68751e-05
0.00184068
-7.30026e-05
0.00184297
-6.11424e-05
0.0018449
-5.10277e-05
0.00184654
-4.24226e-05
0.00184791
-3.51191e-05
0.00184906
-2.89355e-05
0.00185003
-2.37129e-05
0.00185083
-1.93134e-05
0.00185149
-1.56175e-05
0.00185204
-1.25218e-05
0.00185249
-9.93709e-06
0.00185286
-7.78671e-06
0.00185316
-6.00469e-06
0.0018534
-4.53445e-06
0.00185359
-3.32754e-06
0.00185375
-2.34252e-06
0.00185386
-1.544e-06
0.00185395
-9.01791e-07
0.00185402
-3.90221e-07
0.00185406
1.25471e-08
0.0018541
3.25034e-07
0.00185412
5.62923e-07
0.00185413
7.39471e-07
0.00185413
8.65853e-07
0.00185412
9.51474e-07
0.00185411
1.00422e-06
0.0018541
1.0307e-06
0.00185409
1.03641e-06
0.00185407
1.02594e-06
0.00185405
1.00307e-06
0.00185403
9.70922e-07
0.00185401
9.32073e-07
0.00185399
8.88616e-07
0.00185398
8.4226e-07
0.00185396
7.94387e-07
0.00185394
7.46117e-07
0.00185392
6.98354e-07
0.00185391
6.51835e-07
0.00185389
6.07165e-07
0.00185388
5.64858e-07
0.00185387
5.25365e-07
0.00185386
4.89107e-07
0.00185385
4.56499e-07
0.00185384
4.27975e-07
0.00185383
4.04009e-07
0.00185382
3.8513e-07
0.00185382
3.71933e-07
0.00185382
3.65086e-07
0.00185382
3.6532e-07
0.00185382
3.73417e-07
0.00185382
3.90179e-07
0.00185383
4.16382e-07
0.00185385
4.52719e-07
0.00185386
4.99702e-07
0.00185388
5.57606e-07
0.00185391
6.26252e-07
0.00185394
7.0508e-07
0.00185398
7.92564e-07
0.00185403
8.86971e-07
0.00185408
9.84231e-07
0.00185413
1.08195e-06
0.00185419
1.17023e-06
0.00185426
1.25083e-06
0.00185433
1.29506e-06
0.0018544
1.33441e-06
1.26265e-06
0.000248868
-0.000765438
0.000490405
-0.00144275
0.000682209
-0.0017349
0.000834551
-0.00190788
0.000961408
-0.00199291
0.00106887
-0.00202221
0.00116175
-0.00200926
0.00124284
-0.00196462
0.0013143
-0.00189576
0.00137765
-0.00180871
0.00143407
-0.00170844
0.00148448
-0.00159914
0.00152961
-0.00148441
0.00157006
-0.00136729
0.00160631
-0.00125032
0.00163879
-0.00113563
0.00166785
-0.00102488
0.0016938
-0.000919379
0.00171693
-0.000820077
0.00173749
-0.000727605
0.00175572
-0.000642328
0.00177184
-0.000564378
0.00178604
-0.000493695
0.00179852
-0.000430072
0.00180945
-0.000373188
0.00181899
-0.000322638
0.00182729
-0.000277967
0.0018345
-0.000238692
0.00184073
-0.00020432
0.00184611
-0.000174365
0.00185074
-0.000148359
0.00185472
-0.000125861
0.00185812
-0.000106459
0.00186102
-8.97769e-05
0.00186349
-7.54728e-05
0.00186559
-6.32395e-05
0.00186736
-5.28033e-05
0.00186886
-4.39216e-05
0.00187012
-3.6381e-05
0.00187118
-2.99943e-05
0.00187207
-2.45984e-05
0.0018728
-2.00513e-05
0.00187342
-1.62298e-05
0.00187392
-1.30276e-05
0.00187434
-1.03528e-05
0.00187468
-8.12643e-06
0.00187495
-6.28042e-06
0.00187518
-4.75648e-06
0.00187535
-3.50463e-06
0.00187549
-2.48214e-06
0.0018756
-1.65248e-06
0.00187568
-9.8452e-07
0.00187575
-4.51744e-07
0.00187579
-3.16106e-08
0.00187582
2.95009e-07
0.00187584
5.44316e-07
0.00187585
7.30009e-07
0.00187585
8.63639e-07
0.00187585
9.5493e-07
0.00187584
1.01204e-06
0.00187583
1.04181e-06
0.00187581
1.04992e-06
0.0018758
1.04113e-06
0.00187578
1.01935e-06
0.00187577
9.87826e-07
0.00187575
9.49222e-07
0.00187573
9.05713e-07
0.00187571
8.59068e-07
0.0018757
8.10723e-07
0.00187568
7.61838e-07
0.00187567
7.13346e-07
0.00187565
6.66007e-07
0.00187564
6.2044e-07
0.00187563
5.77164e-07
0.00187562
5.36632e-07
0.00187561
4.99255e-07
0.0018756
4.65433e-07
0.00187559
4.3558e-07
0.00187558
4.10141e-07
0.00187558
3.89609e-07
0.00187558
3.74539e-07
0.00187558
3.65552e-07
0.00187558
3.63328e-07
0.00187558
3.68595e-07
0.00187559
3.82103e-07
0.0018756
4.04577e-07
0.00187562
4.3667e-07
0.00187564
4.78866e-07
0.00187567
5.31427e-07
0.0018757
5.94203e-07
0.00187574
6.66668e-07
0.00187578
7.47434e-07
0.00187583
8.34833e-07
0.00187589
9.25183e-07
0.00187596
1.016e-06
0.00187603
1.09852e-06
0.00187611
1.17339e-06
0.00187619
1.21571e-06
0.00187627
1.25139e-06
1.18756e-06
0.000422824
0.000653503
0.000828839
0.000964665
0.00107795
0.00117394
0.00125701
0.00132953
0.00139343
0.00145003
0.0015004
0.00154537
0.00158561
0.00162165
0.00165394
0.00168287
0.00170875
0.00173188
0.00175251
0.00177085
0.00178713
0.00180153
0.00181423
0.0018254
0.00183519
0.00184375
0.00185121
0.00185768
0.00186329
0.00186813
0.00187229
0.00187587
0.00187894
0.00188155
0.00188378
0.00188568
0.00188728
0.00188863
0.00188977
0.00189073
0.00189153
0.0018922
0.00189275
0.00189321
0.00189358
0.00189389
0.00189414
0.00189434
0.0018945
0.00189463
0.00189473
0.0018948
0.00189486
0.0018949
0.00189493
0.00189494
0.00189495
0.00189495
0.00189495
0.00189494
0.00189493
0.00189492
0.00189491
0.00189489
0.00189488
0.00189486
0.00189485
0.00189483
0.00189482
0.0018948
0.00189479
0.00189478
0.00189477
0.00189476
0.00189475
0.00189474
0.00189473
0.00189472
0.00189472
0.00189472
0.00189471
0.00189472
0.00189472
0.00189473
0.00189474
0.00189475
0.00189477
0.0018948
0.00189483
0.00189486
0.00189491
0.00189496
0.00189502
0.00189508
0.00189516
0.00189524
0.00189533
0.00189542
0.00189551
)
;

boundaryField
{
    inlet
    {
        type            calculated;
        value           nonuniform List<scalar> 
40
(
-0.0025
-0.0025
-0.0025
-0.0025
-0.0025
-0.0025
-0.0025
-0.0025
-0.0025
-0.0025
-0.0025
-0.0025
-0.0025
-0.0025
-0.0025
-0.0025
-0.0025
-0.0025
-0.0025
-0.0025
-0.0025
-0.0025
-0.0025
-0.0025
-0.0025
-0.0025
-0.0025
-0.0025
-0.0025
-0.0025
-0.0025
-0.0025
-0.0025
-0.0025
-0.0025
-0.0025
-0.0025
-0.0025
-0.0025
-0.0025
)
;
    }
    outlet
    {
        type            calculated;
        value           nonuniform List<scalar> 
70
(
5.65662e-05
0.000166729
0.000273844
0.000377824
0.000478591
0.000576073
0.000670206
0.000760931
0.0008482
0.000931974
0.00101222
0.00108893
0.00116208
0.00123168
0.00129774
0.00136028
0.00141933
0.00147493
0.00152713
0.00157598
0.00162154
0.00166389
0.00170308
0.0017392
0.00177232
0.00180252
0.00182988
0.00185446
0.00187635
0.0018956
0.00215248
0.00216993
0.00218377
0.00219407
0.00220087
0.00220422
0.00220416
0.00220069
0.00219383
0.00218358
0.00216993
0.00215285
0.00213232
0.00210829
0.00208071
0.00204953
0.00201468
0.00197611
0.00193374
0.00188749
0.0018373
0.0017831
0.0017248
0.00166235
0.00159569
0.00152474
0.00144947
0.00136982
0.00128576
0.00119726
0.0011043
0.00100688
0.000904981
0.000798623
0.000687821
0.0005726
0.000452995
0.000329046
0.000200804
6.83255e-05
)
;
    }
    frontAndBack
    {
        type            empty;
    }
    walls
    {
        type            calculated;
        value           uniform 0;
    }
}


// ************************************************************************* //
