/*--------------------------------*- C++ -*----------------------------------*\
| =========                 |                                                 |
| \\      /  F ield         | OpenFOAM: The Open Source CFD Toolbox           |
|  \\    /   O peration     | Version:  2606                                  |
|   \\  /    A nd           | Website:  www.openfoam.com                      |
|    \\/     M anipulation  |                                                 |
\*---------------------------------------------------------------------------*/
FoamFile
{
    version     2.0;
    format      ascii;
    arch        "LSB;label=32;scalar=64";
    class       volVectorField;
    location    "0";
    object      Uaux;
}
// * * * * * * * * * * * * * * * * * * * * * * * * * * * * * * * * * * * * * //

dimensions      [0 1 -1 0 0 0 0];

internalField   nonuniform List<vector> 
9000
(
(0.919671 0.454114 0)
(0.663455 -0.0228829 0)
(0.22179 0.0318513 0)
(0.347767 0.00693604 0)
(0.299345 -0.00636878 0)
(0.318814 -0.00458022 0)
(0.320619 -0.00377503 0)
(0.322177 -0.00236177 0)
(0.319347 -0.00148033 0)
(0.315263 -0.000876703 0)
(0.310588 -0.000539171 0)
(0.306258 -0.000349426 0)
(0.302586 -0.000255859 0)
(0.299715 -0.000215902 0)
(0.297615 -0.000208589 0)
(0.296194 -0.00022017 0)
(0.295337 -0.000244157 0)
(0.29493 -0.000276502 0)
(0.294877 -0.000316045 0)
(0.295095 -0.000361961 0)
(0.295525 -0.000414959 0)
(0.296128 -0.000475344 0)
(0.296877 -0.000544568 0)
(0.297757 -0.000623509 0)
(0.298767 -0.000714108 0)
(0.299913 -0.000817807 0)
(0.301207 -0.000937127 0)
(0.302668 -0.00107431 0)
(0.30432 -0.00123275 0)
(0.306196 -0.00141599 0)
(0.308334 -0.00162893 0)
(0.310782 -0.00187728 0)
(0.313599 -0.00216866 0)
(0.316861 -0.0025127 0)
(0.320663 -0.00292196 0)
(0.325129 -0.00341307 0)
(0.330418 -0.0040078 0)
(0.33674 -0.00473573 0)
(0.344377 -0.00563717 0)
(0.353702 -0.00676882 0)
(0.365203 -0.00821102 0)
(0.379427 -0.0100605 0)
(0.397052 -0.0124316 0)
(0.419156 -0.0154962 0)
(0.448784 -0.0199074 0)
(0.489751 -0.0282018 0)
(0.514646 -0.0374193 0)
(0.562112 -0.05332 0)
(0.576617 -0.091605 0)
(0.809778 -0.284938 0)
(1.15075 0.674649 0)
(0.952643 0.00803603 0)
(0.634538 0.110535 0)
(0.822768 0.0115736 0)
(0.797785 -0.00888996 0)
(0.843221 -0.011498 0)
(0.855594 -0.00669987 0)
(0.861653 -0.00142195 0)
(0.857265 0.00217501 0)
(0.848699 0.00398298 0)
(0.838146 0.00444516 0)
(0.827893 0.00410987 0)
(0.818905 0.0033792 0)
(0.811666 0.00251825 0)
(0.806218 0.00167301 0)
(0.802405 0.000914077 0)
(0.799992 0.000264096 0)
(0.798706 -0.000279812 0)
(0.798311 -0.00073455 0)
(0.798587 -0.00112117 0)
(0.799405 -0.00146243 0)
(0.800635 -0.00177863 0)
(0.802199 -0.00208876 0)
(0.804052 -0.00240852 0)
(0.806184 -0.00275263 0)
(0.808585 -0.00313363 0)
(0.811263 -0.00356437 0)
(0.814271 -0.00405721 0)
(0.817653 -0.0046264 0)
(0.821454 -0.00528779 0)
(0.825764 -0.00606124 0)
(0.830676 -0.00697114 0)
(0.836312 -0.00804928 0)
(0.842825 -0.00933676 0)
(0.85042 -0.0108878 0)
(0.859355 -0.0127743 0)
(0.869947 -0.0150915 0)
(0.882655 -0.0179667 0)
(0.898043 -0.0215692 0)
(0.916845 -0.0261219 0)
(0.940023 -0.0319075 0)
(0.968571 -0.0392625 0)
(1.00367 -0.0485983 0)
(1.04706 -0.0605132 0)
(1.10269 -0.0761529 0)
(1.17398 -0.0985448 0)
(1.21853 -0.130848 0)
(1.29459 -0.18606 0)
(1.32233 -0.320387 0)
(1.56212 -0.609437 0)
(1.20161 0.349097 0)
(1.17166 -0.00304467 0)
(0.98158 0.105671 0)
(1.16002 0.00145648 0)
(1.16596 -0.0199334 0)
(1.22833 -0.0208822 0)
(1.25108 -0.00962221 0)
(1.26231 0.00164397 0)
(1.25895 0.00932247 0)
(1.24882 0.0129883 0)
(1.23528 0.0136222 0)
(1.2215 0.012406 0)
(1.2091 0.0102818 0)
(1.19886 0.00787986 0)
(1.19098 0.00556434 0)
(1.18534 0.00351404 0)
(1.18163 0.00178854 0)
(1.17951 0.000380225 0)
(1.17866 -0.000754214 0)
(1.17878 -0.00167123 0)
(1.17964 -0.00242978 0)
(1.18108 -0.00308405 0)
(1.18297 -0.00368202 0)
(1.18523 -0.004264 0)
(1.18783 -0.00486461 0)
(1.19075 -0.00551318 0)
(1.19401 -0.00623659 0)
(1.19763 -0.00706027 0)
(1.20166 -0.00801119 0)
(1.20619 -0.0091193 0)
(1.21131 -0.010421 0)
(1.21711 -0.0119614 0)
(1.22375 -0.0137992 0)
(1.23143 -0.0160109 0)
(1.24038 -0.0186977 0)
(1.25093 -0.0219931 0)
(1.2635 -0.0260735 0)
(1.27863 -0.03117 0)
(1.29698 -0.0375811 0)
(1.31948 -0.0456819 0)
(1.34717 -0.0559193 0)
(1.38114 -0.0687847 0)
(1.42261 -0.0847995 0)
(1.47312 -0.104615 0)
(1.53604 -0.129499 0)
(1.6136 -0.163499 0)
(1.66024 -0.21494 0)
(1.73328 -0.299394 0)
(1.73843 -0.486123 0)
(1.87387 -0.810783 0)
(1.18685 0.304773 0)
(1.24119 0.0269526 0)
(1.17673 0.069941 0)
(1.34201 -0.0395841 0)
(1.37582 -0.0533987 0)
(1.44599 -0.045034 0)
(1.47529 -0.0217092 0)
(1.48983 -0.000552872 0)
(1.48784 0.0139501 0)
(1.4775 0.0212583 0)
(1.46275 0.023132 0)
(1.44724 0.0215756 0)
(1.43292 0.0182482 0)
(1.4209 0.0142827 0)
(1.41147 0.0103639 0)
(1.40458 0.00684657 0)
(1.39991 0.00386832 0)
(1.39714 0.00143887 0)
(1.39585 -0.000502162 0)
(1.39573 -0.00204446 0)
(1.39651 -0.00328567 0)
(1.39795 -0.00431779 0)
(1.39992 -0.00522259 0)
(1.40232 -0.00606903 0)
(1.40507 -0.00691533 0)
(1.40816 -0.0078102 0)
(1.41159 -0.0087967 0)
(1.41537 -0.00991452 0)
(1.41958 -0.0112044 0)
(1.42427 -0.0127108 0)
(1.42955 -0.0144873 0)
(1.43553 -0.0166004 0)
(1.44236 -0.0191365 0)
(1.45024 -0.0222084 0)
(1.45944 -0.0259652 0)
(1.47032 -0.0306029 0)
(1.48331 -0.0363776 0)
(1.49895 -0.0436184 0)
(1.51801 -0.0527387 0)
(1.54134 -0.0642355 0)
(1.56999 -0.0786651 0)
(1.60497 -0.0965842 0)
(1.64729 -0.118462 0)
(1.69815 -0.144727 0)
(1.76002 -0.176357 0)
(1.8338 -0.217841 0)
(1.87592 -0.281017 0)
(1.93445 -0.375638 0)
(1.91396 -0.570413 0)
(1.94829 -0.85386 0)
(1.12991 0.216912 0)
(1.2237 0.00198594 0)
(1.24229 0.00180758 0)
(1.38713 -0.0948418 0)
(1.43228 -0.0957764 0)
(1.49796 -0.073583 0)
(1.52683 -0.0364799 0)
(1.54088 -0.00432755 0)
(1.53899 0.0177899 0)
(1.52864 0.0293727 0)
(1.51362 0.0329396 0)
(1.49757 0.0313188 0)
(1.48253 0.0269063 0)
(1.4697 0.0213839 0)
(1.45949 0.0157983 0)
(1.45191 0.0107143 0)
(1.44668 0.0063748 0)
(1.44346 0.00282257 0)
(1.44185 -1.04519e-05 0)
(1.4415 -0.00224408 0)
(1.44212 -0.00401432 0)
(1.44346 -0.00545261 0)
(1.44537 -0.00667668 0)
(1.44772 -0.00778675 0)
(1.45043 -0.00886675 0)
(1.45347 -0.00998667 0)
(1.45683 -0.0112069 0)
(1.46052 -0.0125826 0)
(1.4646 -0.0141685 0)
(1.46912 -0.0160243 0)
(1.47419 -0.0182205 0)
(1.47989 -0.0208452 0)
(1.48642 -0.024012 0)
(1.49394 -0.0278696 0)
(1.50272 -0.0326137 0)
(1.51311 -0.0384994 0)
(1.52553 -0.0458563 0)
(1.54052 -0.0550997 0)
(1.55875 -0.0667364 0)
(1.58103 -0.0813503 0)
(1.60827 -0.0995545 0)
(1.64129 -0.121893 0)
(1.68083 -0.148679 0)
(1.72766 -0.179983 0)
(1.78336 -0.216277 0)
(1.84723 -0.261681 0)
(1.8803 -0.328428 0)
(1.92011 -0.419293 0)
(1.87842 -0.595664 0)
(1.84506 -0.821813 0)
(1.08199 0.125898 0)
(1.173 -0.0394316 0)
(1.22052 -0.0635126 0)
(1.33145 -0.142908 0)
(1.37 -0.132685 0)
(1.42062 -0.0977695 0)
(1.44222 -0.0487745 0)
(1.45186 -0.00693306 0)
(1.44832 0.0220355 0)
(1.43756 0.0376065 0)
(1.42268 0.0428317 0)
(1.40685 0.0412115 0)
(1.39194 0.0357916 0)
(1.37911 0.0287623 0)
(1.36878 0.0215233 0)
(1.361 0.0148622 0)
(1.35555 0.0091335 0)
(1.35208 0.00442423 0)
(1.35025 0.000666053 0)
(1.34968 -0.00228618 0)
(1.35012 -0.0046043 0)
(1.35127 -0.00645792 0)
(1.353 -0.00800104 0)
(1.35514 -0.00936537 0)
(1.35765 -0.0106613 0)
(1.36044 -0.0119805 0)
(1.3635 -0.0134013 0)
(1.36688 -0.0149941 0)
(1.37057 -0.0168281 0)
(1.37465 -0.0189775 0)
(1.37918 -0.0215295 0)
(1.38427 -0.0245925 0)
(1.39006 -0.0283059 0)
(1.39672 -0.0328518 0)
(1.40451 -0.0384681 0)
(1.41371 -0.0454625 0)
(1.42473 -0.0542271 0)
(1.43803 -0.0652461 0)
(1.45418 -0.0790938 0)
(1.47384 -0.096404 0)
(1.49772 -0.117795 0)
(1.52639 -0.143738 0)
(1.56027 -0.174325 0)
(1.59977 -0.209222 0)
(1.64553 -0.248292 0)
(1.69546 -0.294664 0)
(1.71664 -0.358607 0)
(1.73792 -0.437306 0)
(1.68359 -0.582289 0)
(1.61672 -0.749358 0)
(1.04915 0.0624166 0)
(1.11383 -0.0728255 0)
(1.15409 -0.112072 0)
(1.22239 -0.175557 0)
(1.24191 -0.157539 0)
(1.27072 -0.113254 0)
(1.28033 -0.0558557 0)
(1.28268 -0.00691607 0)
(1.27603 0.0272421 0)
(1.26443 0.0459375 0)
(1.24987 0.0524623 0)
(1.23481 0.0507745 0)
(1.22069 0.0444116 0)
(1.20848 0.0359766 0)
(1.19857 0.0271865 0)
(1.19103 0.0190239 0)
(1.18566 0.0119612 0)
(1.18216 0.00613036 0)
(1.18019 0.00146885 0)
(1.17947 -0.0021875 0)
(1.17966 -0.00504182 0)
(1.18057 -0.00729899 0)
(1.18201 -0.00914639 0)
(1.18384 -0.0107459 0)
(1.186 -0.0122331 0)
(1.18839 -0.0137207 0)
(1.19103 -0.0153044 0)
(1.1939 -0.0170692 0)
(1.19702 -0.0190977 0)
(1.20042 -0.0214779 0)
(1.20418 -0.0243122 0)
(1.20838 -0.0277273 0)
(1.21314 -0.0318857 0)
(1.2186 -0.0369986 0)
(1.22498 -0.0433395 0)
(1.23251 -0.0512594 0)
(1.24153 -0.0611984 0)
(1.25241 -0.0736897 0)
(1.26558 -0.0893463 0)
(1.28153 -0.108816 0)
(1.30074 -0.13268 0)
(1.32352 -0.161293 0)
(1.34998 -0.194507 0)
(1.3802 -0.231589 0)
(1.41411 -0.271814 0)
(1.44867 -0.317033 0)
(1.45775 -0.374482 0)
(1.46382 -0.437917 0)
(1.40596 -0.549152 0)
(1.33118 -0.665334 0)
(1.02723 0.0249223 0)
(1.06011 -0.0895444 0)
(1.07713 -0.137805 0)
(1.1029 -0.188764 0)
(1.0984 -0.166918 0)
(1.10373 -0.117696 0)
(1.09938 -0.056129 0)
(1.09341 -0.00332146 0)
(1.08312 0.03384 0)
(1.07052 0.0543845 0)
(1.05658 0.0616089 0)
(1.04276 0.0596643 0)
(1.02999 0.0523884 0)
(1.01897 0.0426797 0)
(1.00998 0.0324916 0)
(1.00307 0.0229736 0)
(0.99808 0.0146959 0)
(0.994747 0.00783588 0)
(0.99279 0.00234041 0)
(0.991935 -0.00196902 0)
(0.991936 -0.00532116 0)
(0.992564 -0.00795092 0)
(0.993671 -0.010075 0)
(0.995126 -0.0118823 0)
(0.996846 -0.0135311 0)
(0.998772 -0.0151532 0)
(1.00086 -0.0168598 0)
(1.00312 -0.0187496 0)
(1.00556 -0.0209171 0)
(1.0082 -0.0234624 0)
(1.01107 -0.0265011 0)
(1.01426 -0.0301759 0)
(1.01784 -0.0346684 0)
(1.02194 -0.0402132 0)
(1.02671 -0.0471125 0)
(1.03236 -0.0557489 0)
(1.0391 -0.0665951 0)
(1.04722 -0.0802131 0)
(1.05704 -0.0972286 0)
(1.06881 -0.118272 0)
(1.08284 -0.143861 0)
(1.09917 -0.174212 0)
(1.11771 -0.208952 0)
(1.13824 -0.247029 0)
(1.16026 -0.287212 0)
(1.18045 -0.330138 0)
(1.17931 -0.38001 0)
(1.17489 -0.42929 0)
(1.12064 -0.511272 0)
(1.05345 -0.589281 0)
(1.01306 0.00670952 0)
(1.01923 -0.0892543 0)
(1.0115 -0.141115 0)
(1.00155 -0.182991 0)
(0.974965 -0.160883 0)
(0.959268 -0.111078 0)
(0.942155 -0.0494424 0)
(0.928436 0.00394103 0)
(0.914914 0.0417819 0)
(0.901979 0.0627897 0)
(0.889161 0.0700001 0)
(0.87714 0.0675501 0)
(0.866267 0.0593808 0)
(0.85704 0.0485534 0)
(0.849352 0.0371692 0)
(0.843502 0.0264957 0)
(0.839178 0.0171786 0)
(0.836213 0.00943212 0)
(0.83437 0.00321302 0)
(0.833624 -0.00166636 0)
(0.833429 -0.00545418 0)
(0.833772 -0.00840879 0)
(0.83456 -0.0107713 0)
(0.83556 -0.0127527 0)
(0.836905 -0.0145304 0)
(0.838223 -0.0162524 0)
(0.839849 -0.0180434 0)
(0.84142 -0.0200133 0)
(0.843248 -0.0222669 0)
(0.845063 -0.0249144 0)
(0.846994 -0.0280825 0)
(0.84916 -0.0319263 0)
(0.851691 -0.0366428 0)
(0.854341 -0.0424844 0)
(0.857635 -0.0497731 0)
(0.861384 -0.0589128 0)
(0.865845 -0.0703947 0)
(0.871221 -0.0847896 0)
(0.877717 -0.102716 0)
(0.88544 -0.124766 0)
(0.894549 -0.151377 0)
(0.904704 -0.182636 0)
(0.915819 -0.217986 0)
(0.927487 -0.256149 0)
(0.938983 -0.295548 0)
(0.947216 -0.335835 0)
(0.938944 -0.378793 0)
(0.928322 -0.417178 0)
(0.881968 -0.477139 0)
(0.829325 -0.52982 0)
(1.00453 0.00153683 0)
(0.993218 -0.0758479 0)
(0.966881 -0.126855 0)
(0.932056 -0.162156 0)
(0.888924 -0.142313 0)
(0.857669 -0.0953519 0)
(0.831136 -0.03702 0)
(0.811989 0.0141178 0)
(0.79662 0.0505652 0)
(0.784203 0.0707224 0)
(0.773291 0.0772406 0)
(0.763842 0.0740561 0)
(0.755475 0.0650439 0)
(0.748508 0.0532886 0)
(0.742755 0.0409575 0)
(0.738277 0.0293808 0)
(0.734837 0.0192465 0)
(0.73257 0.0108 0)
(0.731005 0.00400389 0)
(0.730224 -0.00133357 0)
(0.730036 -0.00547345 0)
(0.730239 -0.00869086 0)
(0.730587 -0.0112446 0)
(0.731316 -0.0133618 0)
(0.732137 -0.0152348 0)
(0.733048 -0.0170241 0)
(0.734169 -0.0188647 0)
(0.735179 -0.0208753 0)
(0.736273 -0.0231691 0)
(0.737475 -0.025864 0)
(0.73864 -0.0290951 0)
(0.739881 -0.0330272 0)
(0.741315 -0.0378682 0)
(0.742805 -0.0438825 0)
(0.744549 -0.0514051 0)
(0.746695 -0.0608506 0)
(0.749235 -0.0727157 0)
(0.752183 -0.0875663 0)
(0.755731 -0.105997 0)
(0.759834 -0.128554 0)
(0.764434 -0.155592 0)
(0.769273 -0.187086 0)
(0.773983 -0.222356 0)
(0.778343 -0.260004 0)
(0.781389 -0.29825 0)
(0.780909 -0.336073 0)
(0.768023 -0.373618 0)
(0.754681 -0.404856 0)
(0.71764 -0.450081 0)
(0.680491 -0.487998 0)
(0.999891 0.00393131 0)
(0.980046 -0.054849 0)
(0.944024 -0.101631 0)
(0.895423 -0.131867 0)
(0.843552 -0.115582 0)
(0.803443 -0.0737142 0)
(0.771867 -0.0209928 0)
(0.750315 0.0257857 0)
(0.735105 0.0592533 0)
(0.724514 0.077508 0)
(0.716617 0.082821 0)
(0.710398 0.0787624 0)
(0.705241 0.0690174 0)
(0.700987 0.0565835 0)
(0.697411 0.0436039 0)
(0.694767 0.0314212 0)
(0.692551 0.0207391 0)
(0.691164 0.0118159 0)
(0.690141 0.00462088 0)
(0.689488 -0.001038 0)
(0.689318 -0.00542798 0)
(0.689307 -0.00883372 0)
(0.689533 -0.0115237 0)
(0.689911 -0.0137356 0)
(0.690459 -0.0156709 0)
(0.690878 -0.017498 0)
(0.691506 -0.019359 0)
(0.692075 -0.0213789 0)
(0.692535 -0.0236763 0)
(0.693065 -0.0263748 0)
(0.693659 -0.0296156 0)
(0.694144 -0.0335698 0)
(0.69461 -0.0384523 0)
(0.695152 -0.044535 0)
(0.695761 -0.0521586 0)
(0.696613 -0.0617402 0)
(0.697409 -0.0737729 0)
(0.698345 -0.0888069 0)
(0.699424 -0.107405 0)
(0.700548 -0.130062 0)
(0.701564 -0.157062 0)
(0.702173 -0.188296 0)
(0.701955 -0.223018 0)
(0.700581 -0.259801 0)
(0.697422 -0.2968 0)
(0.690731 -0.332597 0)
(0.675783 -0.366418 0)
(0.661764 -0.393808 0)
(0.633357 -0.430293 0)
(0.609355 -0.461135 0)
(0.997803 0.00957302 0)
(0.976474 -0.0315475 0)
(0.939122 -0.0719384 0)
(0.886738 -0.0978292 0)
(0.833305 -0.0853928 0)
(0.791016 -0.0496865 0)
(0.758914 -0.00386623 0)
(0.738035 0.0372633 0)
(0.725215 0.0666966 0)
(0.718078 0.0824021 0)
(0.714092 0.0861849 0)
(0.711813 0.0812464 0)
(0.710293 0.070964 0)
(0.709343 0.0581582 0)
(0.708501 0.0448802 0)
(0.707721 0.0324298 0)
(0.707191 0.0215038 0)
(0.706641 0.0123602 0)
(0.70635 0.00497147 0)
(0.706031 -0.000851776 0)
(0.70601 -0.00537521 0)
(0.706029 -0.00888426 0)
(0.705974 -0.01165 0)
(0.706164 -0.0139131 0)
(0.706258 -0.0158784 0)
(0.706508 -0.0177177 0)
(0.706654 -0.0195762 0)
(0.706766 -0.0215819 0)
(0.706832 -0.0238566 0)
(0.706909 -0.0265271 0)
(0.706852 -0.029738 0)
(0.706747 -0.0336644 0)
(0.70665 -0.0385247 0)
(0.706459 -0.0445937 0)
(0.706214 -0.0522123 0)
(0.705828 -0.0617941 0)
(0.705371 -0.0738209 0)
(0.704788 -0.0888213 0)
(0.704005 -0.107324 0)
(0.702863 -0.129772 0)
(0.701129 -0.156394 0)
(0.698383 -0.18703 0)
(0.694429 -0.220921 0)
(0.68897 -0.256675 0)
(0.681533 -0.292485 0)
(0.670961 -0.326773 0)
(0.654952 -0.35836 0)
(0.641149 -0.384372 0)
(0.619719 -0.416505 0)
(0.605194 -0.445264 0)
(0.997043 0.0155067 0)
(0.979311 -0.010022 0)
(0.946633 -0.0429802 0)
(0.898014 -0.0648067 0)
(0.849078 -0.0558705 0)
(0.809786 -0.0265071 0)
(0.781189 0.0119804 0)
(0.764142 0.0468985 0)
(0.755652 0.0717765 0)
(0.753045 0.0846128 0)
(0.753866 0.0868098 0)
(0.756263 0.0811283 0)
(0.758904 0.0705966 0)
(0.761443 0.0577867 0)
(0.763475 0.0446018 0)
(0.765058 0.0322584 0)
(0.76617 0.0214208 0)
(0.766808 0.0123334 0)
(0.767308 0.00497306 0)
(0.767515 -0.000842846 0)
(0.767573 -0.0053719 0)
(0.767592 -0.00889214 0)
(0.76756 -0.0116688 0)
(0.767527 -0.0139384 0)
(0.767362 -0.0159029 0)
(0.767323 -0.0177321 0)
(0.767118 -0.0195706 0)
(0.76702 -0.0215461 0)
(0.76678 -0.0237809 0)
(0.766332 -0.0264028 0)
(0.765944 -0.0295576 0)
(0.765401 -0.0334215 0)
(0.764852 -0.0382139 0)
(0.763989 -0.0442084 0)
(0.763165 -0.0517425 0)
(0.76201 -0.0612211 0)
(0.760675 -0.0731101 0)
(0.758836 -0.0879132 0)
(0.756755 -0.106123 0)
(0.753806 -0.128141 0)
(0.750125 -0.154155 0)
(0.745115 -0.18398 0)
(0.738545 -0.216878 0)
(0.73014 -0.251546 0)
(0.719719 -0.286282 0)
(0.706737 -0.319509 0)
(0.690576 -0.350022 0)
(0.677141 -0.376202 0)
(0.66034 -0.40684 0)
(0.651199 -0.436391 0)
(0.997089 0.0199944 0)
(0.985643 0.00716343 0)
(0.961425 -0.0183056 0)
(0.921282 -0.0362402 0)
(0.880981 -0.0301272 0)
(0.848581 -0.00671078 0)
(0.826508 0.0246376 0)
(0.815433 0.0533036 0)
(0.812721 0.0735852 0)
(0.815885 0.0835572 0)
(0.82207 0.0842935 0)
(0.829383 0.0781385 0)
(0.83643 0.0677204 0)
(0.842728 0.0553208 0)
(0.847927 0.0426479 0)
(0.851724 0.030806 0)
(0.85459 0.0204017 0)
(0.856577 0.0116619 0)
(0.857894 0.00456248 0)
(0.858633 -0.00106646 0)
(0.859025 -0.0054674 0)
(0.859126 -0.00890264 0)
(0.859031 -0.0116234 0)
(0.858941 -0.0138544 0)
(0.858656 -0.0157885 0)
(0.858313 -0.0175887 0)
(0.857997 -0.0193943 0)
(0.857497 -0.0213299 0)
(0.857018 -0.0235154 0)
(0.856369 -0.0260773 0)
(0.855672 -0.0291607 0)
(0.85496 -0.0329407 0)
(0.853914 -0.0376345 0)
(0.8527 -0.0435124 0)
(0.85142 -0.050905 0)
(0.84969 -0.0602048 0)
(0.84773 -0.0718592 0)
(0.845221 -0.0863451 0)
(0.842074 -0.104124 0)
(0.83791 -0.125559 0)
(0.832733 -0.15081 0)
(0.826139 -0.179691 0)
(0.817738 -0.211512 0)
(0.807514 -0.245083 0)
(0.795061 -0.278843 0)
(0.780562 -0.31133 0)
(0.764341 -0.34149 0)
(0.750796 -0.368674 0)
(0.736446 -0.399429 0)
(0.729429 -0.43111 0)
(0.997435 0.0222088 0)
(0.993147 0.0187253 0)
(0.979177 0.000105596 0)
(0.950049 -0.0141538 0)
(0.920687 -0.0101502 0)
(0.897413 0.00799538 0)
(0.883541 0.0327779 0)
(0.879666 0.0555655 0)
(0.883702 0.0714955 0)
(0.892991 0.0788412 0)
(0.904956 0.0784168 0)
(0.91727 0.0721496 0)
(0.928909 0.0622618 0)
(0.938908 0.0507126 0)
(0.946972 0.038981 0)
(0.953327 0.0280379 0)
(0.957952 0.0184126 0)
(0.961115 0.0103092 0)
(0.963371 0.00370297 0)
(0.964588 -0.00155964 0)
(0.965323 -0.00569873 0)
(0.965553 -0.00895292 0)
(0.965601 -0.0115513 0)
(0.965253 -0.0136998 0)
(0.964927 -0.0155758 0)
(0.964492 -0.0173305 0)
(0.963996 -0.0190942 0)
(0.963292 -0.0209847 0)
(0.962618 -0.0231173 0)
(0.961933 -0.0256151 0)
(0.961069 -0.0286201 0)
(0.960023 -0.0323046 0)
(0.958834 -0.0368818 0)
(0.957441 -0.0426157 0)
(0.955827 -0.0498274 0)
(0.953862 -0.0588954 0)
(0.951419 -0.0702469 0)
(0.948325 -0.0843317 0)
(0.94457 -0.101579 0)
(0.939639 -0.122327 0)
(0.933464 -0.146715 0)
(0.925791 -0.174566 0)
(0.916212 -0.205258 0)
(0.904477 -0.237718 0)
(0.89088 -0.270552 0)
(0.875357 -0.302458 0)
(0.858753 -0.332614 0)
(0.844442 -0.361056 0)
(0.830666 -0.392674 0)
(0.822819 -0.426793 0)
(0.998057 0.0219454 0)
(1.00059 0.0244127 0)
(0.996995 0.0115271 0)
(0.979271 0.000656673 0)
(0.961318 0.00318947 0)
(0.948008 0.0168209 0)
(0.942973 0.0357627 0)
(0.946772 0.0532362 0)
(0.957753 0.0652527 0)
(0.973152 0.0703707 0)
(0.990642 0.0691745 0)
(1.00781 0.0632098 0)
(1.0236 0.0542874 0)
(1.03709 0.0440251 0)
(1.04807 0.0336539 0)
(1.05665 0.0239877 0)
(1.06298 0.0154738 0)
(1.0674 0.00828053 0)
(1.07041 0.00238862 0)
(1.07228 -0.00233682 0)
(1.0734 -0.00608675 0)
(1.07377 -0.00906824 0)
(1.07376 -0.0114812 0)
(1.07355 -0.0135061 0)
(1.07306 -0.0152991 0)
(1.07257 -0.0169946 0)
(1.07192 -0.0187102 0)
(1.07119 -0.0205541 0)
(1.07048 -0.0226345 0)
(1.06963 -0.025069 0)
(1.06859 -0.0279948 0)
(1.06745 -0.0315795 0)
(1.06618 -0.0360306 0)
(1.06465 -0.0416039 0)
(1.06297 -0.0486089 0)
(1.06071 -0.0574084 0)
(1.05797 -0.0684082 0)
(1.05472 -0.082032 0)
(1.05036 -0.0986811 0)
(1.04511 -0.118668 0)
(1.03834 -0.142121 0)
(1.02975 -0.168883 0)
(1.01934 -0.198397 0)
(1.00677 -0.229713 0)
(0.992092 -0.261601 0)
(0.975621 -0.292944 0)
(0.958491 -0.323173 0)
(0.942883 -0.352728 0)
(0.928079 -0.385292 0)
(0.917709 -0.42155 0)
(0.998425 0.0193766 0)
(1.00719 0.0246677 0)
(1.01296 0.0162699 0)
(1.00574 0.00836681 0)
(0.998231 0.00993723 0)
(0.994476 0.0197631 0)
(0.99763 0.0336193 0)
(1.00883 0.046385 0)
(1.02616 0.0550086 0)
(1.04715 0.0583388 0)
(1.06963 0.0567924 0)
(1.09121 0.0515469 0)
(1.11074 0.0440089 0)
(1.1273 0.0354399 0)
(1.14078 0.0268106 0)
(1.15127 0.0187654 0)
(1.15913 0.011659 0)
(1.16462 0.00562491 0)
(1.1685 0.000645585 0)
(1.17088 -0.0033892 0)
(1.1722 -0.00663497 0)
(1.17283 -0.00926152 0)
(1.17286 -0.0114328 0)
(1.1727 -0.0132975 0)
(1.17214 -0.0149859 0)
(1.17156 -0.0166114 0)
(1.17092 -0.0182753 0)
(1.17015 -0.0200737 0)
(1.16928 -0.0221054 0)
(1.1684 -0.0244806 0)
(1.1673 -0.0273304 0)
(1.16616 -0.0308159 0)
(1.1649 -0.0351374 0)
(1.1634 -0.040541 0)
(1.16152 -0.0473233 0)
(1.15925 -0.0558294 0)
(1.15644 -0.0664429 0)
(1.15285 -0.079564 0)
(1.14842 -0.0955642 0)
(1.14275 -0.114735 0)
(1.13554 -0.1372 0)
(1.12655 -0.162819 0)
(1.11544 -0.191102 0)
(1.10221 -0.22121 0)
(1.08665 -0.252069 0)
(1.06945 -0.282741 0)
(1.05133 -0.312869 0)
(1.03386 -0.34316 0)
(1.01698 -0.376449 0)
(1.00304 -0.414231 0)
(0.998906 0.0148925 0)
(1.01235 0.020381 0)
(1.02553 0.0152597 0)
(1.02704 0.00993277 0)
(1.02827 0.0108517 0)
(1.0323 0.017469 0)
(1.04252 0.0268766 0)
(1.05969 0.0355265 0)
(1.0824 0.0412497 0)
(1.10818 0.0432167 0)
(1.13464 0.0417119 0)
(1.15976 0.0375641 0)
(1.18227 0.0317739 0)
(1.20134 0.0252474 0)
(1.21692 0.0186844 0)
(1.22896 0.0125495 0)
(1.23803 0.0070996 0)
(1.24454 0.00243172 0)
(1.2489 -0.00146906 0)
(1.25166 -0.00468452 0)
(1.25336 -0.00733044 0)
(1.25408 -0.00953329 0)
(1.25429 -0.011416 0)
(1.254 -0.0130909 0)
(1.25353 -0.0146577 0)
(1.25296 -0.0162053 0)
(1.25215 -0.0178164 0)
(1.25149 -0.0195722 0)
(1.25058 -0.0215605 0)
(1.24966 -0.0238827 0)
(1.24862 -0.026662 0)
(1.24759 -0.0300522 0)
(1.24627 -0.0342444 0)
(1.24473 -0.0394742 0)
(1.24285 -0.0460234 0)
(1.24058 -0.0542192 0)
(1.23775 -0.0644233 0)
(1.23414 -0.0770079 0)
(1.22959 -0.0923224 0)
(1.22368 -0.110635 0)
(1.21623 -0.132063 0)
(1.20685 -0.156486 0)
(1.19537 -0.18347 0)
(1.18156 -0.212281 0)
(1.16527 -0.24198 0)
(1.14718 -0.271792 0)
(1.12787 -0.301544 0)
(1.10845 -0.332053 0)
(1.08891 -0.36559 0)
(1.07058 -0.404139 0)
(0.999172 0.00899524 0)
(1.01588 0.0127134 0)
(1.03434 0.00988915 0)
(1.04179 0.00678016 0)
(1.04917 0.00726223 0)
(1.05888 0.0110915 0)
(1.07416 0.0165507 0)
(1.09565 0.0215395 0)
(1.12218 0.0247578 0)
(1.15123 0.0257101 0)
(1.1806 0.0245612 0)
(1.20831 0.0218068 0)
(1.23294 0.0180494 0)
(1.25378 0.0138346 0)
(1.27068 0.00958265 0)
(1.28382 0.00557659 0)
(1.29375 0.00197182 0)
(1.30085 -0.00117419 0)
(1.30573 -0.00387128 0)
(1.30883 -0.00617073 0)
(1.31064 -0.00814488 0)
(1.31145 -0.0098729 0)
(1.31173 -0.0114325 0)
(1.31162 -0.0128958 0)
(1.31111 -0.0143295 0)
(1.31046 -0.0157952 0)
(1.30971 -0.0173544 0)
(1.30899 -0.0190721 0)
(1.30818 -0.0210235 0)
(1.30734 -0.0232998 0)
(1.30634 -0.0260157 0)
(1.30525 -0.0293158 0)
(1.30398 -0.0333816 0)
(1.30263 -0.0384363 0)
(1.30084 -0.0447468 0)
(1.29866 -0.0526209 0)
(1.29577 -0.0623971 0)
(1.29216 -0.0744217 0)
(1.28756 -0.0890194 0)
(1.28146 -0.106437 0)
(1.27386 -0.126786 0)
(1.26427 -0.149957 0)
(1.25253 -0.17557 0)
(1.23821 -0.202972 0)
(1.22131 -0.231349 0)
(1.2022 -0.260072 0)
(1.18166 -0.289076 0)
(1.16014 -0.319266 0)
(1.13771 -0.352504 0)
(1.11521 -0.391063 0)
(0.999255 0.00223934 0)
(1.01768 0.0029754 0)
(1.03868 0.00181296 0)
(1.04942 0.000681207 0)
(1.05991 0.000832394 0)
(1.0725 0.00213035 0)
(1.09032 0.00395042 0)
(1.11423 0.00556598 0)
(1.14259 0.0065376 0)
(1.17344 0.00669841 0)
(1.20434 0.00610924 0)
(1.23329 0.00493991 0)
(1.25892 0.00339428 0)
(1.28073 0.00165716 0)
(1.29844 -0.000128847 0)
(1.31212 -0.00186928 0)
(1.32254 -0.00351226 0)
(1.32997 -0.00503948 0)
(1.33495 -0.0064556 0)
(1.33832 -0.00777961 0)
(1.34015 -0.009038 0)
(1.34109 -0.0102601 0)
(1.34143 -0.0114763 0)
(1.34122 -0.0127167 0)
(1.3409 -0.014012 0)
(1.3402 -0.0153955 0)
(1.33959 -0.0169059 0)
(1.33877 -0.0185912 0)
(1.33804 -0.0205128 0)
(1.33728 -0.0227511 0)
(1.33631 -0.0254108 0)
(1.3353 -0.0286271 0)
(1.3342 -0.0325704 0)
(1.3329 -0.0374511 0)
(1.33118 -0.0435198 0)
(1.32911 -0.0510643 0)
(1.32635 -0.0603996 0)
(1.32269 -0.0718462 0)
(1.31811 -0.0857028 0)
(1.31215 -0.102195 0)
(1.30435 -0.121423 0)
(1.29463 -0.14329 0)
(1.28259 -0.167454 0)
(1.26797 -0.193331 0)
(1.25054 -0.220214 0)
(1.23061 -0.24758 0)
(1.20881 -0.275475 0)
(1.18517 -0.304812 0)
(1.15995 -0.337222 0)
(1.13335 -0.375068 0)
(0.999247 -0.00479998 0)
(1.01766 -0.00745346 0)
(1.03864 -0.00717147 0)
(1.04923 -0.00641176 0)
(1.05973 -0.00656075 0)
(1.07232 -0.0077102 0)
(1.09029 -0.00942541 0)
(1.11408 -0.0110837 0)
(1.14247 -0.0122725 0)
(1.17335 -0.0128257 0)
(1.20429 -0.0127852 0)
(1.23315 -0.0123052 0)
(1.25883 -0.0115774 0)
(1.28057 -0.0107785 0)
(1.29821 -0.0100467 0)
(1.31198 -0.00947532 0)
(1.32235 -0.00911711 0)
(1.32975 -0.00899326 0)
(1.33484 -0.0091029 0)
(1.3382 -0.00943217 0)
(1.34002 -0.00996111 0)
(1.34097 -0.0106688 0)
(1.34132 -0.011537 0)
(1.34125 -0.012553 0)
(1.34079 -0.0137113 0)
(1.3402 -0.0150163 0)
(1.33952 -0.0164835 0)
(1.33885 -0.0181431 0)
(1.33818 -0.0200424 0)
(1.33749 -0.0222503 0)
(1.33669 -0.0248613 0)
(1.33576 -0.028 0)
(1.33472 -0.0318258 0)
(1.33349 -0.0365347 0)
(1.33189 -0.0423605 0)
(1.32988 -0.0495709 0)
(1.32722 -0.0584555 0)
(1.32373 -0.069312 0)
(1.31919 -0.0824084 0)
(1.31328 -0.0979487 0)
(1.30551 -0.116022 0)
(1.29574 -0.136535 0)
(1.2835 -0.159177 0)
(1.26863 -0.183421 0)
(1.25079 -0.208642 0)
(1.23014 -0.234413 0)
(1.20719 -0.26085 0)
(1.18197 -0.288863 0)
(1.15426 -0.319917 0)
(1.12428 -0.356452 0)
(0.999148 -0.0115433 0)
(1.01581 -0.0171707 0)
(1.03408 -0.0152231 0)
(1.04166 -0.0124886 0)
(1.04889 -0.012972 0)
(1.05862 -0.0166574 0)
(1.0738 -0.0220165 0)
(1.09534 -0.0270497 0)
(1.12182 -0.030488 0)
(1.15096 -0.031834 0)
(1.18031 -0.0312341 0)
(1.20788 -0.0291699 0)
(1.23253 -0.0262297 0)
(1.25329 -0.0229526 0)
(1.27026 -0.0197547 0)
(1.28351 -0.0169179 0)
(1.2933 -0.0145987 0)
(1.30042 -0.0128573 0)
(1.30523 -0.011688 0)
(1.30843 -0.0110447 0)
(1.31023 -0.0108617 0)
(1.31105 -0.0110688 0)
(1.31135 -0.0116002 0)
(1.31125 -0.0124012 0)
(1.31086 -0.0134309 0)
(1.3104 -0.014665 0)
(1.30972 -0.0160964 0)
(1.30917 -0.0177377 0)
(1.30854 -0.0196222 0)
(1.30779 -0.0218072 0)
(1.30718 -0.0243766 0)
(1.30636 -0.0274443 0)
(1.30555 -0.0311575 0)
(1.30432 -0.0356981 0)
(1.30294 -0.0412822 0)
(1.30111 -0.0481564 0)
(1.2985 -0.056587 0)
(1.29518 -0.0668426 0)
(1.29081 -0.0791657 0)
(1.28481 -0.0937384 0)
(1.27731 -0.110629 0)
(1.26752 -0.129751 0)
(1.2553 -0.150809 0)
(1.24029 -0.173327 0)
(1.22212 -0.196748 0)
(1.20113 -0.220713 0)
(1.17731 -0.245389 0)
(1.15061 -0.271678 0)
(1.12115 -0.300954 0)
(1.08843 -0.335686 0)
(0.998866 -0.0174141 0)
(1.01223 -0.0247969 0)
(1.02534 -0.0205494 0)
(1.02667 -0.0155974 0)
(1.02776 -0.0165271 0)
(1.03181 -0.0230068 0)
(1.04208 -0.0323207 0)
(1.0592 -0.0410225 0)
(1.08176 -0.0469699 0)
(1.10756 -0.0493321 0)
(1.13393 -0.0483757 0)
(1.15914 -0.0449187 0)
(1.18163 -0.0399463 0)
(1.20073 -0.0343572 0)
(1.2161 -0.0288476 0)
(1.22826 -0.023882 0)
(1.23723 -0.019719 0)
(1.24368 -0.0164579 0)
(1.24805 -0.0140887 0)
(1.25087 -0.0125347 0)
(1.25254 -0.0116874 0)
(1.25326 -0.0114296 0)
(1.25348 -0.0116506 0)
(1.25333 -0.012256 0)
(1.25296 -0.0131716 0)
(1.25252 -0.0143458 0)
(1.25205 -0.0157506 0)
(1.25145 -0.0173815 0)
(1.25087 -0.0192585 0)
(1.25034 -0.0214275 0)
(1.24982 -0.023962 0)
(1.24916 -0.0269649 0)
(1.24837 -0.0305709 0)
(1.24737 -0.0349474 0)
(1.24606 -0.0402929 0)
(1.24434 -0.0468322 0)
(1.24203 -0.0548071 0)
(1.23883 -0.0644589 0)
(1.23443 -0.0760048 0)
(1.22874 -0.0895995 0)
(1.22125 -0.105296 0)
(1.21159 -0.123001 0)
(1.19953 -0.142437 0)
(1.18457 -0.163161 0)
(1.16643 -0.184674 0)
(1.14508 -0.206673 0)
(1.12094 -0.229365 0)
(1.09352 -0.253635 0)
(1.06279 -0.280806 0)
(1.02816 -0.313339 0)
(0.998369 -0.0218601 0)
(1.00701 -0.0290211 0)
(1.01255 -0.0214899 0)
(1.00527 -0.0139653 0)
(0.9976 -0.0155463 0)
(0.993732 -0.0252572 0)
(0.996958 -0.0390193 0)
(1.008 -0.0518551 0)
(1.02521 -0.0607094 0)
(1.04627 -0.0644371 0)
(1.06859 -0.0634411 0)
(1.09019 -0.0588857 0)
(1.10965 -0.0521645 0)
(1.12621 -0.0445317 0)
(1.13974 -0.036956 0)
(1.15007 -0.0300795 0)
(1.15784 -0.0242607 0)
(1.16346 -0.0196364 0)
(1.16712 -0.0161932 0)
(1.16949 -0.0138273 0)
(1.17088 -0.0123905 0)
(1.17147 -0.0117229 0)
(1.17164 -0.0116733 0)
(1.17146 -0.0121111 0)
(1.17109 -0.0129322 0)
(1.1707 -0.0140605 0)
(1.17026 -0.0154487 0)
(1.16972 -0.0170771 0)
(1.16932 -0.0189533 0)
(1.16877 -0.0211125 0)
(1.16838 -0.023618 0)
(1.16779 -0.0265618 0)
(1.16712 -0.0300664 0)
(1.16633 -0.0342842 0)
(1.16514 -0.0393955 0)
(1.16361 -0.0456045 0)
(1.16137 -0.0531277 0)
(1.1583 -0.0621802 0)
(1.15417 -0.0729506 0)
(1.14867 -0.085569 0)
(1.14129 -0.100072 0)
(1.13197 -0.116355 0)
(1.11999 -0.134153 0)
(1.10529 -0.153051 0)
(1.08741 -0.172598 0)
(1.06624 -0.192531 0)
(1.04214 -0.213089 0)
(1.01446 -0.235131 0)
(0.983345 -0.25997 0)
(0.94792 -0.290059 0)
(0.997986 -0.0243773 0)
(1.00036 -0.0286809 0)
(0.996637 -0.0166538 0)
(0.978687 -0.00615386 0)
(0.960558 -0.00872546 0)
(0.94713 -0.0222472 0)
(0.941895 -0.0411285 0)
(0.945691 -0.0586618 0)
(0.956586 -0.0709212 0)
(0.971953 -0.0764407 0)
(0.989328 -0.0757958 0)
(1.00658 -0.0705201 0)
(1.02223 -0.0624134 0)
(1.03566 -0.0530841 0)
(1.04651 -0.0437643 0)
(1.05506 -0.0352654 0)
(1.06129 -0.0280395 0)
(1.0657 -0.022259 0)
(1.06867 -0.0179081 0)
(1.07043 -0.0148594 0)
(1.0714 -0.0129305 0)
(1.07182 -0.0119245 0)
(1.07175 -0.0116547 0)
(1.07161 -0.0119598 0)
(1.07124 -0.0127097 0)
(1.07083 -0.0138076 0)
(1.07051 -0.0151895 0)
(1.07003 -0.0168226 0)
(1.06969 -0.0187035 0)
(1.06928 -0.0208578 0)
(1.06891 -0.0233391 0)
(1.06848 -0.026229 0)
(1.06788 -0.0296376 0)
(1.06718 -0.0337024 0)
(1.06615 -0.0385866 0)
(1.06468 -0.0444722 0)
(1.06272 -0.0515526 0)
(1.05983 -0.0600162 0)
(1.05588 -0.0700228 0)
(1.05053 -0.0816805 0)
(1.04356 -0.0950034 0)
(1.03438 -0.109881 0)
(1.02283 -0.126057 0)
(1.00847 -0.143136 0)
(0.991071 -0.160707 0)
(0.970415 -0.178544 0)
(0.94668 -0.196908 0)
(0.919552 -0.216645 0)
(0.88876 -0.239051 0)
(0.853645 -0.266565 0)
(0.997348 -0.0245764 0)
(0.992857 -0.0228795 0)
(0.978588 -0.00510815 0)
(0.949203 0.00877352 0)
(0.91964 0.00471128 0)
(0.896232 -0.0133365 0)
(0.882295 -0.0380713 0)
(0.878282 -0.060944 0)
(0.882246 -0.0771106 0)
(0.891387 -0.0848665 0)
(0.903268 -0.0849936 0)
(0.915566 -0.0794126 0)
(0.926985 -0.0703356 0)
(0.936843 -0.0597159 0)
(0.944853 -0.0490324 0)
(0.950971 -0.0392534 0)
(0.955599 -0.0309162 0)
(0.958596 -0.0242239 0)
(0.960655 -0.0191625 0)
(0.961781 -0.0155839 0)
(0.962382 -0.0132774 0)
(0.962552 -0.0120157 0)
(0.962442 -0.0115837 0)
(0.962198 -0.011795 0)
(0.961885 -0.0124989 0)
(0.961533 -0.013582 0)
(0.961178 -0.0149669 0)
(0.960742 -0.0166104 0)
(0.960466 -0.0184999 0)
(0.960087 -0.0206523 0)
(0.95981 -0.0231125 0)
(0.959464 -0.0259523 0)
(0.958913 -0.0292698 0)
(0.95831 -0.0331881 0)
(0.957385 -0.0378526 0)
(0.955972 -0.0434252 0)
(0.954118 -0.0500753 0)
(0.951359 -0.0579652 0)
(0.947661 -0.0672315 0)
(0.942565 -0.077954 0)
(0.935733 -0.0901306 0)
(0.927091 -0.103644 0)
(0.915901 -0.118237 0)
(0.902186 -0.133545 0)
(0.885418 -0.149186 0)
(0.865548 -0.16497 0)
(0.842821 -0.181176 0)
(0.816702 -0.198635 0)
(0.787291 -0.21863 0)
(0.753274 -0.243562 0)
(0.996987 -0.0222826 0)
(0.985157 -0.0111822 0)
(0.960736 0.0134494 0)
(0.920295 0.0309975 0)
(0.87976 0.0248294 0)
(0.8472 0.00147928 0)
(0.824904 -0.0298401 0)
(0.813543 -0.0586081 0)
(0.810755 -0.0791279 0)
(0.813775 -0.0895127 0)
(0.819887 -0.0908001 0)
(0.827061 -0.0853266 0)
(0.83405 -0.075713 0)
(0.840099 -0.0642371 0)
(0.845006 -0.0526033 0)
(0.848752 -0.0419213 0)
(0.851403 -0.0327982 0)
(0.853155 -0.0254669 0)
(0.854217 -0.0199123 0)
(0.85468 -0.0159716 0)
(0.854763 -0.0134123 0)
(0.854777 -0.0119841 0)
(0.854502 -0.011451 0)
(0.854078 -0.0116086 0)
(0.853773 -0.0122911 0)
(0.85346 -0.0133735 0)
(0.853054 -0.0147687 0)
(0.852804 -0.0164256 0)
(0.852469 -0.0183246 0)
(0.852148 -0.0204757 0)
(0.851861 -0.0229156 0)
(0.851538 -0.0257071 0)
(0.851003 -0.0289368 0)
(0.850374 -0.0327142 0)
(0.849487 -0.0371671 0)
(0.848142 -0.0424381 0)
(0.846362 -0.0486738 0)
(0.843667 -0.0560122 0)
(0.840164 -0.064565 0)
(0.835281 -0.0743909 0)
(0.828738 -0.0854702 0)
(0.820423 -0.0976762 0)
(0.809881 -0.110762 0)
(0.796645 -0.124384 0)
(0.780714 -0.138195 0)
(0.761927 -0.15204 0)
(0.740452 -0.166221 0)
(0.71594 -0.181551 0)
(0.688572 -0.199295 0)
(0.656901 -0.221771 0)
(0.996926 -0.0177005 0)
(0.978902 0.00616202 0)
(0.945835 0.038311 0)
(0.896871 0.0597557 0)
(0.847655 0.0507373 0)
(0.808024 0.0214182 0)
(0.779171 -0.0170635 0)
(0.761948 -0.0520773 0)
(0.753221 -0.0772265 0)
(0.75059 -0.0904718 0)
(0.751185 -0.0932103 0)
(0.753293 -0.0882034 0)
(0.755728 -0.0784665 0)
(0.758013 -0.06657 0)
(0.759752 -0.0544112 0)
(0.761012 -0.0432158 0)
(0.761779 -0.0336493 0)
(0.762196 -0.025963 0)
(0.762186 -0.0201411 0)
(0.762005 -0.0160115 0)
(0.761788 -0.0133268 0)
(0.761341 -0.0118222 0)
(0.761028 -0.0112486 0)
(0.760559 -0.0113904 0)
(0.760123 -0.0120736 0)
(0.759707 -0.0131658 0)
(0.759386 -0.014575 0)
(0.759047 -0.0162446 0)
(0.758798 -0.0181505 0)
(0.758414 -0.0202969 0)
(0.758013 -0.0227139 0)
(0.757632 -0.0254558 0)
(0.757207 -0.0285986 0)
(0.756415 -0.032238 0)
(0.755486 -0.0364865 0)
(0.754206 -0.0414669 0)
(0.752311 -0.0473053 0)
(0.749741 -0.0541169 0)
(0.746072 -0.0619907 0)
(0.741331 -0.070965 0)
(0.735176 -0.0810051 0)
(0.727059 -0.091983 0)
(0.716962 -0.103659 0)
(0.704485 -0.115715 0)
(0.689467 -0.127844 0)
(0.671906 -0.139932 0)
(0.652029 -0.152304 0)
(0.629537 -0.165776 0)
(0.604824 -0.181555 0)
(0.576164 -0.201831 0)
(0.997533 -0.011658 0)
(0.976003 0.0278726 0)
(0.938207 0.0675015 0)
(0.885419 0.0930029 0)
(0.831649 0.0804693 0)
(0.788969 0.0447822 0)
(0.75656 -0.00104484 0)
(0.735458 -0.0422939 0)
(0.722357 -0.071992 0)
(0.714874 -0.0881127 0)
(0.710618 -0.0924341 0)
(0.708007 -0.0881587 0)
(0.706374 -0.0786567 0)
(0.704987 -0.0667469 0)
(0.703668 -0.0544776 0)
(0.702518 -0.0431567 0)
(0.701457 -0.0334824 0)
(0.700498 -0.025722 0)
(0.699648 -0.0198579 0)
(0.698754 -0.0157093 0)
(0.698129 -0.0130228 0)
(0.697491 -0.011527 0)
(0.696821 -0.0109681 0)
(0.696371 -0.0111272 0)
(0.695841 -0.0118275 0)
(0.695479 -0.0129355 0)
(0.694971 -0.0143569 0)
(0.694538 -0.0160337 0)
(0.694233 -0.0179386 0)
(0.693786 -0.0200721 0)
(0.693288 -0.0224588 0)
(0.69275 -0.0251451 0)
(0.692091 -0.0281971 0)
(0.691253 -0.0316981 0)
(0.690041 -0.0357454 0)
(0.688517 -0.0404441 0)
(0.686563 -0.0459004 0)
(0.683866 -0.0522092 0)
(0.680178 -0.0594383 0)
(0.675451 -0.0676104 0)
(0.669161 -0.0766817 0)
(0.661442 -0.0865183 0)
(0.651615 -0.0968994 0)
(0.639766 -0.107534 0)
(0.625575 -0.118166 0)
(0.609192 -0.12873 0)
(0.591034 -0.139591 0)
(0.570716 -0.151572 0)
(0.548986 -0.165798 0)
(0.523992 -0.184255 0)
(0.999744 -0.00588978 0)
(0.979369 0.051389 0)
(0.942981 0.0974497 0)
(0.893911 0.127305 0)
(0.841496 0.110908 0)
(0.801065 0.0690467 0)
(0.769116 0.0162907 0)
(0.747136 -0.0306323 0)
(0.731715 -0.0643583 0)
(0.720709 -0.0830338 0)
(0.712467 -0.0888633 0)
(0.7057 -0.0854507 0)
(0.700209 -0.0764631 0)
(0.695428 -0.0649001 0)
(0.691417 -0.0529027 0)
(0.688023 -0.0418189 0)
(0.685304 -0.0323612 0)
(0.683113 -0.0247925 0)
(0.681404 -0.0190946 0)
(0.679901 -0.0150846 0)
(0.678842 -0.0125085 0)
(0.678017 -0.0110971 0)
(0.677182 -0.0105995 0)
(0.676597 -0.0108008 0)
(0.676043 -0.011528 0)
(0.675489 -0.0126506 0)
(0.674938 -0.0140765 0)
(0.674262 -0.0157485 0)
(0.673743 -0.0176387 0)
(0.673079 -0.019745 0)
(0.672339 -0.0220875 0)
(0.671521 -0.0247059 0)
(0.670673 -0.0276572 0)
(0.669459 -0.0310132 0)
(0.667967 -0.0348566 0)
(0.666131 -0.0392766 0)
(0.663857 -0.0443613 0)
(0.66073 -0.050187 0)
(0.656834 -0.056805 0)
(0.651786 -0.0642234 0)
(0.645581 -0.072391 0)
(0.637664 -0.0811794 0)
(0.628081 -0.0903854 0)
(0.616576 -0.0997577 0)
(0.603078 -0.109096 0)
(0.587738 -0.1184 0)
(0.571009 -0.128092 0)
(0.552972 -0.139021 0)
(0.534017 -0.152193 0)
(0.512765 -0.169305 0)
(1.00436 -0.00335598 0)
(0.992474 0.0726352 0)
(0.965706 0.122969 0)
(0.930199 0.157904 0)
(0.886584 0.137936 0)
(0.854926 0.090969 0)
(0.827936 0.032575 0)
(0.808275 -0.0187035 0)
(0.792466 -0.0554288 0)
(0.779538 -0.075968 0)
(0.768317 -0.0830047 0)
(0.758207 -0.0804418 0)
(0.749383 -0.0721575 0)
(0.741756 -0.0612397 0)
(0.735283 -0.0498526 0)
(0.729894 -0.0393346 0)
(0.725775 -0.0303818 0)
(0.722513 -0.0232455 0)
(0.719914 -0.0179009 0)
(0.718055 -0.0141675 0)
(0.716593 -0.0117974 0)
(0.715436 -0.0105318 0)
(0.714432 -0.0101303 0)
(0.713607 -0.010389 0)
(0.712986 -0.0111438 0)
(0.712143 -0.0122721 0)
(0.711411 -0.0136873 0)
(0.710609 -0.0153357 0)
(0.709843 -0.0171902 0)
(0.70879 -0.0192478 0)
(0.707782 -0.0215249 0)
(0.706535 -0.0240555 0)
(0.705241 -0.0268881 0)
(0.703572 -0.0300837 0)
(0.701631 -0.0337122 0)
(0.699239 -0.0378477 0)
(0.696341 -0.0425623 0)
(0.692847 -0.0479164 0)
(0.688357 -0.0539467 0)
(0.682856 -0.0606512 0)
(0.67618 -0.0679768 0)
(0.668055 -0.0758018 0)
(0.658289 -0.0839477 0)
(0.646829 -0.0922109 0)
(0.633564 -0.100459 0)
(0.618904 -0.108768 0)
(0.603295 -0.117636 0)
(0.586851 -0.127968 0)
(0.570374 -0.140602 0)
(0.55223 -0.156871 0)
(1.01289 -0.00835763 0)
(1.01855 0.086337 0)
(1.01019 0.137584 0)
(0.999762 0.179098 0)
(0.972468 0.15687 0)
(0.956141 0.107008 0)
(0.938613 0.0453129 0)
(0.924278 -0.00823185 0)
(0.910208 -0.0463384 0)
(0.896643 -0.0677132 0)
(0.883248 -0.0754088 0)
(0.870562 -0.0735461 0)
(0.858936 -0.0660667 0)
(0.848874 -0.0560284 0)
(0.840411 -0.0455372 0)
(0.833436 -0.0358684 0)
(0.828059 -0.0276709 0)
(0.823838 -0.0211724 0)
(0.820674 -0.0163385 0)
(0.818397 -0.0129942 0)
(0.816582 -0.0109055 0)
(0.815189 -0.00983017 0)
(0.814076 -0.00954618 0)
(0.813078 -0.0098659 0)
(0.812087 -0.0106401 0)
(0.811139 -0.0117572 0)
(0.81009 -0.0131392 0)
(0.808996 -0.0147377 0)
(0.807803 -0.0165285 0)
(0.806453 -0.0185082 0)
(0.80486 -0.0206908 0)
(0.803164 -0.0231049 0)
(0.801151 -0.0257916 0)
(0.798928 -0.0288019 0)
(0.79635 -0.0321936 0)
(0.793276 -0.0360279 0)
(0.789559 -0.0403623 0)
(0.785284 -0.0452438 0)
(0.780078 -0.0506976 0)
(0.773832 -0.0567154 0)
(0.766396 -0.0632428 0)
(0.757617 -0.0701745 0)
(0.747353 -0.0773605 0)
(0.735521 -0.0846465 0)
(0.722115 -0.0919758 0)
(0.70752 -0.0995149 0)
(0.692331 -0.107847 0)
(0.676719 -0.117956 0)
(0.661598 -0.130484 0)
(0.645413 -0.14632 0)
(1.02704 -0.02641 0)
(1.05938 0.086942 0)
(1.0757 0.134644 0)
(1.10077 0.185283 0)
(1.09562 0.163298 0)
(1.10037 0.114027 0)
(1.09536 0.0523802 0)
(1.08867 -0.000590575 0)
(1.07771 -0.0379993 0)
(1.06446 -0.0589009 0)
(1.04979 -0.0665768 0)
(1.03516 -0.0651776 0)
(1.0215 -0.0585384 0)
(1.0095 -0.0495605 0)
(0.999411 -0.0401988 0)
(0.991261 -0.0316117 0)
(0.984891 -0.0243763 0)
(0.980043 -0.0186789 0)
(0.976416 -0.0144779 0)
(0.973713 -0.0116066 0)
(0.97167 -0.00985118 0)
(0.970054 -0.00899252 0)
(0.968724 -0.00883328 0)
(0.967507 -0.00920704 0)
(0.966312 -0.00998357 0)
(0.965062 -0.0110651 0)
(0.9637 -0.0123851 0)
(0.962207 -0.0139013 0)
(0.960534 -0.0155939 0)
(0.958665 -0.0174599 0)
(0.956566 -0.0195113 0)
(0.95421 -0.021772 0)
(0.951559 -0.0242764 0)
(0.948556 -0.0270663 0)
(0.94512 -0.030189 0)
(0.941173 -0.0336932 0)
(0.936615 -0.0376247 0)
(0.931302 -0.0420186 0)
(0.925104 -0.0468913 0)
(0.917859 -0.0522312 0)
(0.909435 -0.0579884 0)
(0.899706 -0.0640726 0)
(0.888558 -0.0703658 0)
(0.875951 -0.0767681 0)
(0.861915 -0.0832982 0)
(0.846813 -0.0902104 0)
(0.83125 -0.0981747 0)
(0.8154 -0.108257 0)
(0.800089 -0.120872 0)
(0.783866 -0.136438 0)
(1.04895 -0.063715 0)
(1.11291 0.0705672 0)
(1.15256 0.109334 0)
(1.2201 0.172535 0)
(1.23903 0.154381 0)
(1.26703 0.110034 0)
(1.2759 0.0525409 0)
(1.27753 0.00344289 0)
(1.27014 -0.0309499 0)
(1.25774 -0.0499696 0)
(1.24235 -0.0569055 0)
(1.22634 -0.0557094 0)
(1.21116 -0.0499188 0)
(1.19779 -0.042144 0)
(1.1866 -0.0340993 0)
(1.17761 -0.0267779 0)
(1.17061 -0.0206567 0)
(1.16532 -0.0158803 0)
(1.16138 -0.0123956 0)
(1.15842 -0.0100508 0)
(1.15619 -0.00865632 0)
(1.15438 -0.00802349 0)
(1.15285 -0.00798301 0)
(1.1514 -0.00839486 0)
(1.14994 -0.00914954 0)
(1.1484 -0.0101666 0)
(1.14669 -0.0113909 0)
(1.14477 -0.0127889 0)
(1.14263 -0.0143446 0)
(1.14021 -0.0160565 0)
(1.13752 -0.0179348 0)
(1.1345 -0.0199995 0)
(1.13111 -0.0222784 0)
(1.12729 -0.0248052 0)
(1.12297 -0.0276173 0)
(1.11809 -0.030753 0)
(1.11251 -0.0342471 0)
(1.10614 -0.0381254 0)
(1.09884 -0.0423982 0)
(1.09048 -0.0470522 0)
(1.08092 -0.0520443 0)
(1.07004 -0.0573016 0)
(1.05782 -0.0627382 0)
(1.04416 -0.0683042 0)
(1.02911 -0.0740794 0)
(1.01304 -0.0803951 0)
(0.996353 -0.0879706 0)
(0.9792 -0.0979379 0)
(0.961996 -0.110469 0)
(0.943467 -0.125515 0)
(1.08178 -0.126983 0)
(1.17219 0.0375249 0)
(1.21907 0.0612015 0)
(1.3292 0.140358 0)
(1.36696 0.130009 0)
(1.41676 0.0950259 0)
(1.43759 0.0459421 0)
(1.44644 0.00395535 0)
(1.44208 -0.0252316 0)
(1.43047 -0.0410903 0)
(1.41462 -0.0466745 0)
(1.39776 -0.045483 0)
(1.3817 -0.0405631 0)
(1.36756 -0.0341062 0)
(1.35579 -0.0275184 0)
(1.34638 -0.0215897 0)
(1.33912 -0.0166854 0)
(1.33364 -0.0129004 0)
(1.32955 -0.010176 0)
(1.32648 -0.00837893 0)
(1.32412 -0.00735038 0)
(1.32219 -0.00693526 0)
(1.32048 -0.00699696 0)
(1.31884 -0.00742358 0)
(1.31715 -0.0081288 0)
(1.3153 -0.00904984 0)
(1.31326 -0.0101444 0)
(1.31096 -0.0113872 0)
(1.30838 -0.012767 0)
(1.30548 -0.0142834 0)
(1.30223 -0.0159454 0)
(1.29858 -0.0177692 0)
(1.29452 -0.0197766 0)
(1.28995 -0.0219938 0)
(1.28483 -0.0244494 0)
(1.27907 -0.0271723 0)
(1.27256 -0.030188 0)
(1.26521 -0.0335147 0)
(1.25689 -0.0371579 0)
(1.24747 -0.0411052 0)
(1.23684 -0.0453212 0)
(1.2249 -0.0497502 0)
(1.21161 -0.0543346 0)
(1.19691 -0.0590613 0)
(1.18079 -0.0640561 0)
(1.16355 -0.0696788 0)
(1.14538 -0.0766484 0)
(1.12617 -0.0860888 0)
(1.10581 -0.0979309 0)
(1.08316 -0.111729 0)
(1.12971 -0.217805 0)
(1.22288 -0.00352907 0)
(1.24068 -0.00365898 0)
(1.38484 0.0927911 0)
(1.42919 0.0936191 0)
(1.49409 0.0713464 0)
(1.52216 0.0341557 0)
(1.53541 0.00187607 0)
(1.53266 -0.0204267 0)
(1.52141 -0.032255 0)
(1.50538 -0.0361235 0)
(1.48824 -0.0348613 0)
(1.47197 -0.030865 0)
(1.45777 -0.0258195 0)
(1.44604 -0.0207753 0)
(1.43674 -0.0163035 0)
(1.42959 -0.0126537 0)
(1.42422 -0.00987567 0)
(1.42019 -0.00791139 0)
(1.41716 -0.00665052 0)
(1.41478 -0.00596932 0)
(1.41279 -0.00574879 0)
(1.41099 -0.00588723 0)
(1.40921 -0.00630117 0)
(1.40733 -0.00692842 0)
(1.40528 -0.00772315 0)
(1.40298 -0.00865638 0)
(1.40039 -0.00971022 0)
(1.39748 -0.0108783 0)
(1.39422 -0.0121612 0)
(1.39056 -0.0135668 0)
(1.38645 -0.0151072 0)
(1.38187 -0.0167994 0)
(1.37677 -0.0186623 0)
(1.37105 -0.0207168 0)
(1.36465 -0.0229834 0)
(1.35748 -0.0254796 0)
(1.34942 -0.0282176 0)
(1.34038 -0.0311996 0)
(1.33022 -0.034415 0)
(1.31887 -0.0378361 0)
(1.30622 -0.0414229 0)
(1.29223 -0.045139 0)
(1.27682 -0.048995 0)
(1.25998 -0.0531275 0)
(1.24189 -0.0578705 0)
(1.22242 -0.063863 0)
(1.2012 -0.0721213 0)
(1.17752 -0.0823581 0)
(1.15031 -0.0938537 0)
(1.18663 -0.305472 0)
(1.24037 -0.0281423 0)
(1.17526 -0.0713528 0)
(1.33981 0.0380198 0)
(1.37286 0.0517555 0)
(1.44226 0.0433229 0)
(1.47079 0.0199225 0)
(1.48454 -0.00134535 0)
(1.48169 -0.0160022 0)
(1.47046 -0.0235052 0)
(1.45471 -0.0256158 0)
(1.4381 -0.0243425 0)
(1.42257 -0.0213404 0)
(1.40918 -0.0177481 0)
(1.39821 -0.014254 0)
(1.38959 -0.0112168 0)
(1.383 -0.00878059 0)
(1.37806 -0.0069609 0)
(1.37434 -0.00570554 0)
(1.37151 -0.0049331 0)
(1.36924 -0.0045557 0)
(1.3673 -0.00449221 0)
(1.36547 -0.00467372 0)
(1.36365 -0.00504562 0)
(1.36168 -0.00556705 0)
(1.35952 -0.00620938 0)
(1.3571 -0.00695431 0)
(1.35437 -0.00779186 0)
(1.35131 -0.00871879 0)
(1.34786 -0.00973699 0)
(1.34399 -0.0108526 0)
(1.33968 -0.0120746 0)
(1.33489 -0.0134147 0)
(1.32952 -0.014886 0)
(1.32354 -0.0165023 0)
(1.31689 -0.0182767 0)
(1.30945 -0.0202206 0)
(1.30114 -0.0223409 0)
(1.29186 -0.0246378 0)
(1.28151 -0.0271027 0)
(1.26999 -0.0297159 0)
(1.25724 -0.0324498 0)
(1.24319 -0.0352828 0)
(1.22779 -0.038232 0)
(1.21096 -0.0414117 0)
(1.19282 -0.0450732 0)
(1.17292 -0.0497045 0)
(1.15069 -0.0561097 0)
(1.12502 -0.0638548 0)
(1.09505 -0.0720739 0)
(1.20141 -0.349601 0)
(1.17088 0.00221194 0)
(0.980216 -0.106641 0)
(1.15801 -0.00252817 0)
(1.16326 0.0188046 0)
(1.22494 0.0196997 0)
(1.24696 0.00837622 0)
(1.25746 -0.00297591 0)
(1.25331 -0.010768 0)
(1.24234 -0.0145753 0)
(1.22786 -0.0153795 0)
(1.21307 -0.0143638 0)
(1.19951 -0.0124707 0)
(1.18798 -0.0103335 0)
(1.17865 -0.00831874 0)
(1.17138 -0.00660928 0)
(1.16586 -0.00526903 0)
(1.16168 -0.00429517 0)
(1.15853 -0.00365015 0)
(1.15607 -0.00328404 0)
(1.15405 -0.00314506 0)
(1.15225 -0.00318745 0)
(1.15053 -0.00337263 0)
(1.14875 -0.00367133 0)
(1.14683 -0.00406158 0)
(1.1447 -0.00452909 0)
(1.14231 -0.00506471 0)
(1.13962 -0.00566452 0)
(1.13661 -0.00632773 0)
(1.13321 -0.00705679 0)
(1.12943 -0.00785597 0)
(1.12521 -0.00873137 0)
(1.1205 -0.0096901 0)
(1.11527 -0.0107399 0)
(1.10947 -0.0118888 0)
(1.103 -0.013144 0)
(1.09581 -0.0145114 0)
(1.0878 -0.015994 0)
(1.07891 -0.0175912 0)
(1.06904 -0.0192965 0)
(1.05811 -0.0210972 0)
(1.04607 -0.0229756 0)
(1.03286 -0.0249188 0)
(1.0184 -0.0269393 0)
(1.00265 -0.0291058 0)
(0.985652 -0.031552 0)
(0.966812 -0.0345768 0)
(0.945493 -0.0387105 0)
(0.920599 -0.0435022 0)
(0.891786 -0.0480371 0)
(1.15058 -0.674949 0)
(0.951991 -0.00851378 0)
(0.633409 -0.111087 0)
(0.821136 -0.0121622 0)
(0.795624 0.00826561 0)
(0.840489 0.0108404 0)
(0.852304 0.00599851 0)
(0.857755 0.000667166 0)
(0.852727 -0.00299828 0)
(0.843476 -0.00488931 0)
(0.832155 -0.00545035 0)
(0.821055 -0.00523004 0)
(0.811104 -0.00463211 0)
(0.802806 -0.00392256 0)
(0.796165 -0.00324972 0)
(0.791016 -0.00268635 0)
(0.7871 -0.00225787 0)
(0.784117 -0.0019641 0)
(0.781816 -0.00179202 0)
(0.779973 -0.00172405 0)
(0.778397 -0.00174234 0)
(0.776931 -0.00183123 0)
(0.775491 -0.00197793 0)
(0.773964 -0.00217296 0)
(0.772301 -0.00240968 0)
(0.770455 -0.00268407 0)
(0.768391 -0.00299406 0)
(0.766069 -0.00333938 0)
(0.763467 -0.00372089 0)
(0.760555 -0.00414053 0)
(0.757311 -0.0046008 0)
(0.7537 -0.0051048 0)
(0.749691 -0.00565577 0)
(0.74523 -0.00625711 0)
(0.740296 -0.00691192 0)
(0.734807 -0.00762288 0)
(0.728722 -0.00839176 0)
(0.72199 -0.00921893 0)
(0.714523 -0.010103 0)
(0.706281 -0.0110401 0)
(0.697191 -0.0120232 0)
(0.687206 -0.0130429 0)
(0.676291 -0.0140917 0)
(0.664383 -0.015174 0)
(0.651459 -0.0163144 0)
(0.637577 -0.0175376 0)
(0.622185 -0.0189515 0)
(0.604753 -0.0208397 0)
(0.584709 -0.022865 0)
(0.56258 -0.0242062 0)
(0.919601 -0.454202 0)
(0.663146 0.0227635 0)
(0.221266 -0.0319853 0)
(0.347001 -0.00708006 0)
(0.298345 0.00621452 0)
(0.317561 0.00441455 0)
(0.319096 0.00359603 0)
(0.320375 0.00216681 0)
(0.317239 0.001266 0)
(0.312827 0.000639652 0)
(0.307786 0.000275521 0)
(0.303052 5.51948e-05 0)
(0.298925 -7.36112e-05 0)
(0.295545 -0.000153686 0)
(0.29287 -0.000206851 0)
(0.290805 -0.000247186 0)
(0.289222 -0.000282281 0)
(0.288 -0.000316662 0)
(0.287026 -0.00035285 0)
(0.28621 -0.000392373 0)
(0.285478 -0.000436194 0)
(0.284771 -0.00048503 0)
(0.284047 -0.000539476 0)
(0.283273 -0.00060012 0)
(0.282422 -0.000667545 0)
(0.281476 -0.000742384 0)
(0.280418 -0.000825278 0)
(0.279235 -0.000916922 0)
(0.277911 -0.00101799 0)
(0.276436 -0.00112918 0)
(0.274793 -0.00125113 0)
(0.272967 -0.00138445 0)
(0.27094 -0.00152964 0)
(0.268694 -0.0016871 0)
(0.266206 -0.00185703 0)
(0.26345 -0.00203948 0)
(0.260402 -0.00223419 0)
(0.257029 -0.00244063 0)
(0.253307 -0.00265796 0)
(0.249202 -0.00288499 0)
(0.24469 -0.00312005 0)
(0.239749 -0.00336081 0)
(0.234363 -0.00360504 0)
(0.228498 -0.00385487 0)
(0.222141 -0.00411717 0)
(0.215397 -0.00435756 0)
(0.207951 -0.0045819 0)
(0.199602 -0.0049067 0)
(0.190355 -0.0052119 0)
(0.181085 -0.00502618 0)
(1.27505 -1.99571 0)
(0.742925 -2.19872 0)
(0.50419 -1.70799 0)
(0.219231 -1.11059 0)
(0.0775723 -0.650354 0)
(0.0303445 -0.447031 0)
(0.117326 -0.479839 0)
(0.143944 -0.578714 0)
(0.186444 -0.689202 0)
(0.225142 -0.769891 0)
(0.259999 -0.807029 0)
(0.289213 -0.800386 0)
(0.313732 -0.757541 0)
(0.334406 -0.688841 0)
(0.351373 -0.60432 0)
(0.365041 -0.512759 0)
(0.375773 -0.421056 0)
(0.383971 -0.3343 0)
(0.389967 -0.255831 0)
(0.394083 -0.187588 0)
(0.39663 -0.13034 0)
(0.397877 -0.0840414 0)
(0.398113 -0.0480778 0)
(0.397589 -0.0214292 0)
(0.396521 -0.00289875 0)
(0.395108 0.0087926 0)
(0.393528 0.0149079 0)
(0.391947 0.0166363 0)
(0.390457 0.0150481 0)
(0.389169 0.0110826 0)
(0.388148 0.00553532 0)
(0.387449 -0.000934188 0)
(0.387089 -0.00780067 0)
(0.387083 -0.0146498 0)
(0.387429 -0.0211775 0)
(0.388092 -0.0271608 0)
(0.389067 -0.0324564 0)
(0.390311 -0.0369775 0)
(0.391782 -0.0406866 0)
(0.393447 -0.0435826 0)
(0.395268 -0.0456934 0)
(0.397212 -0.0470657 0)
(0.399241 -0.0477609 0)
(0.40133 -0.0478473 0)
(0.403465 -0.0473995 0)
(0.405604 -0.0464906 0)
(0.407731 -0.0451949 0)
(0.409824 -0.043581 0)
(0.411849 -0.0417158 0)
(0.413806 -0.0396581 0)
(0.415679 -0.0374637 0)
(0.41746 -0.0351804 0)
(0.41915 -0.0328516 0)
(0.420749 -0.0305129 0)
(0.422236 -0.0281959 0)
(0.423631 -0.0259253 0)
(0.424932 -0.0237226 0)
(0.426138 -0.0216034 0)
(0.427241 -0.0195811 0)
(0.428249 -0.0176648 0)
(0.429166 -0.0158612 0)
(0.429999 -0.014174 0)
(0.430754 -0.0126051 0)
(0.431426 -0.0111536 0)
(0.432033 -0.00981816 0)
(0.43258 -0.00859459 0)
(0.433072 -0.00747993 0)
(0.433509 -0.00646827 0)
(0.433905 -0.00555576 0)
(0.43426 -0.0047356 0)
(0.434572 -0.00400334 0)
(0.434857 -0.0033518 0)
(0.435102 -0.00277589 0)
(0.435321 -0.00226821 0)
(0.435515 -0.00182297 0)
(0.435684 -0.00143269 0)
(0.435829 -0.00109125 0)
(0.435963 -0.000791491 0)
(0.436086 -0.000527652 0)
(0.436198 -0.00029338 0)
(0.436302 -8.37071e-05 0)
(0.436388 0.000107144 0)
(0.436502 0.000283766 0)
(0.43661 0.000452172 0)
(0.436749 0.000617425 0)
(0.436929 0.000786691 0)
(0.437152 0.000966295 0)
(0.43745 0.00116449 0)
(0.437832 0.00138581 0)
(0.438254 0.00163111 0)
(0.438746 0.00190746 0)
(0.439296 0.00221169 0)
(0.440286 0.00256641 0)
(0.439639 0.00275603 0)
(0.43874 0.00295681 0)
(0.442627 0.0033115 0)
(0.446403 0.00314324 0)
(0.449419 0.00226746 0)
(0.455567 0.0012624 0)
(0.429647 0.00102287 0)
(1.6199 -1.83523 0)
(0.974565 -1.98621 0)
(0.610215 -1.57343 0)
(0.264603 -1.02457 0)
(0.102681 -0.626616 0)
(0.0398822 -0.450977 0)
(0.12042 -0.494591 0)
(0.152438 -0.598279 0)
(0.194648 -0.708439 0)
(0.230791 -0.786975 0)
(0.261026 -0.821431 0)
(0.284435 -0.812275 0)
(0.302594 -0.767205 0)
(0.316908 -0.696582 0)
(0.327959 -0.610444 0)
(0.33638 -0.517503 0)
(0.342629 -0.424639 0)
(0.347144 -0.336901 0)
(0.350231 -0.257604 0)
(0.352116 -0.188663 0)
(0.353038 -0.130851 0)
(0.353161 -0.0840997 0)
(0.352683 -0.0477781 0)
(0.35175 -0.0208843 0)
(0.350519 -0.00219586 0)
(0.34911 0.00957727 0)
(0.347636 0.0157073 0)
(0.346218 0.0173968 0)
(0.344921 0.0157238 0)
(0.343817 0.011643 0)
(0.342958 0.0059562 0)
(0.342361 -0.000666525 0)
(0.342068 -0.00769084 0)
(0.342079 -0.0146987 0)
(0.342383 -0.0213789 0)
(0.34296 -0.0275058 0)
(0.343783 -0.0329321 0)
(0.344839 -0.0375686 0)
(0.346088 -0.0413772 0)
(0.347485 -0.0443558 0)
(0.34903 -0.0465328 0)
(0.350669 -0.0479548 0)
(0.352387 -0.0486847 0)
(0.354168 -0.0487917 0)
(0.355969 -0.0483516 0)
(0.357777 -0.0474392 0)
(0.359581 -0.0461302 0)
(0.361347 -0.0444947 0)
(0.363075 -0.0426006 0)
(0.364745 -0.0405088 0)
(0.366334 -0.0382757 0)
(0.367857 -0.0359503 0)
(0.369284 -0.0335768 0)
(0.370637 -0.0311921 0)
(0.371922 -0.028828 0)
(0.373113 -0.0265108 0)
(0.374222 -0.0242613 0)
(0.375257 -0.022097 0)
(0.376211 -0.0200306 0)
(0.377074 -0.0180721 0)
(0.377865 -0.0162282 0)
(0.378576 -0.0145028 0)
(0.379225 -0.0128982 0)
(0.379806 -0.011413 0)
(0.380324 -0.0100462 0)
(0.380799 -0.00879381 0)
(0.381232 -0.00765267 0)
(0.381625 -0.00661692 0)
(0.381977 -0.00568254 0)
(0.382288 -0.00484276 0)
(0.38257 -0.00409295 0)
(0.382811 -0.00342584 0)
(0.383038 -0.00283629 0)
(0.383226 -0.00231676 0)
(0.383403 -0.00186151 0)
(0.383569 -0.00146287 0)
(0.38371 -0.00111494 0)
(0.38384 -0.000810381 0)
(0.383946 -0.000543819 0)
(0.384055 -0.000308696 0)
(0.384155 -0.000100615 0)
(0.384265 8.63637e-05 0)
(0.384363 0.000256285 0)
(0.384496 0.000415128 0)
(0.384636 0.00056781 0)
(0.384833 0.000721005 0)
(0.385077 0.00088138 0)
(0.385388 0.00105587 0)
(0.385804 0.00125006 0)
(0.386264 0.00146451 0)
(0.386818 0.00170611 0)
(0.387431 0.00197041 0)
(0.388464 0.00226917 0)
(0.38784 0.00244487 0)
(0.38701 0.00261811 0)
(0.391064 0.00282809 0)
(0.394975 0.00264733 0)
(0.398119 0.00199404 0)
(0.40463 0.00141404 0)
(0.37696 0.00128601 0)
(1.75563 -1.6868 0)
(1.10502 -1.75172 0)
(0.670724 -1.39657 0)
(0.302033 -0.915653 0)
(0.138263 -0.593137 0)
(0.0699003 -0.453493 0)
(0.145197 -0.509784 0)
(0.182666 -0.617535 0)
(0.224641 -0.726125 0)
(0.257994 -0.801336 0)
(0.283338 -0.832361 0)
(0.300709 -0.8203 0)
(0.312297 -0.772947 0)
(0.320046 -0.700607 0)
(0.324986 -0.613184 0)
(0.327982 -0.519291 0)
(0.329595 -0.425719 0)
(0.330268 -0.337437 0)
(0.330263 -0.257708 0)
(0.329788 -0.188432 0)
(0.328955 -0.130364 0)
(0.327839 -0.0834185 0)
(0.326539 -0.046957 0)
(0.325114 -0.0199757 0)
(0.323617 -0.00124264 0)
(0.322133 0.0105253 0)
(0.320709 0.0166127 0)
(0.3194 0.0182254 0)
(0.318241 0.016453 0)
(0.317272 0.0122507 0)
(0.31653 0.00642902 0)
(0.316017 -0.000334426 0)
(0.315758 -0.00750296 0)
(0.315732 -0.0146517 0)
(0.31596 -0.0214668 0)
(0.316404 -0.0277194 0)
(0.317059 -0.0332612 0)
(0.317896 -0.0379988 0)
(0.318894 -0.0418951 0)
(0.320014 -0.0449474 0)
(0.321244 -0.0471838 0)
(0.322562 -0.0486517 0)
(0.323943 -0.0494145 0)
(0.325356 -0.0495425 0)
(0.326811 -0.0491126 0)
(0.328281 -0.0482006 0)
(0.329731 -0.0468836 0)
(0.331169 -0.0452326 0)
(0.332562 -0.0433172 0)
(0.33391 -0.0411987 0)
(0.335209 -0.0389353 0)
(0.336443 -0.0365766 0)
(0.337604 -0.0341676 0)
(0.338712 -0.0317461 0)
(0.339741 -0.0293445 0)
(0.340717 -0.0269896 0)
(0.341636 -0.0247029 0)
(0.342478 -0.0225017 0)
(0.343259 -0.0203997 0)
(0.34397 -0.0184068 0)
(0.344628 -0.0165301 0)
(0.345209 -0.0147736 0)
(0.345746 -0.0131395 0)
(0.346217 -0.0116269 0)
(0.346656 -0.0102348 0)
(0.347052 -0.00895885 0)
(0.347409 -0.00779613 0)
(0.347739 -0.00674073 0)
(0.348029 -0.00578851 0)
(0.348305 -0.00493273 0)
(0.348539 -0.00416865 0)
(0.348744 -0.00348904 0)
(0.348937 -0.00288858 0)
(0.349117 -0.00235978 0)
(0.349272 -0.00189668 0)
(0.349402 -0.00149173 0)
(0.349536 -0.00113884 0)
(0.349659 -0.000830903 0)
(0.349758 -0.000562497 0)
(0.349859 -0.000327436 0)
(0.349967 -0.000121497 0)
(0.350056 6.08486e-05 0)
(0.350174 0.000223291 0)
(0.350289 0.000371552 0)
(0.350451 0.000510041 0)
(0.350646 0.000645435 0)
(0.350905 0.000783647 0)
(0.351234 0.000931725 0)
(0.351671 0.00109467 0)
(0.352158 0.00127441 0)
(0.35273 0.0014765 0)
(0.353387 0.0016962 0)
(0.354448 0.00193809 0)
(0.353856 0.00209207 0)
(0.353116 0.00223242 0)
(0.357299 0.00232021 0)
(0.361243 0.00214316 0)
(0.364505 0.00172603 0)
(0.371307 0.00156469 0)
(0.342835 0.00153393 0)
(1.73578 -1.48067 0)
(1.12011 -1.49115 0)
(0.672755 -1.19961 0)
(0.318172 -0.800414 0)
(0.171494 -0.557906 0)
(0.109237 -0.45852 0)
(0.181528 -0.527641 0)
(0.224038 -0.637999 0)
(0.265463 -0.743468 0)
(0.295575 -0.814098 0)
(0.315669 -0.840818 0)
(0.326774 -0.825385 0)
(0.331633 -0.775634 0)
(0.332736 -0.701669 0)
(0.331488 -0.613236 0)
(0.329004 -0.518739 0)
(0.325924 -0.424827 0)
(0.322702 -0.336383 0)
(0.319597 -0.256584 0)
(0.316701 -0.18729 0)
(0.314062 -0.129216 0)
(0.311672 -0.0823053 0)
(0.309509 -0.0458785 0)
(0.307544 -0.0189394 0)
(0.305772 -0.000276767 0)
(0.304188 0.0114188 0)
(0.302781 0.0174234 0)
(0.301552 0.0189419 0)
(0.300501 0.0170648 0)
(0.299649 0.0127519 0)
(0.299001 0.00681606 0)
(0.298541 -6.3743e-05 0)
(0.29829 -0.00734902 0)
(0.298231 -0.0146102 0)
(0.298373 -0.0215313 0)
(0.298675 -0.0278831 0)
(0.29915 -0.0335137 0)
(0.299751 -0.0383312 0)
(0.300475 -0.0422964 0)
(0.301291 -0.0454067 0)
(0.302199 -0.04769 0)
(0.303166 -0.0491943 0)
(0.304188 -0.0499835 0)
(0.305242 -0.0501285 0)
(0.306336 -0.0497071 0)
(0.307429 -0.048796 0)
(0.308529 -0.0474731 0)
(0.309608 -0.0458106 0)
(0.310662 -0.0438784 0)
(0.311686 -0.0417393 0)
(0.31267 -0.0394521 0)
(0.313603 -0.0370673 0)
(0.31449 -0.0346307 0)
(0.31533 -0.0321805 0)
(0.316123 -0.0297498 0)
(0.316865 -0.0273655 0)
(0.317562 -0.0250496 0)
(0.31822 -0.0228199 0)
(0.318826 -0.0206899 0)
(0.319381 -0.0186699 0)
(0.319875 -0.0167673 0)
(0.320339 -0.0149863 0)
(0.320748 -0.0133291 0)
(0.321122 -0.0117949 0)
(0.321452 -0.0103826 0)
(0.321769 -0.00908804 0)
(0.322061 -0.00790817 0)
(0.322314 -0.00683704 0)
(0.322555 -0.00587057 0)
(0.322782 -0.00500197 0)
(0.322967 -0.00422651 0)
(0.323151 -0.00353701 0)
(0.323308 -0.00292803 0)
(0.323453 -0.00239212 0)
(0.323586 -0.00192317 0)
(0.32371 -0.00151368 0)
(0.323823 -0.00115748 0)
(0.323925 -0.000847545 0)
(0.324031 -0.000578607 0)
(0.324126 -0.000344749 0)
(0.324212 -0.000142068 0)
(0.324307 3.45846e-05 0)
(0.324419 0.00018846 0)
(0.32454 0.000324969 0)
(0.324711 0.00044804 0)
(0.324901 0.000564156 0)
(0.325173 0.00067863 0)
(0.325531 0.000798328 0)
(0.325972 0.000927815 0)
(0.326481 0.00106981 0)
(0.32708 0.00122878 0)
(0.327771 0.00140013 0)
(0.328857 0.00158384 0)
(0.328297 0.00170333 0)
(0.327618 0.00180039 0)
(0.331857 0.0018095 0)
(0.335821 0.00164482 0)
(0.339205 0.00139108 0)
(0.34618 0.00140474 0)
(0.317648 0.0014523 0)
(1.59215 -1.26414 0)
(1.04008 -1.23608 0)
(0.627798 -1.00799 0)
(0.317542 -0.693353 0)
(0.202449 -0.527447 0)
(0.155535 -0.468225 0)
(0.226695 -0.548461 0)
(0.273299 -0.659386 0)
(0.313435 -0.760096 0)
(0.339656 -0.82493 0)
(0.35404 -0.84657 0)
(0.358622 -0.827393 0)
(0.356655 -0.775156 0)
(0.351101 -0.699718 0)
(0.343719 -0.610539 0)
(0.335783 -0.515788 0)
(0.32805 -0.421937 0)
(0.320999 -0.333695 0)
(0.314808 -0.254193 0)
(0.309529 -0.185187 0)
(0.305099 -0.127395 0)
(0.301426 -0.0807282 0)
(0.298406 -0.0445315 0)
(0.295903 -0.0177831 0)
(0.293842 0.000723514 0)
(0.292139 0.0122799 0)
(0.290737 0.0181581 0)
(0.289583 0.0195623 0)
(0.288652 0.017577 0)
(0.287905 0.0131627 0)
(0.28734 0.00713037 0)
(0.286936 0.000156428 0)
(0.28668 -0.0072163 0)
(0.286586 -0.0145616 0)
(0.286623 -0.0215606 0)
(0.286774 -0.0279846 0)
(0.287052 -0.0336811 0)
(0.28741 -0.038556 0)
(0.287857 -0.0425715 0)
(0.288372 -0.0457241 0)
(0.28894 -0.0480422 0)
(0.289555 -0.0495737 0)
(0.290207 -0.0503829 0)
(0.290893 -0.0505414 0)
(0.291607 -0.0501273 0)
(0.29232 -0.049218 0)
(0.293056 -0.0478918 0)
(0.293776 -0.0462216 0)
(0.294482 -0.0442782 0)
(0.295158 -0.0421248 0)
(0.295818 -0.0398209 0)
(0.296445 -0.0374177 0)
(0.297051 -0.0349615 0)
(0.297619 -0.0324909 0)
(0.298159 -0.0300395 0)
(0.298676 -0.0276342 0)
(0.299163 -0.0252974 0)
(0.29962 -0.0230472 0)
(0.300034 -0.0208971 0)
(0.300419 -0.0188578 0)
(0.300776 -0.0169367 0)
(0.301093 -0.015138 0)
(0.301388 -0.0134641 0)
(0.30165 -0.0119144 0)
(0.301899 -0.0104876 0)
(0.302122 -0.00917959 0)
(0.302336 -0.00798728 0)
(0.302525 -0.00690472 0)
(0.302716 -0.00592779 0)
(0.30288 -0.00504982 0)
(0.30303 -0.00426601 0)
(0.303165 -0.00356933 0)
(0.303287 -0.00295425 0)
(0.30341 -0.00241336 0)
(0.303509 -0.00194042 0)
(0.303612 -0.00152804 0)
(0.303718 -0.00116995 0)
(0.303814 -0.000859355 0)
(0.303898 -0.000591048 0)
(0.304 -0.000359525 0)
(0.304079 -0.000161148 0)
(0.30418 8.72153e-06 0)
(0.304283 0.000153001 0)
(0.304411 0.000276615 0)
(0.304574 0.000383131 0)
(0.304772 0.00047865 0)
(0.305053 0.000568004 0)
(0.305409 0.000657716 0)
(0.305863 0.000751951 0)
(0.306389 0.00085387 0)
(0.307023 0.000967068 0)
(0.307738 0.00108732 0)
(0.30884 0.00121209 0)
(0.308303 0.00128842 0)
(0.30766 0.00133694 0)
(0.311925 0.00129743 0)
(0.315919 0.00115072 0)
(0.319372 0.000992882 0)
(0.32638 0.000995366 0)
(0.297797 0.00110121 0)
(1.36668 -1.05858 0)
(0.902621 -1.0082 0)
(0.558702 -0.840168 0)
(0.311911 -0.605204 0)
(0.236427 -0.506648 0)
(0.210151 -0.48386 0)
(0.281023 -0.572138 0)
(0.330071 -0.681199 0)
(0.367819 -0.775502 0)
(0.389314 -0.833467 0)
(0.397494 -0.849407 0)
(0.395315 -0.826201 0)
(0.386492 -0.771469 0)
(0.374326 -0.694741 0)
(0.360899 -0.605113 0)
(0.347662 -0.510484 0)
(0.33541 -0.41706 0)
(0.324617 -0.329413 0)
(0.315444 -0.250535 0)
(0.307849 -0.182146 0)
(0.301685 -0.124906 0)
(0.296777 -0.078703 0)
(0.292911 -0.0428991 0)
(0.289903 -0.0164711 0)
(0.287566 0.00177176 0)
(0.285766 0.0131184 0)
(0.284371 0.0188297 0)
(0.283288 0.0200979 0)
(0.282456 0.0180022 0)
(0.281814 0.0134935 0)
(0.281328 0.00738156 0)
(0.280984 0.000336887 0)
(0.280732 -0.00709803 0)
(0.28058 -0.0144985 0)
(0.280508 -0.0215489 0)
(0.280521 -0.0280183 0)
(0.280582 -0.0337555 0)
(0.280706 -0.0386668 0)
(0.280864 -0.0427139 0)
(0.281068 -0.0458935 0)
(0.281302 -0.0482339 0)
(0.281561 -0.0497837 0)
(0.28184 -0.0506069 0)
(0.282146 -0.0507753 0)
(0.282482 -0.0503674 0)
(0.28282 -0.0494608 0)
(0.283169 -0.0481341 0)
(0.283523 -0.0464606 0)
(0.283874 -0.0445115 0)
(0.284226 -0.0423505 0)
(0.284557 -0.0400375 0)
(0.284873 -0.037624 0)
(0.285181 -0.0351568 0)
(0.285474 -0.0326746 0)
(0.285757 -0.0302111 0)
(0.286035 -0.0277937 0)
(0.286295 -0.0254447 0)
(0.286551 -0.0231822 0)
(0.2868 -0.0210202 0)
(0.287013 -0.0189691 0)
(0.287218 -0.0170367 0)
(0.287402 -0.0152272 0)
(0.287567 -0.0135433 0)
(0.287717 -0.0119842 0)
(0.287856 -0.0105487 0)
(0.287999 -0.00923255 0)
(0.288134 -0.00803263 0)
(0.28826 -0.00694311 0)
(0.288387 -0.00595977 0)
(0.288502 -0.00507609 0)
(0.288602 -0.00428726 0)
(0.288702 -0.0035864 0)
(0.288789 -0.00296784 0)
(0.288878 -0.0024243 0)
(0.288969 -0.00194943 0)
(0.289051 -0.00153593 0)
(0.289137 -0.00117751 0)
(0.289212 -0.00086758 0)
(0.289303 -0.000601079 0)
(0.289383 -0.000372936 0)
(0.289468 -0.000179797 0)
(0.28956 -1.75866e-05 0)
(0.289654 0.000116291 0)
(0.289785 0.000226196 0)
(0.289938 0.000315384 0)
(0.290155 0.000389441 0)
(0.290428 0.000452817 0)
(0.290791 0.000511537 0)
(0.291253 0.000569464 0)
(0.291789 0.000629914 0)
(0.29242 0.000695774 0)
(0.293148 0.000763422 0)
(0.294258 0.000829233 0)
(0.293731 0.00085714 0)
(0.293102 0.000855534 0)
(0.297381 0.000785202 0)
(0.301407 0.000659235 0)
(0.304902 0.000563239 0)
(0.311845 0.000500056 0)
(0.283015 0.00065121 0)
(1.11297 -0.881 0)
(0.749862 -0.822517 0)
(0.489819 -0.707552 0)
(0.313246 -0.542034 0)
(0.278471 -0.498106 0)
(0.273918 -0.505502 0)
(0.344053 -0.598057 0)
(0.393353 -0.702733 0)
(0.42727 -0.789126 0)
(0.443105 -0.839354 0)
(0.444588 -0.849133 0)
(0.435437 -0.821747 0)
(0.419756 -0.764604 0)
(0.401117 -0.68681 0)
(0.381839 -0.597053 0)
(0.363481 -0.502902 0)
(0.346904 -0.410289 0)
(0.332552 -0.323583 0)
(0.320533 -0.245687 0)
(0.310742 -0.178197 0)
(0.302939 -0.121761 0)
(0.296871 -0.0762521 0)
(0.292245 -0.0410156 0)
(0.288752 -0.015037 0)
(0.286179 0.00285487 0)
(0.284286 0.0139298 0)
(0.282915 0.0194336 0)
(0.281918 0.0205474 0)
(0.2812 0.018337 0)
(0.280664 0.0137438 0)
(0.280272 0.00756978 0)
(0.279963 0.000479722 0)
(0.279722 -0.00699136 0)
(0.279519 -0.0144199 0)
(0.279347 -0.0214928 0)
(0.279206 -0.0279823 0)
(0.279063 -0.0337339 0)
(0.27894 -0.0386612 0)
(0.278826 -0.042721 0)
(0.27871 -0.0459123 0)
(0.278602 -0.0482631 0)
(0.278498 -0.0498217 0)
(0.278413 -0.0506527 0)
(0.278334 -0.0508275 0)
(0.278288 -0.0504247 0)
(0.278246 -0.0495218 0)
(0.27822 -0.0481975 0)
(0.278205 -0.0465252 0)
(0.278198 -0.0445761 0)
(0.278196 -0.0424142 0)
(0.278211 -0.0400995 0)
(0.278215 -0.0376841 0)
(0.278224 -0.0352142 0)
(0.278241 -0.0327292 0)
(0.278267 -0.0302625 0)
(0.278304 -0.0278417 0)
(0.278351 -0.0254893 0)
(0.278404 -0.023223 0)
(0.278461 -0.0210571 0)
(0.278516 -0.0190022 0)
(0.278555 -0.0170661 0)
(0.278606 -0.0152532 0)
(0.278642 -0.0135659 0)
(0.278679 -0.0120037 0)
(0.278736 -0.0105652 0)
(0.278786 -0.00924628 0)
(0.278842 -0.00804368 0)
(0.278889 -0.00695168 0)
(0.278954 -0.00596599 0)
(0.279019 -0.00508029 0)
(0.279084 -0.0042897 0)
(0.279134 -0.00358756 0)
(0.279199 -0.00296811 0)
(0.279253 -0.00242419 0)
(0.279309 -0.00194935 0)
(0.279384 -0.00153648 0)
(0.279449 -0.00117921 0)
(0.279517 -0.000871305 0)
(0.279587 -0.000607788 0)
(0.279673 -0.00038409 0)
(0.279748 -0.000197157 0)
(0.27983 -4.34859e-05 0)
(0.279926 7.92016e-05 0)
(0.280046 0.000174685 0)
(0.280201 0.000245913 0)
(0.280406 0.000297927 0)
(0.280681 0.000334813 0)
(0.281046 0.000362079 0)
(0.281511 0.000383299 0)
(0.282049 0.000401781 0)
(0.282682 0.00041981 0)
(0.283411 0.000434419 0)
(0.284517 0.000441948 0)
(0.283985 0.000418113 0)
(0.283354 0.000367249 0)
(0.287636 0.000276101 0)
(0.291685 0.000171499 0)
(0.295164 0.000128938 0)
(0.30201 3.32976e-05 0)
(0.272821 0.000230997 0)
(0.880694 -0.741156 0)
(0.617282 -0.684848 0)
(0.440725 -0.613595 0)
(0.330335 -0.504776 0)
(0.331532 -0.501693 0)
(0.346208 -0.531926 0)
(0.413996 -0.624974 0)
(0.460957 -0.722969 0)
(0.489461 -0.800262 0)
(0.498681 -0.842127 0)
(0.492992 -0.845515 0)
(0.476734 -0.813932 0)
(0.454262 -0.754532 0)
(0.42936 -0.675929 0)
(0.404495 -0.586405 0)
(0.381291 -0.493085 0)
(0.360643 -0.401658 0)
(0.342948 -0.316281 0)
(0.328282 -0.239665 0)
(0.316448 -0.17338 0)
(0.307161 -0.118001 0)
(0.30003 -0.0733759 0)
(0.294693 -0.0388587 0)
(0.290802 -0.0134652 0)
(0.288015 0.00398244 0)
(0.286075 0.0147217 0)
(0.284757 0.0199813 0)
(0.283879 0.020921 0)
(0.283282 0.0185948 0)
(0.282867 0.0139261 0)
(0.282565 0.00770701 0)
(0.28231 0.00059345 0)
(0.282082 -0.00688736 0)
(0.281825 -0.0143167 0)
(0.281564 -0.0213856 0)
(0.281266 -0.0278668 0)
(0.280926 -0.033613 0)
(0.280564 -0.0385332 0)
(0.280169 -0.0425879 0)
(0.279738 -0.0457758 0)
(0.279306 -0.0481251 0)
(0.278844 -0.0496839 0)
(0.278384 -0.0505165 0)
(0.277937 -0.0506946 0)
(0.277498 -0.0502958 0)
(0.27708 -0.0493979 0)
(0.276681 -0.0480789 0)
(0.276314 -0.0464123 0)
(0.275952 -0.0444692 0)
(0.275611 -0.0423135 0)
(0.275283 -0.0400051 0)
(0.274977 -0.037596 0)
(0.274702 -0.0351324 0)
(0.274444 -0.0326537 0)
(0.274215 -0.030193 0)
(0.274013 -0.0277779 0)
(0.273847 -0.0254306 0)
(0.273699 -0.0231693 0)
(0.273563 -0.0210078 0)
(0.273447 -0.018957 0)
(0.273335 -0.0170247 0)
(0.273238 -0.0152152 0)
(0.273159 -0.0135314 0)
(0.273085 -0.0119722 0)
(0.273032 -0.0105365 0)
(0.273002 -0.0092202 0)
(0.27298 -0.00801982 0)
(0.272963 -0.00692984 0)
(0.272965 -0.00594591 0)
(0.272981 -0.00506194 0)
(0.272997 -0.00427301 0)
(0.273012 -0.00357268 0)
(0.273028 -0.00295507 0)
(0.27306 -0.00241319 0)
(0.273096 -0.00194049 0)
(0.273149 -0.00153006 0)
(0.273207 -0.00117553 0)
(0.273254 -0.000870954 0)
(0.273316 -0.000611576 0)
(0.273393 -0.000393298 0)
(0.273458 -0.000213385 0)
(0.273529 -6.89074e-05 0)
(0.273626 4.20766e-05 0)
(0.273732 0.000122771 0)
(0.273886 0.000175811 0)
(0.27409 0.000205686 0)
(0.274363 0.000216123 0)
(0.274726 0.000212107 0)
(0.275187 0.000196918 0)
(0.275721 0.000173739 0)
(0.276333 0.000144341 0)
(0.277051 0.00010643 0)
(0.278141 5.68588e-05 0)
(0.27759 -2.03269e-05 0)
(0.276941 -0.000118548 0)
(0.281213 -0.000225485 0)
(0.285284 -0.000310433 0)
(0.288719 -0.000294736 0)
(0.295479 -0.000361091 0)
(0.265939 -0.000102922 0)
(0.703284 -0.639971 0)
(0.527101 -0.592351 0)
(0.422679 -0.555144 0)
(0.367548 -0.490279 0)
(0.396278 -0.515271 0)
(0.425211 -0.561059 0)
(0.488204 -0.651241 0)
(0.530188 -0.740746 0)
(0.551703 -0.808103 0)
(0.553411 -0.841313 0)
(0.540164 -0.838278 0)
(0.516725 -0.802667 0)
(0.487635 -0.741252 0)
(0.456729 -0.662185 0)
(0.426601 -0.573233 0)
(0.398885 -0.481145 0)
(0.374462 -0.391269 0)
(0.353724 -0.307541 0)
(0.336636 -0.23255 0)
(0.322974 -0.167733 0)
(0.312344 -0.113635 0)
(0.304279 -0.0700908 0)
(0.298361 -0.0364547 0)
(0.294128 -0.0117541 0)
(0.291199 0.00515238 0)
(0.289266 0.015497 0)
(0.28803 0.0204759 0)
(0.287275 0.0212276 0)
(0.286828 0.0187822 0)
(0.286549 0.0140475 0)
(0.286352 0.00780039 0)
(0.28617 0.00068468 0)
(0.28595 -0.00677895 0)
(0.285672 -0.0141831 0)
(0.285305 -0.0212204 0)
(0.284868 -0.0276709 0)
(0.284346 -0.0333856 0)
(0.283757 -0.038279 0)
(0.283076 -0.0423112 0)
(0.282351 -0.0454812 0)
(0.281584 -0.0478173 0)
(0.280779 -0.049368 0)
(0.279958 -0.0501968 0)
(0.27914 -0.0503749 0)
(0.278333 -0.0499796 0)
(0.277534 -0.0490879 0)
(0.27677 -0.0477774 0)
(0.276045 -0.0461213 0)
(0.275334 -0.0441902 0)
(0.274646 -0.0420478 0)
(0.274008 -0.0397534 0)
(0.273395 -0.0373591 0)
(0.272827 -0.0349105 0)
(0.272297 -0.032447 0)
(0.271815 -0.0300013 0)
(0.27139 -0.027601 0)
(0.271001 -0.0252678 0)
(0.270654 -0.02302 0)
(0.270341 -0.0208714 0)
(0.270056 -0.0188327 0)
(0.269793 -0.0169117 0)
(0.269565 -0.0151131 0)
(0.269358 -0.0134393 0)
(0.269173 -0.0118895 0)
(0.269025 -0.0104624 0)
(0.268902 -0.00915399 0)
(0.268802 -0.00796072 0)
(0.268723 -0.00687718 0)
(0.268661 -0.00589904 0)
(0.268629 -0.00502041 0)
(0.268595 -0.00423642 0)
(0.268576 -0.00354077 0)
(0.268556 -0.00292758 0)
(0.268568 -0.00238999 0)
(0.268582 -0.00192142 0)
(0.268601 -0.00151514 0)
(0.268638 -0.00116486 0)
(0.268692 -0.000864945 0)
(0.268746 -0.000610854 0)
(0.268799 -0.000398988 0)
(0.268854 -0.000226942 0)
(0.268926 -9.23285e-05 0)
(0.269009 6.45006e-06 0)
(0.269113 7.20681e-05 0)
(0.269265 0.000106832 0)
(0.269451 0.000114726 0)
(0.269718 9.91168e-05 0)
(0.270074 6.45083e-05 0)
(0.270512 1.38795e-05 0)
(0.271033 -4.97896e-05 0)
(0.271642 -0.000125176 0)
(0.272339 -0.000213951 0)
(0.2734 -0.00031849 0)
(0.272813 -0.000448898 0)
(0.272133 -0.00059178 0)
(0.276377 -0.000712939 0)
(0.280422 -0.000781893 0)
(0.283797 -0.000699979 0)
(0.290494 -0.000682777 0)
(0.260666 -0.000342206 0)
(0.595148 -0.57231 0)
(0.48813 -0.537037 0)
(0.439205 -0.525234 0)
(0.42498 -0.493115 0)
(0.471095 -0.535554 0)
(0.508048 -0.590512 0)
(0.563835 -0.675221 0)
(0.598269 -0.754997 0)
(0.611382 -0.812035 0)
(0.604762 -0.836576 0)
(0.583762 -0.827312 0)
(0.553214 -0.787925 0)
(0.517732 -0.724851 0)
(0.481187 -0.645684 0)
(0.446169 -0.557682 0)
(0.414325 -0.467198 0)
(0.386497 -0.379239 0)
(0.363003 -0.297503 0)
(0.343795 -0.224414 0)
(0.32852 -0.161334 0)
(0.316715 -0.108732 0)
(0.307882 -0.0664597 0)
(0.301475 -0.0338522 0)
(0.297015 -0.00995607 0)
(0.294019 0.00634881 0)
(0.292138 0.0162467 0)
(0.291031 0.0209138 0)
(0.290446 0.0214626 0)
(0.290169 0.0188971 0)
(0.29005 0.014108 0)
(0.289978 0.00785102 0)
(0.289873 0.00075701 0)
(0.28968 -0.00666513 0)
(0.289373 -0.0140171 0)
(0.288938 -0.0209978 0)
(0.288364 -0.0273913 0)
(0.28767 -0.0330546 0)
(0.286841 -0.0379003 0)
(0.285913 -0.0418924 0)
(0.284898 -0.0450304 0)
(0.283813 -0.0473423 0)
(0.282676 -0.0488765 0)
(0.281504 -0.0496958 0)
(0.280321 -0.0498711 0)
(0.279149 -0.0494785 0)
(0.277998 -0.0485946 0)
(0.27687 -0.0472958 0)
(0.275784 -0.045655 0)
(0.274734 -0.0437417 0)
(0.273737 -0.0416194 0)
(0.272769 -0.0393469 0)
(0.271871 -0.0369756 0)
(0.271014 -0.034551 0)
(0.270219 -0.0321118 0)
(0.269489 -0.0296901 0)
(0.268831 -0.0273133 0)
(0.268235 -0.0250031 0)
(0.267692 -0.0227773 0)
(0.267192 -0.0206496 0)
(0.266753 -0.0186308 0)
(0.266343 -0.0167288 0)
(0.265984 -0.0149479 0)
(0.265651 -0.0132907 0)
(0.26537 -0.0117564 0)
(0.265115 -0.0103436 0)
(0.264914 -0.00904828 0)
(0.264737 -0.0078669 0)
(0.264595 -0.00679423 0)
(0.264472 -0.0058259 0)
(0.264391 -0.00495629 0)
(0.26431 -0.00418055 0)
(0.264255 -0.00349257 0)
(0.264202 -0.00288643 0)
(0.264178 -0.00235545 0)
(0.264172 -0.00189301 0)
(0.264185 -0.0014926 0)
(0.264201 -0.00114804 0)
(0.264233 -0.000854018 0)
(0.264279 -0.000606253 0)
(0.264322 -0.000401601 0)
(0.264379 -0.000238042 0)
(0.264437 -0.000113695 0)
(0.264519 -2.73115e-05 0)
(0.264606 2.32911e-05 0)
(0.264752 4.0098e-05 0)
(0.264931 2.66185e-05 0)
(0.265176 -1.41231e-05 0)
(0.265521 -7.80695e-05 0)
(0.265944 -0.000162542 0)
(0.266446 -0.000264778 0)
(0.267029 -0.000383823 0)
(0.267694 -0.000520768 0)
(0.268712 -0.000677162 0)
(0.268076 -0.000858928 0)
(0.267348 -0.00104331 0)
(0.271542 -0.001179 0)
(0.27555 -0.00123659 0)
(0.278849 -0.00108176 0)
(0.285498 -0.000947331 0)
(0.255447 -0.000499189 0)
(0.55523 -0.530515 0)
(0.49788 -0.509135 0)
(0.486916 -0.515677 0)
(0.49908 -0.507216 0)
(0.552896 -0.559016 0)
(0.591877 -0.617976 0)
(0.637898 -0.69543 0)
(0.662696 -0.764838 0)
(0.666216 -0.811535 0)
(0.65087 -0.827698 0)
(0.621857 -0.812574 0)
(0.584335 -0.769836 0)
(0.542867 -0.705505 0)
(0.501107 -0.626623 0)
(0.461646 -0.539966 0)
(0.426086 -0.45144 0)
(0.395251 -0.365741 0)
(0.369375 -0.2863 0)
(0.348303 -0.215389 0)
(0.331668 -0.154272 0)
(0.31893 -0.103384 0)
(0.309482 -0.0625307 0)
(0.302731 -0.0310756 0)
(0.298112 -0.00807787 0)
(0.295136 0.00753782 0)
(0.293367 0.0169431 0)
(0.292431 0.0212729 0)
(0.292056 0.0216089 0)
(0.29197 0.018928 0)
(0.292044 0.0140959 0)
(0.292119 0.00784884 0)
(0.292105 0.000799495 0)
(0.291962 -0.00655479 0)
(0.291647 -0.0138281 0)
(0.291139 -0.0207242 0)
(0.290453 -0.0270365 0)
(0.289587 -0.0326243 0)
(0.288565 -0.0374029 0)
(0.287388 -0.041338 0)
(0.286088 -0.0444296 0)
(0.284698 -0.0467061 0)
(0.283238 -0.0482155 0)
(0.28173 -0.04902 0)
(0.280197 -0.0491892 0)
(0.278671 -0.0487985 0)
(0.277175 -0.0479233 0)
(0.275715 -0.0466393 0)
(0.274283 -0.045018 0)
(0.272909 -0.0431282 0)
(0.271586 -0.0410329 0)
(0.270328 -0.0387897 0)
(0.269125 -0.0364497 0)
(0.268003 -0.0340572 0)
(0.266948 -0.0316506 0)
(0.26599 -0.0292618 0)
(0.265105 -0.0269172 0)
(0.264294 -0.0246384 0)
(0.263573 -0.022443 0)
(0.262903 -0.0203444 0)
(0.2623 -0.0183533 0)
(0.261758 -0.0164775 0)
(0.261258 -0.0147213 0)
(0.260814 -0.0130872 0)
(0.260425 -0.0115743 0)
(0.260093 -0.0101813 0)
(0.259801 -0.00890413 0)
(0.259549 -0.00773929 0)
(0.259346 -0.00668168 0)
(0.259175 -0.00572699 0)
(0.259033 -0.00486985 0)
(0.258918 -0.00410543 0)
(0.258815 -0.00342784 0)
(0.258755 -0.00283118 0)
(0.258697 -0.0023089 0)
(0.258671 -0.00185443 0)
(0.258663 -0.00146147 0)
(0.258672 -0.00112402 0)
(0.258683 -0.000837057 0)
(0.25872 -0.000596625 0)
(0.258754 -0.000400004 0)
(0.258798 -0.000245552 0)
(0.258857 -0.000131852 0)
(0.258922 -5.79987e-05 0)
(0.259004 -2.22382e-05 0)
(0.259129 -2.28992e-05 0)
(0.259299 -5.68773e-05 0)
(0.259532 -0.000121465 0)
(0.259847 -0.000212991 0)
(0.260263 -0.000329043 0)
(0.260739 -0.000467086 0)
(0.261275 -0.000626442 0)
(0.261896 -0.000807681 0)
(0.262859 -0.00101156 0)
(0.262159 -0.00124103 0)
(0.261366 -0.00146294 0)
(0.265485 -0.00161364 0)
(0.269442 -0.00166377 0)
(0.272643 -0.0014318 0)
(0.27924 -0.0011655 0)
(0.248998 -0.000586066 0)
(0.572455 -0.506799 0)
(0.547445 -0.499269 0)
(0.5586 -0.518758 0)
(0.584517 -0.526867 0)
(0.637637 -0.582335 0)
(0.673206 -0.641443 0)
(0.707285 -0.710612 0)
(0.721052 -0.769549 0)
(0.7142 -0.806297 0)
(0.689783 -0.814576 0)
(0.653095 -0.794141 0)
(0.608963 -0.748548 0)
(0.561744 -0.68341 0)
(0.515264 -0.605235 0)
(0.471852 -0.520321 0)
(0.433075 -0.434108 0)
(0.399639 -0.350975 0)
(0.37173 -0.274108 0)
(0.349151 -0.20564 0)
(0.33142 -0.146694 0)
(0.317929 -0.0976903 0)
(0.308049 -0.0584052 0)
(0.30109 -0.0282086 0)
(0.29644 -0.00620546 0)
(0.293564 0.00868211 0)
(0.291974 0.0175566 0)
(0.291276 0.0215313 0)
(0.29113 0.0216506 0)
(0.291282 0.0188615 0)
(0.291547 0.0140017 0)
(0.29179 0.00778352 0)
(0.291904 0.000804539 0)
(0.291812 -0.00645573 0)
(0.291512 -0.0136212 0)
(0.290963 -0.0204088 0)
(0.290169 -0.026615 0)
(0.289149 -0.0321034 0)
(0.287929 -0.0367953 0)
(0.286527 -0.040656 0)
(0.284975 -0.043687 0)
(0.283289 -0.045917 0)
(0.281522 -0.0473931 0)
(0.279691 -0.0481769 0)
(0.277842 -0.0483369 0)
(0.275977 -0.0479471 0)
(0.27415 -0.0470818 0)
(0.272352 -0.045815 0)
(0.270595 -0.0442176 0)
(0.268914 -0.0423568 0)
(0.267281 -0.0402948 0)
(0.26573 -0.0380882 0)
(0.264263 -0.035787 0)
(0.262871 -0.0334351 0)
(0.26158 -0.0310697 0)
(0.260388 -0.0287219 0)
(0.259296 -0.026418 0)
(0.258289 -0.0241787 0)
(0.257382 -0.0220215 0)
(0.256559 -0.0199596 0)
(0.255796 -0.0180036 0)
(0.255112 -0.0161608 0)
(0.254501 -0.0144359 0)
(0.253949 -0.012831 0)
(0.253455 -0.0113454 0)
(0.253032 -0.00997742 0)
(0.252665 -0.00872336 0)
(0.252353 -0.00757957 0)
(0.25209 -0.00654117 0)
(0.251859 -0.00560389 0)
(0.25167 -0.00476263 0)
(0.251522 -0.00401265 0)
(0.251386 -0.00334821 0)
(0.251278 -0.00276344 0)
(0.251214 -0.00225195 0)
(0.251154 -0.00180726 0)
(0.251126 -0.00142326 0)
(0.251129 -0.00109417 0)
(0.251133 -0.000815304 0)
(0.251161 -0.000583005 0)
(0.251184 -0.000395007 0)
(0.251216 -0.000250009 0)
(0.251259 -0.000147038 0)
(0.25132 -8.55146e-05 0)
(0.251396 -6.40663e-05 0)
(0.251499 -8.13064e-05 0)
(0.251657 -0.000134488 0)
(0.251875 -0.000221184 0)
(0.25217 -0.000338038 0)
(0.252562 -0.000482865 0)
(0.252991 -0.000653288 0)
(0.253499 -0.000848768 0)
(0.254068 -0.00106938 0)
(0.254963 -0.00131512 0)
(0.254185 -0.0015869 0)
(0.25331 -0.0018411 0)
(0.257327 -0.00200576 0)
(0.261174 -0.00204971 0)
(0.264248 -0.00173754 0)
(0.270785 -0.00133692 0)
(0.240349 -0.000607231 0)
(0.631304 -0.49439 0)
(0.624165 -0.499653 0)
(0.645165 -0.527997 0)
(0.674647 -0.547382 0)
(0.720806 -0.602754 0)
(0.748613 -0.659393 0)
(0.769513 -0.719899 0)
(0.771132 -0.768716 0)
(0.753735 -0.796145 0)
(0.720249 -0.797277 0)
(0.676024 -0.77217 0)
(0.625677 -0.724278 0)
(0.573379 -0.658828 0)
(0.522735 -0.581807 0)
(0.475929 -0.498989 0)
(0.434414 -0.41542 0)
(0.398829 -0.335149 0)
(0.369285 -0.261126 0)
(0.345515 -0.195286 0)
(0.326965 -0.138724 0)
(0.312966 -0.0917467 0)
(0.302818 -0.054147 0)
(0.295809 -0.0253047 0)
(0.291241 -0.00435745 0)
(0.288558 0.00973921 0)
(0.287209 0.0180571 0)
(0.286784 0.0216624 0)
(0.286917 0.0215646 0)
(0.287335 0.0186778 0)
(0.287845 0.0138087 0)
(0.288263 0.00764469 0)
(0.288507 0.000761744 0)
(0.288509 -0.00637743 0)
(0.288217 -0.013408 0)
(0.287641 -0.0200597 0)
(0.286763 -0.026134 0)
(0.285612 -0.031502 0)
(0.284217 -0.0360864 0)
(0.282602 -0.0398559 0)
(0.280811 -0.0428122 0)
(0.278849 -0.0449842 0)
(0.276801 -0.0464189 0)
(0.274666 -0.047176 0)
(0.2725 -0.0473235 0)
(0.270332 -0.0469334 0)
(0.26819 -0.0460786 0)
(0.266081 -0.0448316 0)
(0.264023 -0.0432617 0)
(0.262042 -0.0414351 0)
(0.26013 -0.0394125 0)
(0.258302 -0.037249 0)
(0.256555 -0.0349942 0)
(0.254933 -0.0326903 0)
(0.253402 -0.0303737 0)
(0.251999 -0.028075 0)
(0.250694 -0.0258195 0)
(0.249512 -0.0236279 0)
(0.248437 -0.0215166 0)
(0.247454 -0.0194988 0)
(0.246562 -0.0175849 0)
(0.245753 -0.0157821 0)
(0.245007 -0.0140947 0)
(0.244364 -0.0125249 0)
(0.24378 -0.011072 0)
(0.243269 -0.00973421 0)
(0.242829 -0.00850786 0)
(0.242444 -0.00738936 0)
(0.242123 -0.00637399 0)
(0.241861 -0.00545764 0)
(0.241626 -0.0046354 0)
(0.241431 -0.00390264 0)
(0.241262 -0.00325384 0)
(0.241135 -0.00268312 0)
(0.241038 -0.00218429 0)
(0.240973 -0.00175099 0)
(0.240925 -0.00137737 0)
(0.240908 -0.00105783 0)
(0.240904 -0.00078804 0)
(0.240923 -0.000564678 0)
(0.240936 -0.000385854 0)
(0.240968 -0.000250647 0)
(0.240995 -0.000158452 0)
(0.241039 -0.00010899 0)
(0.241107 -0.000101203 0)
(0.241199 -0.000133953 0)
(0.24133 -0.000204784 0)
(0.24153 -0.000311482 0)
(0.241803 -0.00045094 0)
(0.242165 -0.000621113 0)
(0.242557 -0.000819718 0)
(0.243016 -0.00104621 0)
(0.243523 -0.00130015 0)
(0.244339 -0.0015808 0)
(0.24347 -0.0018877 0)
(0.242497 -0.0021672 0)
(0.246383 -0.00234208 0)
(0.250104 -0.00237719 0)
(0.253028 -0.00198141 0)
(0.259443 -0.00144852 0)
(0.228777 -0.000557288 0)
(0.715398 -0.487951 0)
(0.715711 -0.504284 0)
(0.737213 -0.538494 0)
(0.762912 -0.565255 0)
(0.797918 -0.618289 0)
(0.814851 -0.670814 0)
(0.821935 -0.722766 0)
(0.811074 -0.762131 0)
(0.783066 -0.781126 0)
(0.74106 -0.775918 0)
(0.689707 -0.746884 0)
(0.633807 -0.697327 0)
(0.577092 -0.63207 0)
(0.522729 -0.556606 0)
(0.473126 -0.476257 0)
(0.429402 -0.39564 0)
(0.392149 -0.318481 0)
(0.361381 -0.247511 0)
(0.33675 -0.184524 0)
(0.317655 -0.130469 0)
(0.303391 -0.0856529 0)
(0.293167 -0.0498443 0)
(0.286239 -0.0224494 0)
(0.281883 -0.00260378 0)
(0.279454 0.0106702 0)
(0.278432 0.0184114 0)
(0.278338 0.0216435 0)
(0.278798 0.0213354 0)
(0.279516 0.0183648 0)
(0.280273 0.0135063 0)
(0.280908 0.00742025 0)
(0.281302 0.000660735 0)
(0.281403 -0.00632785 0)
(0.28115 -0.0131986 0)
(0.280555 -0.0196864 0)
(0.279608 -0.0256051 0)
(0.278351 -0.0308281 0)
(0.276803 -0.0352864 0)
(0.274999 -0.0389476 0)
(0.272981 -0.0418154 0)
(0.270785 -0.0439185 0)
(0.268463 -0.0453031 0)
(0.266049 -0.0460281 0)
(0.263599 -0.0461594 0)
(0.261141 -0.0457677 0)
(0.258691 -0.0449239 0)
(0.256289 -0.0436989 0)
(0.253956 -0.0421604 0)
(0.251683 -0.0403726 0)
(0.249512 -0.0383948 0)
(0.247425 -0.0362812 0)
(0.245442 -0.0340795 0)
(0.243575 -0.0318309 0)
(0.241843 -0.0295707 0)
(0.240224 -0.0273285 0)
(0.238742 -0.0251291 0)
(0.237392 -0.022992 0)
(0.236143 -0.0209339 0)
(0.235018 -0.0189672 0)
(0.234002 -0.017102 0)
(0.233059 -0.0153452 0)
(0.232222 -0.0137015 0)
(0.231477 -0.0121724 0)
(0.230805 -0.0107574 0)
(0.230223 -0.00945449 0)
(0.229712 -0.00826025 0)
(0.22927 -0.0071711 0)
(0.228905 -0.00618252 0)
(0.228585 -0.00529049 0)
(0.228306 -0.00449035 0)
(0.228079 -0.0037776 0)
(0.227892 -0.00314684 0)
(0.227733 -0.0025923 0)
(0.227617 -0.00210795 0)
(0.227532 -0.00168758 0)
(0.227479 -0.00132557 0)
(0.227442 -0.00101662 0)
(0.227431 -0.000756704 0)
(0.227441 -0.000542856 0)
(0.227456 -0.000373533 0)
(0.227475 -0.000248178 0)
(0.227486 -0.000166519 0)
(0.227524 -0.000128533 0)
(0.22757 -0.000133436 0)
(0.227651 -0.000180295 0)
(0.227766 -0.000266878 0)
(0.227946 -0.000391129 0)
(0.228194 -0.000550099 0)
(0.228509 -0.000741791 0)
(0.228873 -0.000963865 0)
(0.229264 -0.00121555 0)
(0.229701 -0.00149586 0)
(0.230429 -0.00180319 0)
(0.229458 -0.00213629 0)
(0.228385 -0.00243192 0)
(0.232114 -0.00260977 0)
(0.235678 -0.00262851 0)
(0.238388 -0.00214376 0)
(0.244654 -0.00147955 0)
(0.21372 -0.000424417 0)
(0.809831 -0.483522 0)
(0.810282 -0.508963 0)
(0.826058 -0.54687 0)
(0.843349 -0.578141 0)
(0.864563 -0.627635 0)
(0.869114 -0.675191 0)
(0.862232 -0.719037 0)
(0.839268 -0.74986 0)
(0.801166 -0.761392 0)
(0.750958 -0.75077 0)
(0.693359 -0.718603 0)
(0.632354 -0.668013 0)
(0.571805 -0.603446 0)
(0.514747 -0.529961 0)
(0.462817 -0.452392 0)
(0.41743 -0.375007 0)
(0.378983 -0.301197 0)
(0.347397 -0.233482 0)
(0.322258 -0.173477 0)
(0.302916 -0.122084 0)
(0.288616 -0.0795364 0)
(0.278498 -0.045594 0)
(0.271805 -0.0196908 0)
(0.267761 -0.000995978 0)
(0.265708 0.0114336 0)
(0.265055 0.018589 0)
(0.265348 0.0214507 0)
(0.266165 0.0209428 0)
(0.267221 0.0179061 0)
(0.268265 0.013081 0)
(0.269125 0.00710087 0)
(0.269693 0.000492235 0)
(0.269907 -0.00631852 0)
(0.269721 -0.0129991 0)
(0.269122 -0.0192969 0)
(0.268138 -0.0250359 0)
(0.266787 -0.030094 0)
(0.265109 -0.0344057 0)
(0.263122 -0.0379421 0)
(0.260912 -0.0407077 0)
(0.258493 -0.0427309 0)
(0.255924 -0.0440573 0)
(0.253263 -0.0447442 0)
(0.250538 -0.0448559 0)
(0.247808 -0.0444609 0)
(0.245103 -0.0436285 0)
(0.242441 -0.0424273 0)
(0.239835 -0.0409232 0)
(0.237311 -0.0391785 0)
(0.234875 -0.037251 0)
(0.232562 -0.035193 0)
(0.230358 -0.0330508 0)
(0.228274 -0.0308642 0)
(0.226339 -0.0286674 0)
(0.224543 -0.0264888 0)
(0.22288 -0.0243523 0)
(0.22137 -0.022277 0)
(0.21998 -0.0202786 0)
(0.218719 -0.0183696 0)
(0.217572 -0.0165594 0)
(0.216539 -0.0148548 0)
(0.215589 -0.0132602 0)
(0.214757 -0.011777 0)
(0.214002 -0.0104046 0)
(0.21335 -0.00914107 0)
(0.212783 -0.007983 0)
(0.2123 -0.00692692 0)
(0.211879 -0.00596848 0)
(0.211516 -0.00510381 0)
(0.211207 -0.00432852 0)
(0.210949 -0.0036382 0)
(0.210731 -0.00302764 0)
(0.210553 -0.00249113 0)
(0.210405 -0.00202285 0)
(0.210316 -0.00161678 0)
(0.210244 -0.00126754 0)
(0.2102 -0.000970135 0)
(0.210196 -0.000720873 0)
(0.210184 -0.000517093 0)
(0.210188 -0.000357601 0)
(0.210193 -0.00024215 0)
(0.210215 -0.000170751 0)
(0.210233 -0.000143602 0)
(0.21027 -0.000160117 0)
(0.210324 -0.00021952 0)
(0.210423 -0.000319736 0)
(0.210582 -0.000458785 0)
(0.210802 -0.000633791 0)
(0.211082 -0.000842679 0)
(0.211399 -0.00108291 0)
(0.211732 -0.00135327 0)
(0.212094 -0.00165211 0)
(0.212726 -0.00197677 0)
(0.211643 -0.00232557 0)
(0.210429 -0.00262594 0)
(0.213992 -0.002796 0)
(0.217375 -0.002786 0)
(0.219847 -0.00220418 0)
(0.225922 -0.00140501 0)
(0.194649 -0.000193537 0)
(0.902286 -0.47847 0)
(0.898026 -0.510984 0)
(0.904678 -0.550991 0)
(0.910717 -0.584721 0)
(0.917343 -0.630151 0)
(0.908754 -0.672428 0)
(0.888499 -0.708876 0)
(0.854034 -0.732143 0)
(0.806585 -0.737295 0)
(0.749155 -0.722218 0)
(0.686042 -0.687686 0)
(0.620934 -0.636677 0)
(0.557277 -0.573317 0)
(0.497865 -0.502185 0)
(0.444415 -0.427713 0)
(0.397927 -0.35378 0)
(0.358753 -0.283524 0)
(0.326768 -0.219207 0)
(0.301478 -0.162328 0)
(0.282173 -0.113679 0)
(0.268054 -0.0734762 0)
(0.258243 -0.0414813 0)
(0.251923 -0.017102 0)
(0.248299 0.000418615 0)
(0.246695 0.0119909 0)
(0.246512 0.0185601 0)
(0.247235 0.0210591 0)
(0.248457 0.0203685 0)
(0.249876 0.0172879 0)
(0.251215 0.0125214 0)
(0.25234 0.00667407 0)
(0.253106 0.000245362 0)
(0.253446 -0.00635849 0)
(0.253347 -0.0128215 0)
(0.252776 -0.0189042 0)
(0.251763 -0.0244375 0)
(0.250345 -0.0293091 0)
(0.248543 -0.0334554 0)
(0.246419 -0.0368511 0)
(0.244033 -0.0395012 0)
(0.241407 -0.041434 0)
(0.238637 -0.042694 0)
(0.23574 -0.0433371 0)
(0.232784 -0.0434256 0)
(0.229816 -0.0430259 0)
(0.226858 -0.0422049 0)
(0.223945 -0.0410293 0)
(0.221098 -0.0395623 0)
(0.218349 -0.0378649 0)
(0.2157 -0.0359925 0)
(0.213152 -0.0339956 0)
(0.210747 -0.0319187 0)
(0.208475 -0.0298003 0)
(0.20635 -0.0276732 0)
(0.204388 -0.0255646 0)
(0.202581 -0.0234974 0)
(0.200919 -0.0214901 0)
(0.199396 -0.0195578 0)
(0.198019 -0.0177123 0)
(0.196758 -0.0159628 0)
(0.195627 -0.0143159 0)
(0.194593 -0.0127754 0)
(0.193666 -0.0113429 0)
(0.192857 -0.0100176 0)
(0.192137 -0.00879751 0)
(0.191518 -0.0076794 0)
(0.19098 -0.0066599 0)
(0.190518 -0.0057348 0)
(0.190113 -0.00490044 0)
(0.189775 -0.00415262 0)
(0.189488 -0.00348708 0)
(0.189253 -0.00289873 0)
(0.189058 -0.00238204 0)
(0.188906 -0.00193129 0)
(0.188784 -0.00154073 0)
(0.188707 -0.00120524 0)
(0.188658 -0.000920175 0)
(0.188647 -0.000682099 0)
(0.188626 -0.000488724 0)
(0.188632 -0.000339138 0)
(0.188623 -0.000233395 0)
(0.188628 -0.000171726 0)
(0.18864 -0.000154509 0)
(0.188654 -0.000181307 0)
(0.188709 -0.000251463 0)
(0.188791 -0.000362975 0)
(0.188914 -0.000513879 0)
(0.189104 -0.000701267 0)
(0.189347 -0.000922853 0)
(0.189616 -0.00117568 0)
(0.189886 -0.00145779 0)
(0.19017 -0.0017667 0)
(0.1907 -0.00209838 0)
(0.189499 -0.00245102 0)
(0.188162 -0.00274248 0)
(0.191514 -0.00289052 0)
(0.194694 -0.00283474 0)
(0.1969 -0.00214466 0)
(0.202761 -0.0012009 0)
(0.171085 0.000149514 0)
(0.983082 -0.471133 0)
(0.971631 -0.508787 0)
(0.967393 -0.549744 0)
(0.96106 -0.584473 0)
(0.953118 -0.625751 0)
(0.931563 -0.662843 0)
(0.899094 -0.692686 0)
(0.854294 -0.709457 0)
(0.798541 -0.709292 0)
(0.734911 -0.690672 0)
(0.667077 -0.654556 0)
(0.598674 -0.603748 0)
(0.532734 -0.542038 0)
(0.471826 -0.47361 0)
(0.4174 -0.402504 0)
(0.370368 -0.332236 0)
(0.33096 -0.265667 0)
(0.298974 -0.204887 0)
(0.273867 -0.15123 0)
(0.254891 -0.105402 0)
(0.241174 -0.0675969 0)
(0.231857 -0.0375643 0)
(0.226052 -0.014749 0)
(0.222978 0.0015879 0)
(0.221917 0.0123031 0)
(0.222234 0.018294 0)
(0.223449 0.0204453 0)
(0.225112 0.0195941 0)
(0.226914 0.0164941 0)
(0.228602 0.0118163 0)
(0.229992 0.00613008 0)
(0.230976 -8.86379e-05 0)
(0.231478 -0.00645683 0)
(0.231464 -0.0126751 0)
(0.230943 -0.0185154 0)
(0.229922 -0.0238209 0)
(0.228461 -0.028485 0)
(0.226568 -0.0324478 0)
(0.224332 -0.0356872 0)
(0.221795 -0.0382089 0)
(0.219 -0.0400408 0)
(0.216041 -0.0412266 0)
(0.212936 -0.0418201 0)
(0.209781 -0.0418817 0)
(0.206587 -0.0414755 0)
(0.20342 -0.0406658 0)
(0.200295 -0.039517 0)
(0.19724 -0.0380898 0)
(0.194281 -0.0364429 0)
(0.191416 -0.0346298 0)
(0.188684 -0.032699 0)
(0.186095 -0.0306928 0)
(0.18365 -0.0286483 0)
(0.181364 -0.0265965 0)
(0.179247 -0.0245637 0)
(0.177292 -0.0225718 0)
(0.175515 -0.0206383 0)
(0.17388 -0.0187778 0)
(0.172393 -0.0170013 0)
(0.171037 -0.0153178 0)
(0.169813 -0.0137335 0)
(0.168699 -0.0122518 0)
(0.167707 -0.0108744 0)
(0.166833 -0.00960008 0)
(0.166062 -0.00842715 0)
(0.165391 -0.00735237 0)
(0.164814 -0.00637249 0)
(0.164313 -0.00548354 0)
(0.163882 -0.004682 0)
(0.163515 -0.00396389 0)
(0.163212 -0.00332512 0)
(0.162947 -0.00276075 0)
(0.162735 -0.00226534 0)
(0.162566 -0.00183341 0)
(0.16244 -0.00145944 0)
(0.162359 -0.00113861 0)
(0.162304 -0.000866571 0)
(0.162286 -0.00064023 0)
(0.16227 -0.000457587 0)
(0.162251 -0.000317989 0)
(0.162242 -0.000221755 0)
(0.162243 -0.000169264 0)
(0.162235 -0.000161027 0)
(0.162253 -0.000196707 0)
(0.162281 -0.000275703 0)
(0.162345 -0.000396028 0)
(0.162445 -0.000555634 0)
(0.162606 -0.000751512 0)
(0.16281 -0.000981017 0)
(0.163016 -0.00124059 0)
(0.163237 -0.00152722 0)
(0.16344 -0.00183735 0)
(0.163866 -0.00216519 0)
(0.162544 -0.00250884 0)
(0.161052 -0.0027761 0)
(0.164209 -0.00288531 0)
(0.167173 -0.00276298 0)
(0.169093 -0.00195073 0)
(0.174682 -0.000846719 0)
(0.142594 0.000615284 0)
(1.04525 -0.460591 0)
(1.0255 -0.501702 0)
(1.0099 -0.542747 0)
(0.991326 -0.577458 0)
(0.969726 -0.614733 0)
(0.936336 -0.646964 0)
(0.892917 -0.671056 0)
(0.839038 -0.682382 0)
(0.776255 -0.677918 0)
(0.707428 -0.656665 0)
(0.63595 -0.619685 0)
(0.565232 -0.569643 0)
(0.497884 -0.510002 0)
(0.436127 -0.444585 0)
(0.381371 -0.377054 0)
(0.334339 -0.310632 0)
(0.295176 -0.247876 0)
(0.263589 -0.190709 0)
(0.239009 -0.140322 0)
(0.220608 -0.0973693 0)
(0.207548 -0.0619914 0)
(0.19888 -0.0339352 0)
(0.19374 -0.0126914 0)
(0.191308 0.00246263 0)
(0.190855 0.0123319 0)
(0.191776 0.017763 0)
(0.193517 0.0195906 0)
(0.195654 0.0186028 0)
(0.197878 0.0155143 0)
(0.199916 0.0109523 0)
(0.201609 0.00545814 0)
(0.202815 -0.000520982 0)
(0.203491 -0.00662396 0)
(0.203604 -0.0125691 0)
(0.203142 -0.0181436 0)
(0.202147 -0.0231983 0)
(0.200651 -0.0276336 0)
(0.198705 -0.0313956 0)
(0.196378 -0.0344634 0)
(0.193706 -0.0368442 0)
(0.190785 -0.0385656 0)
(0.187653 -0.0396694 0)
(0.184385 -0.0402079 0)
(0.18104 -0.0402391 0)
(0.177674 -0.0398245 0)
(0.174305 -0.0390259 0)
(0.170996 -0.0379048 0)
(0.167754 -0.0365196 0)
(0.164615 -0.0349265 0)
(0.161588 -0.0331766 0)
(0.158679 -0.0313158 0)
(0.155924 -0.0293853 0)
(0.153338 -0.0274195 0)
(0.150917 -0.0254483 0)
(0.148658 -0.0234965 0)
(0.146592 -0.021585 0)
(0.144694 -0.0197303 0)
(0.142968 -0.0179464 0)
(0.141377 -0.0162438 0)
(0.139945 -0.0146309 0)
(0.138646 -0.0131135 0)
(0.13747 -0.0116949 0)
(0.136416 -0.0103763 0)
(0.13548 -0.00915661 0)
(0.134673 -0.00803414 0)
(0.133952 -0.00700574 0)
(0.133339 -0.00606833 0)
(0.132813 -0.00521809 0)
(0.132369 -0.00445172 0)
(0.131975 -0.00376543 0)
(0.131644 -0.00315528 0)
(0.131363 -0.00261642 0)
(0.131134 -0.00214365 0)
(0.130962 -0.00173162 0)
(0.130833 -0.00137512 0)
(0.130746 -0.00106963 0)
(0.130686 -0.00081116 0)
(0.130647 -0.000596848 0)
(0.130636 -0.00042503 0)
(0.13062 -0.000295279 0)
(0.13061 -0.000208136 0)
(0.130595 -0.000164071 0)
(0.130581 -0.000163673 0)
(0.130575 -0.000206675 0)
(0.13059 -0.000292499 0)
(0.130637 -0.000419085 0)
(0.130714 -0.000584254 0)
(0.130846 -0.000784795 0)
(0.131012 -0.00101756 0)
(0.131168 -0.00127811 0)
(0.131326 -0.00156205 0)
(0.13145 -0.00186449 0)
(0.131771 -0.00217733 0)
(0.130331 -0.00249864 0)
(0.128697 -0.00272511 0)
(0.131642 -0.00277673 0)
(0.134386 -0.00256424 0)
(0.136013 -0.00161382 0)
(0.141338 -0.000328779 0)
(0.108802 0.00120775 0)
(1.084 -0.446536 0)
(1.0559 -0.489657 0)
(1.02953 -0.530154 0)
(0.999794 -0.564136 0)
(0.96602 -0.597737 0)
(0.922078 -0.625552 0)
(0.869307 -0.644758 0)
(0.80791 -0.651615 0)
(0.739553 -0.643806 0)
(0.666737 -0.62074 0)
(0.592651 -0.58357 0)
(0.520447 -0.534788 0)
(0.452441 -0.477592 0)
(0.39061 -0.415445 0)
(0.336147 -0.351671 0)
(0.289657 -0.289201 0)
(0.251181 -0.230353 0)
(0.220387 -0.176843 0)
(0.196632 -0.129767 0)
(0.179088 -0.0897073 0)
(0.166859 -0.0567586 0)
(0.159015 -0.0306888 0)
(0.154674 -0.0109906 0)
(0.152982 0.00299926 0)
(0.15323 0.0120441 0)
(0.154777 0.0169415 0)
(0.157087 0.0184735 0)
(0.159747 0.01738 0)
(0.162418 0.0143322 0)
(0.164832 0.00992153 0)
(0.166834 0.00464987 0)
(0.168295 -0.00106011 0)
(0.16916 -0.00687006 0)
(0.169401 -0.0125155 0)
(0.169031 -0.017798 0)
(0.168064 -0.0225795 0)
(0.166576 -0.0267675 0)
(0.164598 -0.0303114 0)
(0.162192 -0.0331936 0)
(0.159434 -0.0354217 0)
(0.156406 -0.0370227 0)
(0.153148 -0.0380372 0)
(0.149739 -0.0385153 0)
(0.146241 -0.0385125 0)
(0.142718 -0.0380874 0)
(0.139195 -0.0372993 0)
(0.135729 -0.0362064 0)
(0.132336 -0.0348651 0)
(0.129034 -0.0333283 0)
(0.125857 -0.0316445 0)
(0.122822 -0.0298579 0)
(0.119921 -0.0280068 0)
(0.117209 -0.0261242 0)
(0.114667 -0.0242379 0)
(0.112305 -0.0223717 0)
(0.110138 -0.0205451 0)
(0.108141 -0.018774 0)
(0.106331 -0.0170712 0)
(0.10467 -0.0154467 0)
(0.103167 -0.0139085 0)
(0.101796 -0.0124618 0)
(0.100562 -0.0111098 0)
(0.0994623 -0.00985333 0)
(0.0984934 -0.00869134 0)
(0.09764 -0.0076221 0)
(0.0968979 -0.00664266 0)
(0.0962485 -0.00575003 0)
(0.095699 -0.00494064 0)
(0.0952297 -0.00421136 0)
(0.0948226 -0.00355859 0)
(0.0944764 -0.00297852 0)
(0.0941799 -0.00246649 0)
(0.0939492 -0.00201745 0)
(0.0937601 -0.00162624 0)
(0.0936272 -0.00128797 0)
(0.0935367 -0.000998415 0)
(0.0934712 -0.000753973 0)
(0.0934391 -0.000552009 0)
(0.0934192 -0.000391119 0)
(0.0934055 -0.00027109 0)
(0.0933819 -0.000192629 0)
(0.0933637 -0.000156223 0)
(0.0933432 -0.000162501 0)
(0.0933284 -0.000211233 0)
(0.0933309 -0.000301812 0)
(0.0933471 -0.000432045 0)
(0.0934023 -0.000599559 0)
(0.093505 -0.000800889 0)
(0.0936338 -0.00103225 0)
(0.0937569 -0.00128814 0)
(0.0938405 -0.00156243 0)
(0.0938871 -0.00184859 0)
(0.0941084 -0.00213565 0)
(0.0925694 -0.00242147 0)
(0.0908006 -0.00259045 0)
(0.0935254 -0.00256524 0)
(0.0960554 -0.00223777 0)
(0.0974139 -0.00113234 0)
(0.102439 0.000357997 0)
(0.0695047 0.00192229 0)
(1.09691 -0.429034 0)
(1.061 -0.472969 0)
(1.02517 -0.51247 0)
(0.985521 -0.545295 0)
(0.941485 -0.575532 0)
(0.888602 -0.599488 0)
(0.828366 -0.614593 0)
(0.761004 -0.617893 0)
(0.688387 -0.607605 0)
(0.612818 -0.583484 0)
(0.537358 -0.546697 0)
(0.464585 -0.499629 0)
(0.396648 -0.445169 0)
(0.335437 -0.386507 0)
(0.281848 -0.32665 0)
(0.236402 -0.268203 0)
(0.199052 -0.2133 0)
(0.169403 -0.163473 0)
(0.146778 -0.119713 0)
(0.130321 -0.0825258 0)
(0.11913 -0.0519946 0)
(0.112258 -0.0278742 0)
(0.108809 -0.00970038 0)
(0.107954 0.00315599 0)
(0.108962 0.0114101 0)
(0.111186 0.0158067 0)
(0.114124 0.0170771 0)
(0.117313 0.0159133 0)
(0.120438 0.0129411 0)
(0.123257 0.00871224 0)
(0.125576 0.0036965 0)
(0.127299 -0.00171251 0)
(0.128379 -0.00720113 0)
(0.128761 -0.012521 0)
(0.128498 -0.0174902 0)
(0.127596 -0.0219769 0)
(0.126124 -0.0258985 0)
(0.124136 -0.0292086 0)
(0.121695 -0.0318915 0)
(0.118875 -0.0339556 0)
(0.115748 -0.0354274 0)
(0.112399 -0.0363456 0)
(0.108884 -0.0367581 0)
(0.105273 -0.0367178 0)
(0.101623 -0.0362804 0)
(0.0979806 -0.0355019 0)
(0.0943851 -0.0344381 0)
(0.090863 -0.0331417 0)
(0.0874425 -0.0316632 0)
(0.0841401 -0.0300485 0)
(0.0809866 -0.028339 0)
(0.0779859 -0.0265707 0)
(0.0751641 -0.0247747 0)
(0.0725143 -0.0229772 0)
(0.0700741 -0.0212002 0)
(0.0678164 -0.0194623 0)
(0.0657558 -0.0177783 0)
(0.0638674 -0.0161603 0)
(0.0621551 -0.0146176 0)
(0.0605859 -0.0131574 0)
(0.0591743 -0.0117848 0)
(0.0578987 -0.0105024 0)
(0.0567694 -0.00931085 0)
(0.0557561 -0.00820913 0)
(0.0548707 -0.00719559 0)
(0.0541089 -0.00626732 0)
(0.0534382 -0.00542152 0)
(0.0528794 -0.00465486 0)
(0.0523851 -0.00396439 0)
(0.0519652 -0.00334661 0)
(0.0516047 -0.00279792 0)
(0.0513067 -0.00231379 0)
(0.0510738 -0.00188937 0)
(0.0508819 -0.00151966 0)
(0.0507453 -0.00120014 0)
(0.0506502 -0.00092692 0)
(0.0505792 -0.000696755 0)
(0.0505539 -0.000507205 0)
(0.0505251 -0.000357141 0)
(0.0505 -0.000246515 0)
(0.0504902 -0.000176159 0)
(0.0504555 -0.000146509 0)
(0.0504295 -0.000158201 0)
(0.0504061 -0.000211026 0)
(0.050383 -0.000304315 0)
(0.0503972 -0.000435692 0)
(0.0504318 -0.000602554 0)
(0.0505075 -0.000801137 0)
(0.0506013 -0.00102687 0)
(0.0506662 -0.00127297 0)
(0.0507072 -0.00153121 0)
(0.0506831 -0.00179319 0)
(0.0508116 -0.00204439 0)
(0.0491575 -0.00228236 0)
(0.0472811 -0.00237777 0)
(0.0498153 -0.00225703 0)
(0.0521491 -0.00179021 0)
(0.0532562 -0.00051367 0)
(0.058004 0.00120746 0)
(0.0247199 0.00274338 0)
(1.083 -0.40843 0)
(1.04056 -0.45226 0)
(0.996821 -0.490438 0)
(0.948924 -0.521802 0)
(0.896578 -0.549078 0)
(0.83675 -0.569686 0)
(0.770638 -0.581438 0)
(0.699092 -0.581981 0)
(0.623635 -0.569977 0)
(0.546541 -0.545444 0)
(0.470548 -0.509568 0)
(0.398181 -0.464568 0)
(0.331209 -0.41313 0)
(0.27121 -0.358111 0)
(0.219068 -0.302223 0)
(0.175144 -0.247863 0)
(0.139305 -0.196905 0)
(0.111122 -0.150744 0)
(0.0898867 -0.110274 0)
(0.0747383 -0.0759274 0)
(0.0647421 -0.0477619 0)
(0.0589783 -0.0255586 0)
(0.0565298 -0.00886837 0)
(0.0565795 0.00289798 0)
(0.0583929 0.0104021 0)
(0.0613409 0.0143378 0)
(0.0648869 0.0153882 0)
(0.0686421 0.0141927 0)
(0.0722431 0.0113321 0)
(0.0754553 0.00731991 0)
(0.0781112 0.00259252 0)
(0.0801119 -0.00248707 0)
(0.0814007 -0.00762583 0)
(0.0819525 -0.0125958 0)
(0.081802 -0.0172273 0)
(0.0809914 -0.0214001 0)
(0.0795599 -0.0250383 0)
(0.077576 -0.0280994 0)
(0.0751168 -0.0305706 0)
(0.0722744 -0.0324603 0)
(0.0690835 -0.0337944 0)
(0.065664 -0.0346097 0)
(0.0620648 -0.0349517 0)
(0.0583789 -0.0348703 0)
(0.0546298 -0.0344184 0)
(0.0508887 -0.0336488 0)
(0.0472047 -0.0326137 0)
(0.0435878 -0.0313634 0)
(0.0400638 -0.0299448 0)
(0.0366753 -0.0284011 0)
(0.0334241 -0.0267711 0)
(0.0303549 -0.0250886 0)
(0.0274516 -0.0233823 0)
(0.0247343 -0.0216765 0)
(0.0222123 -0.0199918 0)
(0.0198992 -0.0183457 0)
(0.017782 -0.016752 0)
(0.0158489 -0.0152219 0)
(0.0140899 -0.0137638 0)
(0.0124854 -0.0123844 0)
(0.0110364 -0.0110884 0)
(0.0097213 -0.00987798 0)
(0.00856458 -0.00875363 0)
(0.00753576 -0.00771423 0)
(0.00663301 -0.00675824 0)
(0.00583828 -0.00588286 0)
(0.00516036 -0.00508545 0)
(0.00457859 -0.00436292 0)
(0.00408688 -0.00371249 0)
(0.00365396 -0.00313084 0)
(0.0032929 -0.00261444 0)
(0.00299325 -0.00215903 0)
(0.00274411 -0.00175989 0)
(0.002563 -0.00141225 0)
(0.00242259 -0.00111191 0)
(0.00232283 -0.000855349 0)
(0.00225981 -0.000639695 0)
(0.00222739 -0.000462638 0)
(0.00220336 -0.000323306 0)
(0.0021808 -0.000221791 0)
(0.00215733 -0.000158978 0)
(0.00212028 -0.000135187 0)
(0.00208939 -0.000151023 0)
(0.00205831 -0.000206308 0)
(0.00203832 -0.000300276 0)
(0.00202438 -0.00043033 0)
(0.00203991 -0.000593602 0)
(0.00209067 -0.000786055 0)
(0.00215262 -0.00100228 0)
(0.00219117 -0.00123403 0)
(0.00216788 -0.00147075 0)
(0.00208144 -0.0017018 0)
(0.00212808 -0.00190867 0)
(0.000402914 -0.00208833 0)
(-0.0015878 -0.0020963 0)
(0.000782254 -0.00186391 0)
(0.00296482 -0.00123641 0)
(0.00386119 0.000224327 0)
(0.00837105 0.0021999 0)
(-0.0251676 0.0036426 0)
(1.04347 -0.38528 0)
(0.995786 -0.428272 0)
(0.94592 -0.464898 0)
(0.891696 -0.494664 0)
(0.833229 -0.51932 0)
(0.768217 -0.537084 0)
(0.698045 -0.546146 0)
(0.623751 -0.544647 0)
(0.546811 -0.531595 0)
(0.469387 -0.507189 0)
(0.393978 -0.472656 0)
(0.322743 -0.43004 0)
(0.257371 -0.381794 0)
(0.199217 -0.330528 0)
(0.149017 -0.278671 0)
(0.107019 -0.22838 0)
(0.0730411 -0.181348 0)
(0.0466068 -0.13881 0)
(0.0269892 -0.101556 0)
(0.0133122 -0.0699838 0)
(0.00465353 -0.0441417 0)
(8.22142e-05 -0.0237933 0)
(-0.001297 -0.00852825 0)
(-0.000286524 0.0021985 0)
(0.00236158 0.0090039 0)
(0.00603849 0.0125276 0)
(0.0102399 0.0133996 0)
(0.0145388 0.0122122 0)
(0.0186173 0.00950217 0)
(0.0222314 0.00574113 0)
(0.0252334 0.00133402 0)
(0.0275042 -0.00338638 0)
(0.0290103 -0.00814879 0)
(0.0297375 -0.0127453 0)
(0.0297194 -0.0170182 0)
(0.0289853 -0.0208584 0)
(0.0276182 -0.024197 0)
(0.0256625 -0.0269957 0)
(0.0232146 -0.0292436 0)
(0.020359 -0.0309494 0)
(0.0171521 -0.0321382 0)
(0.0136809 -0.0328447 0)
(0.0100452 -0.0331117 0)
(0.00629252 -0.0329862 0)
(0.00248478 -0.0325179 0)
(-0.00132314 -0.031756 0)
(-0.00508466 -0.0307498 0)
(-0.00876392 -0.0295459 0)
(-0.0123364 -0.0281884 0)
(-0.015802 -0.0267173 0)
(-0.0191042 -0.0251687 0)
(-0.0222537 -0.0235739 0)
(-0.0252116 -0.0219593 0)
(-0.0279718 -0.0203475 0)
(-0.0305257 -0.0187574 0)
(-0.0328871 -0.0172054 0)
(-0.0350417 -0.0157045 0)
(-0.0370152 -0.0142642 0)
(-0.0388037 -0.012893 0)
(-0.0404271 -0.0115965 0)
(-0.0419116 -0.0103792 0)
(-0.043237 -0.0092426 0)
(-0.0444064 -0.00818712 0)
(-0.045464 -0.00721165 0)
(-0.0463699 -0.00631469 0)
(-0.0471699 -0.00549353 0)
(-0.0478552 -0.00474578 0)
(-0.0484326 -0.00406852 0)
(-0.0489359 -0.00345915 0)
(-0.0493684 -0.00291444 0)
(-0.0497444 -0.00243108 0)
(-0.0500461 -0.00200494 0)
(-0.0502843 -0.00163154 0)
(-0.0504828 -0.0013062 0)
(-0.0506137 -0.00102522 0)
(-0.0507049 -0.000785441 0)
(-0.0507604 -0.000584294 0)
(-0.0508005 -0.000419606 0)
(-0.0508201 -0.000290743 0)
(-0.0508402 -0.000197899 0)
(-0.0508634 -0.000141945 0)
(-0.0509024 -0.000123038 0)
(-0.0509375 -0.000141766 0)
(-0.0509892 -0.000197966 0)
(-0.0510185 -0.000290731 0)
(-0.0510312 -0.000417252 0)
(-0.0510324 -0.00057445 0)
(-0.0510174 -0.000757997 0)
(-0.0509696 -0.000961529 0)
(-0.0509796 -0.00117528 0)
(-0.051032 -0.00138613 0)
(-0.0511701 -0.00158109 0)
(-0.0511913 -0.00173705 0)
(-0.0529939 -0.0018504 0)
(-0.0550436 -0.00176033 0)
(-0.0528 -0.00140437 0)
(-0.0507364 -0.000600619 0)
(-0.0499557 0.00105165 0)
(-0.0456484 0.00329916 0)
(-0.0792624 0.00457672 0)
(0.980809 -0.360251 0)
(0.929497 -0.401855 0)
(0.875372 -0.43678 0)
(0.816779 -0.464869 0)
(0.753999 -0.48721 0)
(0.685558 -0.502616 0)
(0.613068 -0.50956 0)
(0.537507 -0.506594 0)
(0.460363 -0.493046 0)
(0.383747 -0.469233 0)
(0.309734 -0.436379 0)
(0.240404 -0.396379 0)
(0.177285 -0.351476 0)
(0.121501 -0.304011 0)
(0.0736648 -0.256198 0)
(0.0339536 -0.209926 0)
(0.00211531 -0.166757 0)
(-0.0223356 -0.127765 0)
(-0.040173 -0.0936683 0)
(-0.0522346 -0.0647933 0)
(-0.0594562 -0.0411816 0)
(-0.0627785 -0.0226147 0)
(-0.0630457 -0.00870742 0)
(-0.0610721 0.00104553 0)
(-0.0575715 0.00720754 0)
(-0.0531602 0.0103713 0)
(-0.0483252 0.0111131 0)
(-0.0434917 0.0099772 0)
(-0.0389491 0.00745633 0)
(-0.0349547 0.00398144 0)
(-0.031641 -7.58983e-05 0)
(-0.0290975 -0.00440819 0)
(-0.0273827 -0.0087707 0)
(-0.0264793 -0.0129708 0)
(-0.0263768 -0.016866 0)
(-0.0269986 -0.0203578 0)
(-0.0282961 -0.0233827 0)
(-0.0302032 -0.0259069 0)
(-0.0326287 -0.0279212 0)
(-0.0354786 -0.0294351 0)
(-0.038686 -0.0304719 0)
(-0.0421668 -0.0310641 0)
(-0.0458376 -0.0312521 0)
(-0.0496251 -0.0310796 0)
(-0.0534551 -0.0305928 0)
(-0.0572879 -0.0298377 0)
(-0.0610919 -0.02886 0)
(-0.0648044 -0.0277027 0)
(-0.0684289 -0.0264069 0)
(-0.0719241 -0.0250094 0)
(-0.0752608 -0.0235435 0)
(-0.0784357 -0.0220378 0)
(-0.0814373 -0.0205166 0)
(-0.084218 -0.0190003 0)
(-0.0868107 -0.0175067 0)
(-0.0891877 -0.0160504 0)
(-0.0913619 -0.0146438 0)
(-0.0933451 -0.0132952 0)
(-0.0951612 -0.0120123 0)
(-0.0968021 -0.0108002 0)
(-0.0982798 -0.00966292 0)
(-0.0996152 -0.00860134 0)
(-0.100797 -0.00761585 0)
(-0.101856 -0.00670529 0)
(-0.102766 -0.00586828 0)
(-0.103572 -0.00510218 0)
(-0.104252 -0.00440483 0)
(-0.10484 -0.00377351 0)
(-0.105342 -0.00320579 0)
(-0.105775 -0.00269852 0)
(-0.106139 -0.00224861 0)
(-0.106444 -0.00185209 0)
(-0.106686 -0.00150462 0)
(-0.106861 -0.00120179 0)
(-0.106997 -0.000940324 0)
(-0.107095 -0.000717386 0)
(-0.107143 -0.00053073 0)
(-0.107178 -0.000378294 0)
(-0.107193 -0.000259679 0)
(-0.107211 -0.000175106 0)
(-0.107234 -0.000125331 0)
(-0.107274 -0.000110356 0)
(-0.107327 -0.000130767 0)
(-0.10737 -0.000186392 0)
(-0.107408 -0.000276126 0)
(-0.107445 -0.000397021 0)
(-0.107447 -0.000545862 0)
(-0.10745 -0.000718078 0)
(-0.107426 -0.000906383 0)
(-0.107465 -0.00109948 0)
(-0.107551 -0.00128164 0)
(-0.107728 -0.00143739 0)
(-0.1078 -0.00153876 0)
(-0.109627 -0.00158159 0)
(-0.111729 -0.00138814 0)
(-0.10955 -0.000903379 0)
(-0.107558 8.26341e-05 0)
(-0.106783 0.00192428 0)
(-0.102603 0.00444928 0)
(-0.136067 0.00548602 0)
(0.899284 -0.334089 0)
(0.846176 -0.373915 0)
(0.789543 -0.406998 0)
(0.728351 -0.433382 0)
(0.663056 -0.453683 0)
(0.593034 -0.467095 0)
(0.519732 -0.472408 0)
(0.444143 -0.468506 0)
(0.367976 -0.454895 0)
(0.292956 -0.43205 0)
(0.221259 -0.401144 0)
(0.154503 -0.363912 0)
(0.0941344 -0.322429 0)
(0.0411281 -0.278786 0)
(-0.0040084 -0.234963 0)
(-0.0411801 -0.192662 0)
(-0.0706517 -0.153248 0)
(-0.0929806 -0.117705 0)
(-0.108909 -0.0866513 0)
(-0.119292 -0.0603793 0)
(-0.12504 -0.0389079 0)
(-0.127075 -0.0220359 0)
(-0.12623 -0.00940772 0)
(-0.123305 -0.000561641 0)
(-0.119002 0.00502174 0)
(-0.11389 0.00788026 0)
(-0.108455 0.00854082 0)
(-0.10312 0.00750033 0)
(-0.0981657 0.00520396 0)
(-0.0938229 0.00205048 0)
(-0.0902145 -0.00162607 0)
(-0.0874336 -0.00554637 0)
(-0.0855149 -0.00948698 0)
(-0.0844585 -0.0132709 0)
(-0.0842295 -0.0167727 0)
(-0.0847539 -0.0199013 0)
(-0.0859855 -0.0226003 0)
(-0.0878324 -0.02484 0)
(-0.090219 -0.0266127 0)
(-0.0930522 -0.0279277 0)
(-0.096252 -0.028807 0)
(-0.0997211 -0.0292808 0)
(-0.10339 -0.0293864 0)
(-0.107173 -0.0291646 0)
(-0.111008 -0.028658 0)
(-0.114857 -0.0279087 0)
(-0.118673 -0.026959 0)
(-0.122408 -0.0258485 0)
(-0.126037 -0.0246148 0)
(-0.129546 -0.0232915 0)
(-0.132904 -0.021909 0)
(-0.13608 -0.0204932 0)
(-0.139076 -0.019066 0)
(-0.141872 -0.0176461 0)
(-0.144472 -0.0162497 0)
(-0.146848 -0.0148902 0)
(-0.149026 -0.0135787 0)
(-0.151018 -0.0123226 0)
(-0.152834 -0.011129 0)
(-0.154465 -0.0100022 0)
(-0.155951 -0.00894562 0)
(-0.157283 -0.00795975 0)
(-0.158466 -0.00704492 0)
(-0.159514 -0.00619986 0)
(-0.160429 -0.00542333 0)
(-0.161215 -0.00471279 0)
(-0.161891 -0.00406631 0)
(-0.162477 -0.00348133 0)
(-0.16298 -0.00295554 0)
(-0.163402 -0.00248596 0)
(-0.163769 -0.00206968 0)
(-0.164065 -0.00170281 0)
(-0.164298 -0.00138125 0)
(-0.164479 -0.00110085 0)
(-0.164608 -0.000858801 0)
(-0.164698 -0.000652568 0)
(-0.164741 -0.000480173 0)
(-0.164771 -0.00033971 0)
(-0.164783 -0.000230995 0)
(-0.164799 -0.000154165 0)
(-0.164822 -0.000109835 0)
(-0.164863 -9.78774e-05 0)
(-0.164905 -0.000118884 0)
(-0.164967 -0.000172596 0)
(-0.16501 -0.000257747 0)
(-0.165042 -0.000371368 0)
(-0.16507 -0.00051018 0)
(-0.165075 -0.000669385 0)
(-0.165083 -0.000840794 0)
(-0.165129 -0.00101179 0)
(-0.16524 -0.00116408 0)
(-0.165443 -0.0012797 0)
(-0.165547 -0.00132583 0)
(-0.167396 -0.00129828 0)
(-0.169483 -0.0010024 0)
(-0.167338 -0.000392088 0)
(-0.165315 0.000768349 0)
(-0.164407 0.00278304 0)
(-0.160246 0.00557143 0)
(-0.193266 0.00629366 0)
(0.805289 -0.307562 0)
(0.751683 -0.345293 0)
(0.694377 -0.376436 0)
(0.632252 -0.401076 0)
(0.566326 -0.419573 0)
(0.496077 -0.431319 0)
(0.42322 -0.435388 0)
(0.348998 -0.430928 0)
(0.274601 -0.417633 0)
(0.202068 -0.396025 0)
(0.133164 -0.367254 0)
(0.0694626 -0.332916 0)
(0.0122307 -0.294866 0)
(-0.0376788 -0.255013 0)
(-0.0798861 -0.215108 0)
(-0.114342 -0.176661 0)
(-0.141337 -0.140902 0)
(-0.161469 -0.108681 0)
(-0.175468 -0.0805488 0)
(-0.184158 -0.0567615 0)
(-0.188463 -0.0373239 0)
(-0.189249 -0.0220519 0)
(-0.187354 -0.0106173 0)
(-0.183545 -0.00259988 0)
(-0.17849 0.00247016 0)
(-0.172751 0.00508079 0)
(-0.1668 0.00570832 0)
(-0.161036 0.00480368 0)
(-0.155729 0.00277226 0)
(-0.151077 -3.11448e-05 0)
(-0.147238 -0.00330128 0)
(-0.14426 -0.00678675 0)
(-0.142187 -0.0102839 0)
(-0.141004 -0.0136376 0)
(-0.140672 -0.0167318 0)
(-0.141115 -0.0194861 0)
(-0.142284 -0.0218502 0)
(-0.144086 -0.0237976 0)
(-0.146429 -0.0253226 0)
(-0.149218 -0.0264337 0)
(-0.152385 -0.0271514 0)
(-0.155844 -0.0275038 0)
(-0.159485 -0.0275249 0)
(-0.163259 -0.0272521 0)
(-0.16709 -0.0267243 0)
(-0.170925 -0.0259802 0)
(-0.174716 -0.0250582 0)
(-0.178441 -0.0239945 0)
(-0.18206 -0.022823 0)
(-0.185557 -0.021574 0)
(-0.188915 -0.0202752 0)
(-0.192087 -0.0189496 0)
(-0.195074 -0.017617 0)
(-0.197854 -0.0162939 0)
(-0.200432 -0.0149951 0)
(-0.202807 -0.0137327 0)
(-0.204977 -0.0125166 0)
(-0.206952 -0.0113534 0)
(-0.208742 -0.0102493 0)
(-0.210379 -0.009208 0)
(-0.211847 -0.00823224 0)
(-0.213166 -0.0073222 0)
(-0.214337 -0.00647808 0)
(-0.215377 -0.00569857 0)
(-0.216273 -0.00498251 0)
(-0.217056 -0.00432752 0)
(-0.217718 -0.00373189 0)
(-0.218292 -0.00319321 0)
(-0.218783 -0.00270934 0)
(-0.21921 -0.00227737 0)
(-0.219556 -0.00189462 0)
(-0.219858 -0.00155727 0)
(-0.220084 -0.00126147 0)
(-0.220258 -0.00100338 0)
(-0.220381 -0.000780646 0)
(-0.220453 -0.00059094 0)
(-0.220492 -0.000432603 0)
(-0.220518 -0.000303885 0)
(-0.220528 -0.000204746 0)
(-0.220543 -0.000135157 0)
(-0.220565 -9.55792e-05 0)
(-0.220607 -8.57989e-05 0)
(-0.220651 -0.000106375 0)
(-0.220703 -0.000156925 0)
(-0.220752 -0.000236064 0)
(-0.220804 -0.000340952 0)
(-0.220827 -0.000468362 0)
(-0.220844 -0.000613346 0)
(-0.220866 -0.000767047 0)
(-0.220927 -0.000915747 0)
(-0.221052 -0.00103879 0)
(-0.221266 -0.00111597 0)
(-0.221381 -0.00111016 0)
(-0.223194 -0.00101788 0)
(-0.225251 -0.000628583 0)
(-0.22305 9.29189e-05 0)
(-0.220935 0.00140114 0)
(-0.219715 0.00355289 0)
(-0.215443 0.00656085 0)
(-0.24765 0.00690597 0)
(0.706614 -0.28149 0)
(0.65432 -0.316835 0)
(0.597781 -0.34591 0)
(0.536358 -0.368763 0)
(0.471044 -0.385573 0)
(0.401814 -0.395919 0)
(0.330392 -0.399055 0)
(0.258243 -0.394332 0)
(0.186549 -0.381628 0)
(0.117054 -0.361474 0)
(0.0514239 -0.334954 0)
(-0.00887154 -0.303554 0)
(-0.0627253 -0.268927 0)
(-0.109411 -0.232799 0)
(-0.148577 -0.196695 0)
(-0.180269 -0.161987 0)
(-0.204806 -0.129732 0)
(-0.222768 -0.100692 0)
(-0.234881 -0.0753471 0)
(-0.241971 -0.0539166 0)
(-0.244928 -0.0363979 0)
(-0.244587 -0.0226222 0)
(-0.241753 -0.0122904 0)
(-0.237164 -0.00502479 0)
(-0.231477 -0.000402414 0)
(-0.225239 0.00201728 0)
(-0.21888 0.00266065 0)
(-0.212793 0.00193295 0)
(-0.207226 0.000195618 0)
(-0.202375 -0.0022298 0)
(-0.198372 -0.00507011 0)
(-0.195264 -0.00810254 0)
(-0.193099 -0.0111428 0)
(-0.191838 -0.0140539 0)
(-0.191434 -0.0167312 0)
(-0.191831 -0.0191037 0)
(-0.192961 -0.021127 0)
(-0.194709 -0.0227778 0)
(-0.19702 -0.0240514 0)
(-0.199794 -0.0249561 0)
(-0.20293 -0.0255106 0)
(-0.206354 -0.0257401 0)
(-0.209977 -0.0256758 0)
(-0.213708 -0.0253514 0)
(-0.217509 -0.0248023 0)
(-0.221323 -0.0240633 0)
(-0.225087 -0.0231691 0)
(-0.228791 -0.0221521 0)
(-0.232378 -0.0210427 0)
(-0.235845 -0.0198682 0)
(-0.239159 -0.0186531 0)
(-0.242312 -0.0174176 0)
(-0.245276 -0.0161792 0)
(-0.248029 -0.0149526 0)
(-0.250574 -0.0137513 0)
(-0.252925 -0.0125857 0)
(-0.255062 -0.0114648 0)
(-0.257024 -0.0103942 0)
(-0.258793 -0.00937932 0)
(-0.2604 -0.00842316 0)
(-0.261842 -0.00752788 0)
(-0.263151 -0.00669335 0)
(-0.264302 -0.00591961 0)
(-0.265324 -0.00520531 0)
(-0.266205 -0.0045494 0)
(-0.266961 -0.00394968 0)
(-0.267626 -0.00340462 0)
(-0.268191 -0.00291194 0)
(-0.268662 -0.00246965 0)
(-0.269068 -0.00207501 0)
(-0.269423 -0.00172544 0)
(-0.269693 -0.0014172 0)
(-0.269914 -0.00114677 0)
(-0.270085 -0.000910644 0)
(-0.270205 -0.000706896 0)
(-0.270274 -0.000533381 0)
(-0.27031 -0.000388743 0)
(-0.27032 -0.000271403 0)
(-0.270329 -0.000181426 0)
(-0.270344 -0.000118541 0)
(-0.270366 -8.30746e-05 0)
(-0.270396 -7.47368e-05 0)
(-0.270442 -9.40348e-05 0)
(-0.270497 -0.000140432 0)
(-0.270549 -0.00021253 0)
(-0.270592 -0.00030776 0)
(-0.270635 -0.000423023 0)
(-0.270661 -0.000553338 0)
(-0.270693 -0.000689389 0)
(-0.270761 -0.000816799 0)
(-0.270891 -0.000912902 0)
(-0.271102 -0.000955856 0)
(-0.271196 -0.000905101 0)
(-0.27297 -0.00075918 0)
(-0.274925 -0.000294021 0)
(-0.27263 0.000511727 0)
(-0.2703 0.00191731 0)
(-0.268611 0.00414426 0)
(-0.264022 0.0072867 0)
(-0.295038 0.00721619 0)
(0.61314 -0.256608 0)
(0.563564 -0.289285 0)
(0.50918 -0.31611 0)
(0.4496 -0.337089 0)
(0.386016 -0.352298 0)
(0.318641 -0.361415 0)
(0.249634 -0.363835 0)
(0.180245 -0.359092 0)
(0.11165 -0.347158 0)
(0.045515 -0.328589 0)
(-0.0165828 -0.304395 0)
(-0.0733469 -0.275932 0)
(-0.123772 -0.244676 0)
(-0.167208 -0.212151 0)
(-0.203416 -0.179743 0)
(-0.232433 -0.14861 0)
(-0.254624 -0.119704 0)
(-0.270565 -0.093691 0)
(-0.280964 -0.070987 0)
(-0.286652 -0.0517771 0)
(-0.288435 -0.0360582 0)
(-0.287151 -0.0236719 0)
(-0.283572 -0.0143523 0)
(-0.27841 -0.00776242 0)
(-0.272272 -0.00352056 0)
(-0.265705 -0.00124067 0)
(-0.259113 -0.000537178 0)
(-0.252841 -0.00105408 0)
(-0.247151 -0.00246807 0)
(-0.242228 -0.00449348 0)
(-0.238163 -0.00688927 0)
(-0.235041 -0.00945613 0)
(-0.23285 -0.0120311 0)
(-0.231577 -0.0144923 0)
(-0.231175 -0.0167486 0)
(-0.231575 -0.0187366 0)
(-0.232697 -0.0204175 0)
(-0.234446 -0.0217711 0)
(-0.236743 -0.0227935 0)
(-0.239493 -0.0234921 0)
(-0.242619 -0.0238838 0)
(-0.246009 -0.0239912 0)
(-0.249599 -0.0238423 0)
(-0.253306 -0.0234672 0)
(-0.257075 -0.0228974 0)
(-0.260845 -0.022164 0)
(-0.264563 -0.021298 0)
(-0.268229 -0.0203281 0)
(-0.271771 -0.0192812 0)
(-0.275196 -0.0181813 0)
(-0.278483 -0.0170497 0)
(-0.281581 -0.0159039 0)
(-0.284501 -0.0147594 0)
(-0.28722 -0.0136289 0)
(-0.289726 -0.0125245 0)
(-0.292031 -0.0114552 0)
(-0.294144 -0.0104286 0)
(-0.29606 -0.00944985 0)
(-0.297801 -0.00852348 0)
(-0.299372 -0.00765166 0)
(-0.300793 -0.00683603 0)
(-0.302072 -0.00607614 0)
(-0.303196 -0.00537197 0)
(-0.304193 -0.0047221 0)
(-0.305051 -0.00412557 0)
(-0.3058 -0.00358039 0)
(-0.306445 -0.00308523 0)
(-0.306979 -0.0026379 0)
(-0.307447 -0.00223661 0)
(-0.307851 -0.00187873 0)
(-0.308177 -0.00156181 0)
(-0.30846 -0.00128217 0)
(-0.308666 -0.00103668 0)
(-0.308822 -0.000822161 0)
(-0.308928 -0.000637094 0)
(-0.308996 -0.000479431 0)
(-0.309019 -0.000348195 0)
(-0.309029 -0.000241903 0)
(-0.309039 -0.000160713 0)
(-0.30904 -0.000104034 0)
(-0.309064 -7.21246e-05 0)
(-0.309096 -6.45893e-05 0)
(-0.309143 -8.18662e-05 0)
(-0.3092 -0.000123249 0)
(-0.309255 -0.000187454 0)
(-0.309302 -0.000272312 0)
(-0.309336 -0.000375014 0)
(-0.309368 -0.000490686 0)
(-0.309404 -0.000609952 0)
(-0.309475 -0.000718145 0)
(-0.309602 -0.000791328 0)
(-0.309796 -0.00080677 0)
(-0.309865 -0.000722115 0)
(-0.311558 -0.000539508 0)
(-0.313384 -2.53834e-05 0)
(-0.310924 0.000824056 0)
(-0.308298 0.00224885 0)
(-0.305923 0.00445734 0)
(-0.300838 0.00759537 0)
(-0.330216 0.00711121 0)
(0.536587 -0.233608 0)
(0.490764 -0.263284 0)
(0.439648 -0.287596 0)
(0.382631 -0.306539 0)
(0.321462 -0.320162 0)
(0.25676 -0.328143 0)
(0.190482 -0.33001 0)
(0.124143 -0.325417 0)
(0.0588636 -0.314385 0)
(-0.0037942 -0.297471 0)
(-0.0623851 -0.275625 0)
(-0.115688 -0.250039 0)
(-0.162811 -0.222073 0)
(-0.2032 -0.193041 0)
(-0.236645 -0.164152 0)
(-0.263257 -0.136439 0)
(-0.283368 -0.110717 0)
(-0.297581 -0.0875689 0)
(-0.306567 -0.0673523 0)
(-0.311104 -0.0502283 0)
(-0.312016 -0.0361848 0)
(-0.31008 -0.0250842 0)
(-0.306036 -0.0166894 0)
(-0.300559 -0.0106987 0)
(-0.294238 -0.00678118 0)
(-0.287563 -0.0045917 0)
(-0.280947 -0.00379375 0)
(-0.274703 -0.004073 0)
(-0.269082 -0.00514331 0)
(-0.264232 -0.00675602 0)
(-0.260284 -0.008699 0)
(-0.257251 -0.0107942 0)
(-0.255168 -0.0129026 0)
(-0.253985 -0.0149149 0)
(-0.253663 -0.0167521 0)
(-0.254117 -0.0183588 0)
(-0.255292 -0.0197011 0)
(-0.25708 -0.0207615 0)
(-0.259403 -0.0215367 0)
(-0.262172 -0.0220333 0)
(-0.265283 -0.0222661 0)
(-0.268674 -0.022255 0)
(-0.272245 -0.0220245 0)
(-0.275922 -0.0216014 0)
(-0.279656 -0.021013 0)
(-0.283384 -0.0202873 0)
(-0.28706 -0.0194508 0)
(-0.290668 -0.018529 0)
(-0.294174 -0.0175451 0)
(-0.29754 -0.0165199 0)
(-0.30077 -0.0154716 0)
(-0.303825 -0.0144153 0)
(-0.306685 -0.013364 0)
(-0.309354 -0.0123289 0)
(-0.31182 -0.0113205 0)
(-0.314078 -0.0103463 0)
(-0.316136 -0.00941312 0)
(-0.318017 -0.0085251 0)
(-0.319714 -0.00768599 0)
(-0.321257 -0.00689736 0)
(-0.322641 -0.00616013 0)
(-0.323885 -0.00547385 0)
(-0.324976 -0.00483807 0)
(-0.325942 -0.00425162 0)
(-0.326784 -0.00371338 0)
(-0.327519 -0.00322186 0)
(-0.328138 -0.00277561 0)
(-0.32866 -0.00237287 0)
(-0.329117 -0.0020117 0)
(-0.329497 -0.0016899 0)
(-0.329827 -0.00140481 0)
(-0.330085 -0.00115312 0)
(-0.33028 -0.000931888 0)
(-0.330439 -0.000738491 0)
(-0.330534 -0.000571586 0)
(-0.330592 -0.000429384 0)
(-0.330617 -0.00031108 0)
(-0.330616 -0.00021549 0)
(-0.330628 -0.00014265 0)
(-0.330633 -9.17905e-05 0)
(-0.330645 -6.29527e-05 0)
(-0.330679 -5.57841e-05 0)
(-0.330729 -7.05026e-05 0)
(-0.330774 -0.000106379 0)
(-0.330831 -0.00016223 0)
(-0.33088 -0.00023655 0)
(-0.330918 -0.000326739 0)
(-0.330953 -0.000428425 0)
(-0.330978 -0.000532265 0)
(-0.331059 -0.000624274 0)
(-0.331162 -0.000679707 0)
(-0.331331 -0.000676365 0)
(-0.331375 -0.000571681 0)
(-0.332952 -0.000374242 0)
(-0.334616 0.000153838 0)
(-0.331946 0.000993781 0)
(-0.328946 0.00233062 0)
(-0.325745 0.00439123 0)
(-0.319915 0.00732294 0)
(-0.347313 0.00648604 0)
(0.489239 -0.213008 0)
(0.447969 -0.239251 0)
(0.400449 -0.260722 0)
(0.346519 -0.277415 0)
(0.288212 -0.289416 0)
(0.226262 -0.296315 0)
(0.162959 -0.297716 0)
(0.0997056 -0.293358 0)
(0.0376644 -0.283303 0)
(-0.0216783 -0.268075 0)
(-0.0769822 -0.248549 0)
(-0.127128 -0.225797 0)
(-0.171293 -0.200995 0)
(-0.209025 -0.175304 0)
(-0.240119 -0.149776 0)
(-0.264714 -0.125306 0)
(-0.283189 -0.102597 0)
(-0.296076 -0.0821493 0)
(-0.304049 -0.06427 0)
(-0.307873 -0.0490938 0)
(-0.308299 -0.0366118 0)
(-0.306087 -0.0266971 0)
(-0.30194 -0.019145 0)
(-0.296496 -0.0136905 0)
(-0.290299 -0.0100466 0)
(-0.283831 -0.00791032 0)
(-0.277456 -0.0069903 0)
(-0.271503 -0.00701386 0)
(-0.266174 -0.0077326 0)
(-0.261627 -0.00892826 0)
(-0.257955 -0.0104187 0)
(-0.255191 -0.0120487 0)
(-0.253337 -0.0136969 0)
(-0.252371 -0.0152694 0)
(-0.252231 -0.0166973 0)
(-0.25285 -0.0179329 0)
(-0.254155 -0.0189467 0)
(-0.256047 -0.0197236 0)
(-0.258449 -0.0202608 0)
(-0.261257 -0.020564 0)
(-0.264413 -0.0206452 0)
(-0.267816 -0.0205223 0)
(-0.271372 -0.0202161 0)
(-0.275039 -0.0197498 0)
(-0.278738 -0.019147 0)
(-0.282437 -0.0184321 0)
(-0.286074 -0.0176276 0)
(-0.289628 -0.0167558 0)
(-0.293075 -0.0158361 0)
(-0.296401 -0.0148864 0)
(-0.299564 -0.0139217 0)
(-0.302565 -0.0129546 0)
(-0.30537 -0.011996 0)
(-0.307979 -0.0110557 0)
(-0.31038 -0.0101423 0)
(-0.312594 -0.00926226 0)
(-0.314613 -0.00842109 0)
(-0.316432 -0.00762242 0)
(-0.318098 -0.00686913 0)
(-0.319586 -0.00616215 0)
(-0.320944 -0.00550183 0)
(-0.32215 -0.0048876 0)
(-0.323218 -0.00431879 0)
(-0.32415 -0.00379432 0)
(-0.324972 -0.00331306 0)
(-0.325674 -0.00287389 0)
(-0.326274 -0.0024754 0)
(-0.326791 -0.0021161 0)
(-0.32723 -0.00179412 0)
(-0.327592 -0.00150741 0)
(-0.327903 -0.00125338 0)
(-0.328155 -0.00102884 0)
(-0.328359 -0.000831317 0)
(-0.328497 -0.000658492 0)
(-0.328585 -0.000509366 0)
(-0.328635 -0.000382182 0)
(-0.328666 -0.00027651 0)
(-0.328672 -0.000191228 0)
(-0.328661 -0.00012643 0)
(-0.32867 -8.09935e-05 0)
(-0.328687 -5.49133e-05 0)
(-0.32871 -4.77256e-05 0)
(-0.328763 -5.95423e-05 0)
(-0.328811 -8.9541e-05 0)
(-0.32887 -0.000136799 0)
(-0.328908 -0.000200545 0)
(-0.328962 -0.000278602 0)
(-0.328985 -0.000367177 0)
(-0.329024 -0.000457499 0)
(-0.329086 -0.000536765 0)
(-0.329175 -0.000580609 0)
(-0.329312 -0.000568392 0)
(-0.329296 -0.000460046 0)
(-0.33077 -0.000273243 0)
(-0.332252 0.000227482 0)
(-0.329355 0.000995728 0)
(-0.325934 0.00211229 0)
(-0.321782 0.00386054 0)
(-0.315029 0.00631916 0)
(-0.340203 0.00526437 0)
(0.483004 -0.195063 0)
(0.446401 -0.217382 0)
(0.402602 -0.235611 0)
(0.351694 -0.249803 0)
(0.296093 -0.260087 0)
(0.236806 -0.265902 0)
(0.17623 -0.266899 0)
(0.115804 -0.262832 0)
(0.0566535 -0.253785 0)
(0.000219673 -0.240249 0)
(-0.0522624 -0.22299 0)
(-0.0997468 -0.202969 0)
(-0.141505 -0.181206 0)
(-0.177097 -0.158704 0)
(-0.20641 -0.136369 0)
(-0.229567 -0.114967 0)
(-0.246931 -0.0950985 0)
(-0.259051 -0.0771898 0)
(-0.266563 -0.0615022 0)
(-0.270172 -0.048149 0)
(-0.270603 -0.0371189 0)
(-0.268595 -0.0283025 0)
(-0.264784 -0.0215212 0)
(-0.259778 -0.0165517 0)
(-0.254095 -0.0131422 0)
(-0.248179 -0.0110362 0)
(-0.242395 -0.00998175 0)
(-0.237019 -0.00974646 0)
(-0.232251 -0.0101152 0)
(-0.228238 -0.0109048 0)
(-0.225065 -0.0119553 0)
(-0.222752 -0.0131358 0)
(-0.221318 -0.0143417 0)
(-0.220707 -0.0154929 0)
(-0.220885 -0.0165303 0)
(-0.221771 -0.0174129 0)
(-0.223283 -0.0181156 0)
(-0.225358 -0.0186256 0)
(-0.227901 -0.0189399 0)
(-0.23082 -0.0190631 0)
(-0.234043 -0.0190049 0)
(-0.237487 -0.0187809 0)
(-0.241074 -0.0184078 0)
(-0.244741 -0.0179062 0)
(-0.248441 -0.0172952 0)
(-0.252096 -0.0165962 0)
(-0.255707 -0.0158278 0)
(-0.25922 -0.015009 0)
(-0.26262 -0.0141554 0)
(-0.265876 -0.0132826 0)
(-0.268984 -0.012402 0)
(-0.271929 -0.0115242 0)
(-0.274673 -0.0106581 0)
(-0.277218 -0.00981194 0)
(-0.279574 -0.00899254 0)
(-0.281722 -0.00820543 0)
(-0.283693 -0.00745486 0)
(-0.285467 -0.0067441 0)
(-0.287078 -0.00607493 0)
(-0.288525 -0.005448 0)
(-0.289845 -0.0048628 0)
(-0.291012 -0.00431906 0)
(-0.292042 -0.0038155 0)
(-0.292964 -0.00335153 0)
(-0.293748 -0.00292565 0)
(-0.294427 -0.0025375 0)
(-0.295003 -0.00218535 0)
(-0.29551 -0.00186831 0)
(-0.295925 -0.00158424 0)
(-0.29629 -0.00133164 0)
(-0.296588 -0.00110757 0)
(-0.29684 -0.000909416 0)
(-0.297029 -0.000734774 0)
(-0.297152 -0.000582011 0)
(-0.297251 -0.000450075 0)
(-0.297298 -0.000337536 0)
(-0.297325 -0.000244046 0)
(-0.297326 -0.000168824 0)
(-0.297324 -0.000111712 0)
(-0.297326 -7.15184e-05 0)
(-0.297335 -4.79542e-05 0)
(-0.297363 -4.06665e-05 0)
(-0.297406 -4.94169e-05 0)
(-0.29747 -7.35438e-05 0)
(-0.297518 -0.000112299 0)
(-0.297558 -0.000165868 0)
(-0.297601 -0.00023233 0)
(-0.297639 -0.000308925 0)
(-0.297664 -0.000387612 0)
(-0.297721 -0.000457855 0)
(-0.297808 -0.000496138 0)
(-0.297899 -0.000485257 0)
(-0.29785 -0.000389717 0)
(-0.299191 -0.000240429 0)
(-0.300501 0.00018995 0)
(-0.297383 0.000822335 0)
(-0.293549 0.00157323 0)
(-0.288442 0.00281892 0)
(-0.28065 0.004489 0)
(-0.303706 0.00342994 0)
(0.526587 -0.179634 0)
(0.493997 -0.197531 0)
(0.453293 -0.212117 0)
(0.404945 -0.223571 0)
(0.351604 -0.232043 0)
(0.29459 -0.236763 0)
(0.236264 -0.237373 0)
(0.178149 -0.233625 0)
(0.121353 -0.225592 0)
(0.0672139 -0.213709 0)
(0.0169292 -0.198655 0)
(-0.0285423 -0.181258 0)
(-0.0685636 -0.162397 0)
(-0.102716 -0.142927 0)
(-0.130899 -0.123614 0)
(-0.153275 -0.105109 0)
(-0.170208 -0.0879172 0)
(-0.182175 -0.0723967 0)
(-0.189827 -0.0587669 0)
(-0.193817 -0.0471197 0)
(-0.194814 -0.0374469 0)
(-0.193522 -0.0296545 0)
(-0.190535 -0.0235909 0)
(-0.186429 -0.0190675 0)
(-0.181699 -0.0158715 0)
(-0.176729 -0.0137868 0)
(-0.171885 -0.0126017 0)
(-0.167411 -0.012117 0)
(-0.163507 -0.0121567 0)
(-0.160287 -0.0125621 0)
(-0.15785 -0.0131996 0)
(-0.156193 -0.0139591 0)
(-0.155348 -0.0147525 0)
(-0.155262 -0.015512 0)
(-0.155879 -0.0161877 0)
(-0.157145 -0.0167452 0)
(-0.158992 -0.0171624 0)
(-0.16132 -0.0174293 0)
(-0.16407 -0.0175418 0)
(-0.16716 -0.0175044 0)
(-0.170502 -0.0173235 0)
(-0.174027 -0.0170132 0)
(-0.177677 -0.016586 0)
(-0.181376 -0.0160597 0)
(-0.18507 -0.0154492 0)
(-0.188714 -0.0147735 0)
(-0.192291 -0.0140465 0)
(-0.195768 -0.0132851 0)
(-0.199112 -0.0125008 0)
(-0.202329 -0.011707 0)
(-0.205384 -0.0109117 0)
(-0.208245 -0.010124 0)
(-0.210943 -0.00935033 0)
(-0.213419 -0.00859804 0)
(-0.215714 -0.00787186 0)
(-0.217817 -0.00717663 0)
(-0.21972 -0.00651525 0)
(-0.221441 -0.00589085 0)
(-0.223014 -0.00530395 0)
(-0.224423 -0.00475523 0)
(-0.225691 -0.00424321 0)
(-0.22682 -0.00376809 0)
(-0.227825 -0.00332784 0)
(-0.228707 -0.00292258 0)
(-0.229465 -0.00255031 0)
(-0.23013 -0.00221157 0)
(-0.230692 -0.00190417 0)
(-0.23117 -0.001628 0)
(-0.231582 -0.00138053 0)
(-0.231929 -0.00116085 0)
(-0.232234 -0.000965721 0)
(-0.232465 -0.000793058 0)
(-0.232645 -0.000640675 0)
(-0.232785 -0.000507403 0)
(-0.232872 -0.000392233 0)
(-0.23292 -0.000293951 0)
(-0.232934 -0.000212367 0)
(-0.232933 -0.000146933 0)
(-0.232942 -9.72386e-05 0)
(-0.23294 -6.21422e-05 0)
(-0.232957 -4.09317e-05 0)
(-0.232992 -3.36292e-05 0)
(-0.23304 -3.91783e-05 0)
(-0.233081 -5.774e-05 0)
(-0.233132 -8.81146e-05 0)
(-0.233189 -0.000132222 0)
(-0.233235 -0.000187602 0)
(-0.233262 -0.000253481 0)
(-0.233287 -0.00032227 0)
(-0.233339 -0.000386849 0)
(-0.233413 -0.00042499 0)
(-0.233475 -0.000424498 0)
(-0.233386 -0.000356819 0)
(-0.23462 -0.000269898 0)
(-0.235747 5.14027e-05 0)
(-0.2325 0.000493041 0)
(-0.22834 0.000742291 0)
(-0.222424 0.00129251 0)
(-0.213629 0.00185076 0)
(-0.235064 0.00106115 0)
(0.621996 -0.166071 0)
(0.591828 -0.179173 0)
(0.55299 -0.189825 0)
(0.506337 -0.198383 0)
(0.454572 -0.204987 0)
(0.399202 -0.208607 0)
(0.342535 -0.208847 0)
(0.286135 -0.20543 0)
(0.231041 -0.198396 0)
(0.178552 -0.188125 0)
(0.129769 -0.175192 0)
(0.0856012 -0.160306 0)
(0.0466243 -0.144208 0)
(0.0132127 -0.12761 0)
(-0.0145618 -0.111156 0)
(-0.0368427 -0.0953859 0)
(-0.0539945 -0.080715 0)
(-0.0664741 -0.0674432 0)
(-0.0748788 -0.055749 0)
(-0.0798342 -0.0457089 0)
(-0.081972 -0.0373146 0)
(-0.0819139 -0.0304886 0)
(-0.0802515 -0.0251069 0)
(-0.0775085 -0.0210086 0)
(-0.0741436 -0.0180239 0)
(-0.0705249 -0.0159698 0)
(-0.0669679 -0.0146735 0)
(-0.0637158 -0.0139705 0)
(-0.0609458 -0.013714 0)
(-0.0587841 -0.0137742 0)
(-0.0573087 -0.0140405 0)
(-0.0565166 -0.0144215 0)
(-0.0564309 -0.0148445 0)
(-0.0570102 -0.0152536 0)
(-0.0582003 -0.0156071 0)
(-0.0599551 -0.0158761 0)
(-0.0622053 -0.0160424 0)
(-0.0648795 -0.0160972 0)
(-0.0678955 -0.0160363 0)
(-0.0711931 -0.0158629 0)
(-0.0747103 -0.0155817 0)
(-0.0783503 -0.0152039 0)
(-0.0820678 -0.0147388 0)
(-0.0858065 -0.0142014 0)
(-0.0895162 -0.0136029 0)
(-0.0931589 -0.0129594 0)
(-0.0967096 -0.0122813 0)
(-0.100157 -0.0115826 0)
(-0.103464 -0.0108718 0)
(-0.106618 -0.0101597 0)
(-0.109595 -0.00945155 0)
(-0.112415 -0.00875487 0)
(-0.115023 -0.00807412 0)
(-0.117457 -0.00741532 0)
(-0.119685 -0.00678179 0)
(-0.121711 -0.00617726 0)
(-0.123565 -0.00560384 0)
(-0.125239 -0.00506399 0)
(-0.126749 -0.00455767 0)
(-0.128109 -0.00408502 0)
(-0.12934 -0.00364432 0)
(-0.130431 -0.00323562 0)
(-0.131396 -0.00285684 0)
(-0.132249 -0.00250818 0)
(-0.132991 -0.00218782 0)
(-0.133625 -0.00189655 0)
(-0.134167 -0.00163233 0)
(-0.134638 -0.00139528 0)
(-0.135041 -0.00118306 0)
(-0.135376 -0.000994856 0)
(-0.135667 -0.000827541 0)
(-0.135896 -0.000679375 0)
(-0.136072 -0.000548546 0)
(-0.136206 -0.000434144 0)
(-0.1363 -0.000335296 0)
(-0.136339 -0.000250895 0)
(-0.13637 -0.000181032 0)
(-0.136371 -0.000125132 0)
(-0.136366 -8.28189e-05 0)
(-0.136376 -5.26757e-05 0)
(-0.136403 -3.40925e-05 0)
(-0.136433 -2.67392e-05 0)
(-0.136474 -2.96003e-05 0)
(-0.136533 -4.27282e-05 0)
(-0.136575 -6.56212e-05 0)
(-0.136637 -0.000100538 0)
(-0.136672 -0.000145822 0)
(-0.136716 -0.000201507 0)
(-0.136744 -0.000262101 0)
(-0.136781 -0.000323042 0)
(-0.136846 -0.000365334 0)
(-0.136903 -0.00038146 0)
(-0.136777 -0.000353316 0)
(-0.137926 -0.000347193 0)
(-0.138931 -0.000162883 0)
(-0.135641 5.8031e-05 0)
(-0.131344 -0.000288914 0)
(-0.124941 -0.000588556 0)
(-0.11539 -0.00140267 0)
(-0.136303 -0.00163683 0)
(0.759698 -0.153158 0)
(0.729702 -0.161417 0)
(0.69113 -0.168102 0)
(0.645145 -0.173786 0)
(0.594229 -0.178548 0)
(0.539929 -0.181103 0)
(0.484387 -0.180999 0)
(0.429159 -0.177919 0)
(0.37525 -0.171868 0)
(0.323855 -0.163153 0)
(0.276021 -0.152255 0)
(0.232568 -0.139764 0)
(0.19406 -0.126285 0)
(0.160793 -0.112407 0)
(0.132861 -0.0986541 0)
(0.110085 -0.0854612 0)
(0.0921524 -0.0731681 0)
(0.0786078 -0.0620178 0)
(0.0689249 -0.0521524 0)
(0.0625116 -0.0436332 0)
(0.058768 -0.0364569 0)
(0.0571244 -0.0305564 0)
(0.0570429 -0.0258345 0)
(0.0580378 -0.0221637 0)
(0.0596845 -0.019402 0)
(0.0616426 -0.0174063 0)
(0.0636169 -0.0160349 0)
(0.0653769 -0.0151583 0)
(0.0667633 -0.0146564 0)
(0.0676739 -0.0144255 0)
(0.0680184 -0.0143758 0)
(0.067794 -0.014434 0)
(0.0669921 -0.0145412 0)
(0.0656345 -0.0146521 0)
(0.0637776 -0.0147327 0)
(0.0614501 -0.0147594 0)
(0.0587407 -0.0147168 0)
(0.0556806 -0.0145976 0)
(0.0523496 -0.0143975 0)
(0.0488155 -0.0141185 0)
(0.0451311 -0.0137633 0)
(0.0413675 -0.0133408 0)
(0.0375695 -0.0128574 0)
(0.0337912 -0.0123252 0)
(0.0300648 -0.0117522 0)
(0.0264228 -0.0111517 0)
(0.0228977 -0.0105311 0)
(0.0195064 -0.00990158 0)
(0.0162649 -0.00926903 0)
(0.013175 -0.00864185 0)
(0.010265 -0.00802314 0)
(0.00751838 -0.00741866 0)
(0.0049776 -0.00683137 0)
(0.00263371 -0.00626595 0)
(0.000480083 -0.00572437 0)
(-0.001486 -0.00520944 0)
(-0.00326733 -0.0047225 0)
(-0.00488098 -0.00426538 0)
(-0.00632964 -0.00383749 0)
(-0.00763962 -0.00343865 0)
(-0.00881762 -0.00306692 0)
(-0.00986671 -0.0027223 0)
(-0.0108013 -0.00240262 0)
(-0.0116219 -0.00210839 0)
(-0.0123288 -0.0018378 0)
(-0.0129387 -0.00159201 0)
(-0.0134691 -0.001369 0)
(-0.0139252 -0.00116936 0)
(-0.0143105 -0.000990678 0)
(-0.0146394 -0.00083252 0)
(-0.0149222 -0.000691719 0)
(-0.0151531 -0.000567117 0)
(-0.0153287 -0.000457044 0)
(-0.0154473 -0.000360965 0)
(-0.015537 -0.000277952 0)
(-0.0155982 -0.000207176 0)
(-0.0156211 -0.00014877 0)
(-0.0156267 -0.000102237 0)
(-0.0156379 -6.71282e-05 0)
(-0.0156477 -4.19485e-05 0)
(-0.0156726 -2.60727e-05 0)
(-0.015698 -1.89053e-05 0)
(-0.015747 -1.94087e-05 0)
(-0.0157988 -2.77474e-05 0)
(-0.0158598 -4.38378e-05 0)
(-0.0159123 -7.03827e-05 0)
(-0.0159523 -0.000106194 0)
(-0.0160014 -0.000152484 0)
(-0.0160209 -0.000205638 0)
(-0.0160738 -0.000264175 0)
(-0.0161383 -0.000312461 0)
(-0.016173 -0.000348152 0)
(-0.0160591 -0.000364771 0)
(-0.0171553 -0.000448481 0)
(-0.0180705 -0.000408883 0)
(-0.014897 -0.000399925 0)
(-0.0106987 -0.00135444 0)
(-0.00435346 -0.0025686 0)
(0.00547695 -0.00485538 0)
(-0.016467 -0.00432379 0)
(0.915122 -0.139231 0)
(0.882785 -0.143136 0)
(0.842963 -0.146217 0)
(0.796794 -0.149302 0)
(0.74628 -0.152384 0)
(0.69275 -0.153968 0)
(0.638127 -0.153572 0)
(0.583892 -0.150846 0)
(0.530951 -0.145753 0)
(0.480441 -0.138535 0)
(0.433318 -0.12958 0)
(0.390354 -0.119358 0)
(0.352035 -0.108359 0)
(0.318649 -0.0970465 0)
(0.290242 -0.0858345 0)
(0.266685 -0.07507 0)
(0.247655 -0.0650183 0)
(0.232757 -0.0558679 0)
(0.221483 -0.0477344 0)
(0.213312 -0.0406649 0)
(0.207685 -0.0346557 0)
(0.204083 -0.0296558 0)
(0.202007 -0.0255889 0)
(0.201026 -0.022356 0)
(0.200746 -0.0198485 0)
(0.200855 -0.0179526 0)
(0.201078 -0.0165604 0)
(0.201207 -0.0155691 0)
(0.2011 -0.0148865 0)
(0.200644 -0.014431 0)
(0.199775 -0.0141331 0)
(0.198464 -0.0139353 0)
(0.196723 -0.0137914 0)
(0.19456 -0.0136657 0)
(0.191999 -0.0135311 0)
(0.189109 -0.0133688 0)
(0.185919 -0.0131663 0)
(0.182493 -0.0129168 0)
(0.17887 -0.0126166 0)
(0.175113 -0.0122661 0)
(0.171281 -0.0118669 0)
(0.167409 -0.0114251 0)
(0.163554 -0.0109451 0)
(0.159756 -0.010436 0)
(0.156045 -0.00990337 0)
(0.152462 -0.00935751 0)
(0.148991 -0.00880348 0)
(0.145684 -0.00824995 0)
(0.142522 -0.00770056 0)
(0.139524 -0.00716147 0)
(0.136709 -0.00663412 0)
(0.134064 -0.00612274 0)
(0.131619 -0.00562904 0)
(0.129368 -0.00515634 0)
(0.127319 -0.00470559 0)
(0.125443 -0.00427864 0)
(0.123739 -0.00387624 0)
(0.122205 -0.00349951 0)
(0.120823 -0.00314758 0)
(0.11957 -0.00281986 0)
(0.118452 -0.00251448 0)
(0.117452 -0.00223116 0)
(0.116569 -0.0019681 0)
(0.11579 -0.00172568 0)
(0.115113 -0.00150257 0)
(0.114537 -0.00129988 0)
(0.114028 -0.00111604 0)
(0.113597 -0.000951646 0)
(0.113226 -0.000804735 0)
(0.1129 -0.000674804 0)
(0.112624 -0.000559184 0)
(0.112402 -0.000456895 0)
(0.112237 -0.000366754 0)
(0.112105 -0.000288206 0)
(0.112017 -0.000220571 0)
(0.11196 -0.000163019 0)
(0.11193 -0.000115875 0)
(0.111919 -7.85359e-05 0)
(0.111904 -5.05991e-05 0)
(0.111894 -3.05145e-05 0)
(0.11187 -1.75569e-05 0)
(0.111834 -1.09854e-05 0)
(0.111777 -9.63075e-06 0)
(0.111733 -1.39017e-05 0)
(0.111667 -2.38882e-05 0)
(0.111623 -4.26136e-05 0)
(0.111564 -6.93818e-05 0)
(0.111523 -0.000106353 0)
(0.111482 -0.00015214 0)
(0.111436 -0.000207887 0)
(0.111365 -0.000261825 0)
(0.111311 -0.000316016 0)
(0.111416 -0.000375825 0)
(0.110337 -0.000546994 0)
(0.109468 -0.000635128 0)
(0.112372 -0.000779404 0)
(0.116134 -0.00223638 0)
(0.121825 -0.0042871 0)
(0.131295 -0.0078941 0)
(0.10658 -0.00656019 0)
(1.04794 -0.122568 0)
(1.01146 -0.123237 0)
(0.969502 -0.12354 0)
(0.922927 -0.12459 0)
(0.87293 -0.126294 0)
(0.820512 -0.127077 0)
(0.76715 -0.126466 0)
(0.714274 -0.124115 0)
(0.662698 -0.119958 0)
(0.61342 -0.114172 0)
(0.567326 -0.107056 0)
(0.525116 -0.098976 0)
(0.487218 -0.0903028 0)
(0.453891 -0.0813949 0)
(0.425169 -0.0725623 0)
(0.400938 -0.0640715 0)
(0.38092 -0.0561207 0)
(0.36471 -0.0488551 0)
(0.351898 -0.0423579 0)
(0.341988 -0.0366683 0)
(0.334491 -0.0317833 0)
(0.328942 -0.027665 0)
(0.324882 -0.0242577 0)
(0.321932 -0.0214866 0)
(0.319725 -0.0192716 0)
(0.317989 -0.0175287 0)
(0.316482 -0.0161774 0)
(0.315007 -0.0151417 0)
(0.313434 -0.0143525 0)
(0.311655 -0.0137492 0)
(0.309625 -0.0132795 0)
(0.307296 -0.0129006 0)
(0.30467 -0.0125776 0)
(0.301748 -0.0122831 0)
(0.298577 -0.0119968 0)
(0.295181 -0.0117034 0)
(0.291601 -0.0113937 0)
(0.287867 -0.011061 0)
(0.284034 -0.0107025 0)
(0.280138 -0.0103169 0)
(0.276232 -0.00990531 0)
(0.272328 -0.00947091 0)
(0.268501 -0.00901706 0)
(0.264762 -0.00854927 0)
(0.261125 -0.00807219 0)
(0.257642 -0.0075925 0)
(0.254305 -0.00711418 0)
(0.251119 -0.00664289 0)
(0.248097 -0.00618117 0)
(0.245237 -0.00573261 0)
(0.242562 -0.00529796 0)
(0.240075 -0.00487958 0)
(0.237769 -0.00447869 0)
(0.235653 -0.00409694 0)
(0.233709 -0.00373494 0)
(0.231952 -0.00339321 0)
(0.230367 -0.00307246 0)
(0.228925 -0.00277279 0)
(0.227639 -0.0024936 0)
(0.22647 -0.00223351 0)
(0.225425 -0.00199124 0)
(0.224502 -0.00176588 0)
(0.223672 -0.00155643 0)
(0.222948 -0.00136279 0)
(0.222315 -0.00118448 0)
(0.221772 -0.00102221 0)
(0.221299 -0.000875196 0)
(0.220893 -0.000743827 0)
(0.220536 -0.000626673 0)
(0.220227 -0.000523197 0)
(0.219971 -0.000431172 0)
(0.219757 -0.000349929 0)
(0.219591 -0.000278523 0)
(0.219472 -0.000216635 0)
(0.219373 -0.000163562 0)
(0.21932 -0.000118671 0)
(0.219296 -8.22432e-05 0)
(0.21928 -5.37277e-05 0)
(0.219263 -3.28031e-05 0)
(0.219252 -1.7675e-05 0)
(0.219216 -7.92469e-06 0)
(0.219185 -2.00727e-06 0)
(0.219134 4.19263e-07 0)
(0.21907 -8.18137e-08 0)
(0.219013 -4.94577e-06 0)
(0.218964 -1.60241e-05 0)
(0.218901 -3.43299e-05 0)
(0.218854 -6.16493e-05 0)
(0.218819 -9.96313e-05 0)
(0.218749 -0.000151036 0)
(0.218666 -0.000208147 0)
(0.218608 -0.000275831 0)
(0.218654 -0.000370604 0)
(0.217564 -0.000614558 0)
(0.216716 -0.000789308 0)
(0.219238 -0.00097795 0)
(0.2223 -0.00270976 0)
(0.226733 -0.00534564 0)
(0.235288 -0.00981722 0)
(0.206401 -0.00789306 0)
(1.10789 -0.102065 0)
(1.06719 -0.101098 0)
(1.02349 -0.0998057 0)
(0.977248 -0.0995924 0)
(0.928712 -0.100329 0)
(0.87842 -0.100536 0)
(0.82739 -0.0998114 0)
(0.776948 -0.0978626 0)
(0.727767 -0.094613 0)
(0.680714 -0.0901803 0)
(0.636605 -0.0847876 0)
(0.59601 -0.0786992 0)
(0.559337 -0.0721835 0)
(0.526803 -0.0654986 0)
(0.498444 -0.0588679 0)
(0.474126 -0.0524808 0)
(0.453629 -0.0464806 0)
(0.436603 -0.0409693 0)
(0.422666 -0.0360087 0)
(0.4114 -0.0316252 0)
(0.402366 -0.0278179 0)
(0.395168 -0.024562 0)
(0.389408 -0.0218182 0)
(0.384755 -0.0195346 0)
(0.38088 -0.0176559 0)
(0.377532 -0.0161234 0)
(0.374517 -0.0148811 0)
(0.37165 -0.013876 0)
(0.368801 -0.01306 0)
(0.365904 -0.0123904 0)
(0.36289 -0.0118302 0)
(0.359717 -0.011349 0)
(0.356397 -0.0109223 0)
(0.352902 -0.0105301 0)
(0.349288 -0.0101576 0)
(0.345558 -0.00979327 0)
(0.341733 -0.00943009 0)
(0.337854 -0.00906245 0)
(0.333956 -0.00868775 0)
(0.330048 -0.0083038 0)
(0.326194 -0.00791101 0)
(0.3224 -0.00751042 0)
(0.318704 -0.00710427 0)
(0.315134 -0.00669554 0)
(0.311686 -0.00628764 0)
(0.308398 -0.0058847 0)
(0.305271 -0.0054896 0)
(0.302303 -0.00510567 0)
(0.299502 -0.00473448 0)
(0.296858 -0.00437767 0)
(0.294383 -0.00403532 0)
(0.2921 -0.00370841 0)
(0.289988 -0.00339768 0)
(0.288047 -0.00310368 0)
(0.286276 -0.00282652 0)
(0.284676 -0.0025659 0)
(0.283233 -0.0023223 0)
(0.281935 -0.00209532 0)
(0.280766 -0.0018844 0)
(0.279716 -0.00168776 0)
(0.278765 -0.00150438 0)
(0.277925 -0.00133315 0)
(0.277181 -0.00117353 0)
(0.276517 -0.00102527 0)
(0.275947 -0.000888461 0)
(0.275455 -0.000763673 0)
(0.275023 -0.000650727 0)
(0.274645 -0.000549904 0)
(0.274319 -0.000460262 0)
(0.274044 -0.00038121 0)
(0.27381 -0.00031103 0)
(0.273609 -0.000249203 0)
(0.273456 -0.000195158 0)
(0.273339 -0.000148675 0)
(0.273259 -0.000109152 0)
(0.273199 -7.60151e-05 0)
(0.273169 -4.95678e-05 0)
(0.27315 -2.93714e-05 0)
(0.273145 -1.50836e-05 0)
(0.273122 -4.8965e-06 0)
(0.27309 1.74428e-06 0)
(0.27305 6.56017e-06 0)
(0.273008 9.88897e-06 0)
(0.272954 1.24219e-05 0)
(0.272893 1.25267e-05 0)
(0.272828 8.58707e-06 0)
(0.272776 -1.06013e-06 0)
(0.272725 -1.84749e-05 0)
(0.272683 -4.74472e-05 0)
(0.272603 -9.2297e-05 0)
(0.272507 -0.000148466 0)
(0.272425 -0.000222333 0)
(0.272411 -0.000338545 0)
(0.271295 -0.000633203 0)
(0.270475 -0.000837263 0)
(0.272589 -0.000936982 0)
(0.274759 -0.00263021 0)
(0.277633 -0.0054524 0)
(0.28497 -0.010046 0)
(0.251743 -0.00797134 0)
(1.04858 -0.0779849 0)
(1.00597 -0.0769803 0)
(0.962504 -0.0753106 0)
(0.918325 -0.0746341 0)
(0.873008 -0.0748384 0)
(0.826519 -0.0747102 0)
(0.77951 -0.0739828 0)
(0.733156 -0.0724646 0)
(0.687991 -0.0700799 0)
(0.644726 -0.0669057 0)
(0.604064 -0.0630924 0)
(0.566479 -0.0588156 0)
(0.532323 -0.0542573 0)
(0.50176 -0.0495854 0)
(0.47483 -0.0449482 0)
(0.451418 -0.0404695 0)
(0.431325 -0.0362436 0)
(0.414283 -0.0323378 0)
(0.39995 -0.0287924 0)
(0.387985 -0.0256259 0)
(0.378029 -0.0228387 0)
(0.369737 -0.0204159 0)
(0.362771 -0.018333 0)
(0.356853 -0.0165579 0)
(0.35173 -0.0150555 0)
(0.347175 -0.0137888 0)
(0.343009 -0.0127228 0)
(0.339102 -0.0118239 0)
(0.335336 -0.0110612 0)
(0.33162 -0.0104073 0)
(0.327913 -0.00983834 0)
(0.324191 -0.00933441 0)
(0.320443 -0.00887951 0)
(0.316635 -0.00846041 0)
(0.312821 -0.00806691 0)
(0.308968 -0.0076907 0)
(0.305131 -0.00732686 0)
(0.301315 -0.00697095 0)
(0.297536 -0.00662065 0)
(0.293822 -0.00627325 0)
(0.290182 -0.00592848 0)
(0.286647 -0.00558601 0)
(0.283246 -0.00524707 0)
(0.279968 -0.0049128 0)
(0.276841 -0.00458562 0)
(0.273884 -0.00426779 0)
(0.27107 -0.00396135 0)
(0.268419 -0.00366793 0)
(0.265917 -0.00338825 0)
(0.263576 -0.0031225 0)
(0.261401 -0.00287014 0)
(0.259373 -0.00263119 0)
(0.257522 -0.00240597 0)
(0.255819 -0.00219447 0)
(0.25428 -0.00199633 0)
(0.252882 -0.00181073 0)
(0.251625 -0.00163803 0)
(0.250497 -0.00147775 0)
(0.249485 -0.00132927 0)
(0.248581 -0.00119067 0)
(0.247762 -0.00106103 0)
(0.247029 -0.00093921 0)
(0.246379 -0.00082499 0)
(0.245812 -0.000718039 0)
(0.245327 -0.000618949 0)
(0.244894 -0.000528264 0)
(0.244522 -0.000446364 0)
(0.244194 -0.000373443 0)
(0.24392 -0.000308966 0)
(0.243671 -0.000252305 0)
(0.243453 -0.000202116 0)
(0.243282 -0.000157985 0)
(0.243148 -0.000119653 0)
(0.243038 -8.7128e-05 0)
(0.242967 -5.97812e-05 0)
(0.242932 -3.71561e-05 0)
(0.242901 -1.95134e-05 0)
(0.242896 -6.79565e-06 0)
(0.24288 1.55271e-06 0)
(0.242861 7.16241e-06 0)
(0.242836 1.09882e-05 0)
(0.242806 1.46582e-05 0)
(0.242747 1.87779e-05 0)
(0.242706 2.41076e-05 0)
(0.242646 2.89862e-05 0)
(0.242598 3.20016e-05 0)
(0.24255 3.09255e-05 0)
(0.242502 2.35944e-05 0)
(0.242445 4.60508e-06 0)
(0.242377 -3.1501e-05 0)
(0.242273 -8.22164e-05 0)
(0.242158 -0.000154349 0)
(0.242095 -0.000276081 0)
(0.240946 -0.000595475 0)
(0.240205 -0.00077719 0)
(0.241977 -0.000679908 0)
(0.243318 -0.00202388 0)
(0.244721 -0.00456759 0)
(0.251135 -0.00834672 0)
(0.215569 -0.00662566 0)
(0.848029 -0.0519232 0)
(0.808155 -0.0518533 0)
(0.768353 -0.0506652 0)
(0.728902 -0.0501198 0)
(0.689171 -0.0501317 0)
(0.648736 -0.0498799 0)
(0.607957 -0.0492541 0)
(0.567848 -0.048185 0)
(0.528797 -0.0466145 0)
(0.491355 -0.0445852 0)
(0.456042 -0.0421858 0)
(0.423287 -0.0395203 0)
(0.393331 -0.0366922 0)
(0.366292 -0.0337978 0)
(0.342216 -0.0309214 0)
(0.32101 -0.0281333 0)
(0.302535 -0.0254873 0)
(0.286536 -0.0230217 0)
(0.27279 -0.0207595 0)
(0.261014 -0.0187122 0)
(0.250931 -0.0168808 0)
(0.242263 -0.0152585 0)
(0.234766 -0.013833 0)
(0.228216 -0.0125872 0)
(0.222419 -0.0115024 0)
(0.217181 -0.0105594 0)
(0.212369 -0.00973953 0)
(0.207872 -0.00902476 0)
(0.203603 -0.00839837 0)
(0.199486 -0.00784512 0)
(0.195479 -0.0073514 0)
(0.19156 -0.00690613 0)
(0.187715 -0.0065002 0)
(0.183917 -0.00612594 0)
(0.180181 -0.00577698 0)
(0.176512 -0.00544793 0)
(0.172911 -0.00513573 0)
(0.169405 -0.00483724 0)
(0.165968 -0.00455053 0)
(0.162651 -0.00427282 0)
(0.159439 -0.00400345 0)
(0.156346 -0.00374134 0)
(0.153398 -0.003487 0)
(0.15059 -0.00324038 0)
(0.147921 -0.00300318 0)
(0.145414 -0.00277653 0)
(0.143051 -0.00256187 0)
(0.140834 -0.00235972 0)
(0.138747 -0.00217015 0)
(0.136805 -0.00199249 0)
(0.134992 -0.00182567 0)
(0.133323 -0.0016691 0)
(0.131801 -0.00152291 0)
(0.130404 -0.00138688 0)
(0.129136 -0.00126029 0)
(0.128001 -0.00114208 0)
(0.126989 -0.00103258 0)
(0.126077 -0.000931593 0)
(0.125252 -0.000838469 0)
(0.12452 -0.000751295 0)
(0.123861 -0.000669203 0)
(0.123274 -0.000591229 0)
(0.122758 -0.000517276 0)
(0.1223 -0.000447038 0)
(0.121898 -0.000381389 0)
(0.121564 -0.000321056 0)
(0.121266 -0.000266741 0)
(0.121 -0.000218716 0)
(0.120776 -0.000176669 0)
(0.12058 -0.000140088 0)
(0.120416 -0.000107809 0)
(0.120274 -7.95481e-05 0)
(0.12017 -5.52437e-05 0)
(0.120092 -3.51721e-05 0)
(0.120053 -1.86027e-05 0)
(0.120024 -5.15618e-06 0)
(0.120015 4.91866e-06 0)
(0.120018 1.12882e-05 0)
(0.120011 1.46267e-05 0)
(0.120018 1.64573e-05 0)
(0.119992 1.79327e-05 0)
(0.119964 2.06508e-05 0)
(0.119925 2.53793e-05 0)
(0.119893 3.30951e-05 0)
(0.119846 4.21427e-05 0)
(0.119814 5.12052e-05 0)
(0.119785 5.77693e-05 0)
(0.119759 5.95803e-05 0)
(0.119738 5.0725e-05 0)
(0.119676 2.50408e-05 0)
(0.119589 -1.62612e-05 0)
(0.119478 -7.88688e-05 0)
(0.119374 -0.000188863 0)
(0.118241 -0.000500467 0)
(0.117575 -0.000640724 0)
(0.119159 -0.000337319 0)
(0.119954 -0.00112511 0)
(0.120445 -0.00299197 0)
(0.1268 -0.00500605 0)
(0.0947648 -0.00394892 0)
(0.530634 -0.0262588 0)
(0.500075 -0.0270667 0)
(0.469002 -0.0265992 0)
(0.438483 -0.0263972 0)
(0.408088 -0.0263797 0)
(0.377287 -0.0261366 0)
(0.346272 -0.0257059 0)
(0.315894 -0.0251015 0)
(0.28633 -0.0242833 0)
(0.257967 -0.02327 0)
(0.231152 -0.0221014 0)
(0.20615 -0.0208222 0)
(0.183139 -0.019476 0)
(0.162209 -0.0181021 0)
(0.14338 -0.0167355 0)
(0.126569 -0.0154051 0)
(0.111702 -0.0141328 0)
(0.0986008 -0.0129348 0)
(0.0871265 -0.0118204 0)
(0.0770814 -0.0107946 0)
(0.0682844 -0.0098588 0)
(0.060557 -0.00901126 0)
(0.05373 -0.00824771 0)
(0.047649 -0.00756195 0)
(0.0421806 -0.00694738 0)
(0.0372043 -0.00639699 0)
(0.0326242 -0.00590417 0)
(0.0283574 -0.00546227 0)
(0.0243399 -0.00506489 0)
(0.0205208 -0.00470595 0)
(0.0168694 -0.00437974 0)
(0.0133587 -0.00408172 0)
(0.00997363 -0.00380808 0)
(0.0067063 -0.00355554 0)
(0.00355019 -0.00332085 0)
(0.000504672 -0.00310124 0)
(-0.00243325 -0.00289519 0)
(-0.00526148 -0.00270116 0)
(-0.00797885 -0.00251767 0)
(-0.0105826 -0.00234277 0)
(-0.0130695 -0.00217569 0)
(-0.0154344 -0.00201558 0)
(-0.0176725 -0.00186234 0)
(-0.0197808 -0.00171567 0)
(-0.0217586 -0.00157654 0)
(-0.0236085 -0.00144566 0)
(-0.0253376 -0.00132387 0)
(-0.0269529 -0.00121132 0)
(-0.0284606 -0.0011078 0)
(-0.0298639 -0.00101251 0)
(-0.0311641 -0.000924295 0)
(-0.0323591 -0.000842461 0)
(-0.0334531 -0.000767003 0)
(-0.0344451 -0.000697766 0)
(-0.0353386 -0.000633805 0)
(-0.036141 -0.000574138 0)
(-0.0368572 -0.000519028 0)
(-0.0374957 -0.000468609 0)
(-0.038068 -0.000422237 0)
(-0.0385811 -0.000378472 0)
(-0.03904 -0.000336581 0)
(-0.0394479 -0.000296049 0)
(-0.039807 -0.00025671 0)
(-0.0401169 -0.000218437 0)
(-0.0403834 -0.000182036 0)
(-0.0406072 -0.000148333 0)
(-0.0407959 -0.000118063 0)
(-0.0409569 -9.15603e-05 0)
(-0.0410935 -6.87831e-05 0)
(-0.0412104 -4.94339e-05 0)
(-0.0413068 -3.26977e-05 0)
(-0.0413796 -1.83066e-05 0)
(-0.0414298 -6.36506e-06 0)
(-0.0414594 2.88139e-06 0)
(-0.0414676 1.01356e-05 0)
(-0.0414603 1.58474e-05 0)
(-0.0414403 1.97905e-05 0)
(-0.0414161 2.15049e-05 0)
(-0.0413929 2.16436e-05 0)
(-0.0413799 2.13082e-05 0)
(-0.0413759 2.16436e-05 0)
(-0.0413823 2.36792e-05 0)
(-0.0413912 2.84949e-05 0)
(-0.0413975 3.67198e-05 0)
(-0.0413985 4.72815e-05 0)
(-0.0413876 5.87619e-05 0)
(-0.0413662 6.91143e-05 0)
(-0.0413344 7.63974e-05 0)
(-0.0413044 7.57359e-05 0)
(-0.0412973 6.15443e-05 0)
(-0.0413173 3.36211e-05 0)
(-0.041369 -1.0619e-05 0)
(-0.0414636 -8.6237e-05 0)
(-0.0424673 -0.000330717 0)
(-0.043067 -0.000460174 0)
(-0.0417324 -0.000105764 0)
(-0.0411588 -0.000320983 0)
(-0.0408356 -0.00135036 0)
(-0.0339415 -0.00125699 0)
(-0.0523208 -0.000785171 0)
(0.168891 -0.00559495 0)
(0.155807 -0.00620853 0)
(0.141664 -0.00610503 0)
(0.127672 -0.00609179 0)
(0.113829 -0.00609504 0)
(0.0997989 -0.00598016 0)
(0.0857061 -0.00583242 0)
(0.0719799 -0.00568161 0)
(0.058639 -0.00549686 0)
(0.0458339 -0.00528418 0)
(0.0337037 -0.00505105 0)
(0.0223488 -0.00480379 0)
(0.0118366 -0.00454791 0)
(0.00219594 -0.00428828 0)
(-0.00656673 -0.00402929 0)
(-0.0144768 -0.0037746 0)
(-0.0215766 -0.00352703 0)
(-0.0279215 -0.00328874 0)
(-0.0335789 -0.00306089 0)
(-0.0386155 -0.0028444 0)
(-0.0431047 -0.00263982 0)
(-0.0471157 -0.00244753 0)
(-0.0507133 -0.00226736 0)
(-0.0539602 -0.00209892 0)
(-0.0569081 -0.00194184 0)
(-0.0596035 -0.0017957 0)
(-0.0620899 -0.00166014 0)
(-0.0643993 -0.00153464 0)
(-0.0665618 -0.00141867 0)
(-0.0685958 -0.00131156 0)
(-0.07052 -0.00121252 0)
(-0.0723439 -0.00112095 0)
(-0.0740788 -0.00103634 0)
(-0.0757297 -0.000958173 0)
(-0.0773016 -0.000885673 0)
(-0.0787964 -0.00081818 0)
(-0.0802191 -0.000755383 0)
(-0.0815721 -0.000696948 0)
(-0.0828559 -0.000642397 0)
(-0.0840716 -0.000591091 0)
(-0.0852198 -0.000542784 0)
(-0.0862999 -0.0004972 0)
(-0.0873098 -0.000454199 0)
(-0.0882514 -0.000413574 0)
(-0.089124 -0.000375584 0)
(-0.0899311 -0.000340405 0)
(-0.0906772 -0.000308262 0)
(-0.0913689 -0.000279164 0)
(-0.0920081 -0.00025307 0)
(-0.0926024 -0.000229729 0)
(-0.0931491 -0.000208671 0)
(-0.0936499 -0.000189614 0)
(-0.0941059 -0.000172513 0)
(-0.0945184 -0.000157282 0)
(-0.0948897 -0.000143388 0)
(-0.0952195 -0.000130385 0)
(-0.0955138 -0.000118327 0)
(-0.0957738 -0.000107311 0)
(-0.0960077 -9.70594e-05 0)
(-0.0962156 -8.71002e-05 0)
(-0.0964015 -7.72613e-05 0)
(-0.0965647 -6.74758e-05 0)
(-0.0967039 -5.76728e-05 0)
(-0.0968211 -4.78157e-05 0)
(-0.0969159 -3.82184e-05 0)
(-0.0969893 -2.92181e-05 0)
(-0.0970433 -2.10893e-05 0)
(-0.097085 -1.3997e-05 0)
(-0.097114 -8.05257e-06 0)
(-0.0971355 -3.27769e-06 0)
(-0.0971461 5.87324e-07 0)
(-0.0971477 3.6477e-06 0)
(-0.0971385 5.88417e-06 0)
(-0.0971213 7.23511e-06 0)
(-0.0970953 8.10169e-06 0)
(-0.0970644 8.75304e-06 0)
(-0.097028 9.15737e-06 0)
(-0.0969933 9.13591e-06 0)
(-0.0969593 8.95007e-06 0)
(-0.0969325 8.94143e-06 0)
(-0.0969116 9.42528e-06 0)
(-0.0968925 1.06733e-05 0)
(-0.0968753 1.31346e-05 0)
(-0.0968507 1.70355e-05 0)
(-0.0968186 2.19934e-05 0)
(-0.0967729 2.73986e-05 0)
(-0.096713 3.25341e-05 0)
(-0.0966426 3.69146e-05 0)
(-0.0965675 3.88372e-05 0)
(-0.0965033 3.55223e-05 0)
(-0.0964564 2.67004e-05 0)
(-0.0964337 1.40993e-05 0)
(-0.0964419 8.0963e-06 0)
(-0.0970086 -9.74499e-05 0)
(-0.0974257 -0.000224811 0)
(-0.0967167 -6.10759e-05 0)
(-0.0964127 -6.01095e-05 0)
(-0.0961078 -0.000629676 0)
(-0.0908716 0.000302163 0)
(-0.0930543 0.000731211 0)
(-0.0776086 0.0253811 0)
(-0.221609 0.0156722 0)
(-0.284414 0.0133641 0)
(-0.307135 0.000556283 0)
(-0.370262 -0.0187659 0)
(-0.343956 -0.0143777 0)
(-0.288311 -0.00884485 0)
(-0.277906 -0.0106561 0)
(-0.256666 -0.00982134 0)
(-0.236154 -0.00911004 0)
(-0.215628 -0.00831861 0)
(-0.196499 -0.00767323 0)
(-0.178611 -0.00703256 0)
(-0.162016 -0.0063903 0)
(-0.147061 -0.00578368 0)
(-0.133764 -0.0052224 0)
(-0.122118 -0.00471202 0)
(-0.111984 -0.00424896 0)
(-0.103225 -0.00383123 0)
(-0.0956708 -0.00345459 0)
(-0.0891689 -0.00311757 0)
(-0.0835566 -0.00281467 0)
(-0.0786963 -0.00254475 0)
(-0.0744597 -0.00230164 0)
(-0.0707393 -0.0020851 0)
(-0.0674409 -0.00188924 0)
(-0.0644916 -0.00171466 0)
(-0.0618263 -0.00155596 0)
(-0.0593984 -0.00141431 0)
(-0.0571648 -0.00128496 0)
(-0.055097 -0.00116938 0)
(-0.0531699 -0.00106343 0)
(-0.0513657 -0.000968619 0)
(-0.0496713 -0.000881453 0)
(-0.0480735 -0.000803285 0)
(-0.0465696 -0.000731289 0)
(-0.0451494 -0.000666535 0)
(-0.0438135 -0.000606872 0)
(-0.0425535 -0.000553022 0)
(-0.0413713 -0.000503475 0)
(-0.0402608 -0.000458576 0)
(-0.039222 -0.000417433 0)
(-0.0382489 -0.000379972 0)
(-0.0373407 -0.000345871 0)
(-0.0364909 -0.000314673 0)
(-0.0357009 -0.000286517 0)
(-0.0349635 -0.000260658 0)
(-0.0342791 -0.000237504 0)
(-0.0336457 -0.000216208 0)
(-0.0330588 -0.000197295 0)
(-0.0325188 -0.000179927 0)
(-0.0320222 -0.000164592 0)
(-0.0315674 -0.000150516 0)
(-0.0311486 -0.000138137 0)
(-0.0307651 -0.000126758 0)
(-0.0304121 -0.000116745 0)
(-0.0300886 -0.000107515 0)
(-0.0297924 -9.9362e-05 0)
(-0.0295209 -9.18386e-05 0)
(-0.0292739 -8.51021e-05 0)
(-0.0290465 -7.887e-05 0)
(-0.0288398 -7.32198e-05 0)
(-0.0286501 -6.79919e-05 0)
(-0.0284753 -6.31963e-05 0)
(-0.0283132 -5.87473e-05 0)
(-0.0281628 -5.4659e-05 0)
(-0.0280192 -5.08467e-05 0)
(-0.0278834 -4.72665e-05 0)
(-0.027753 -4.39304e-05 0)
(-0.0276279 -4.07213e-05 0)
(-0.0275082 -3.78458e-05 0)
(-0.0273954 -3.50439e-05 0)
(-0.0272879 -3.26584e-05 0)
(-0.0271876 -3.02811e-05 0)
(-0.0270924 -2.83293e-05 0)
(-0.0270055 -2.64174e-05 0)
(-0.0269238 -2.49145e-05 0)
(-0.026849 -2.35807e-05 0)
(-0.0267782 -2.26178e-05 0)
(-0.0267104 -2.20762e-05 0)
(-0.0266459 -2.18589e-05 0)
(-0.0265823 -2.23264e-05 0)
(-0.0265182 -2.30455e-05 0)
(-0.0264538 -2.46361e-05 0)
(-0.0263838 -2.62519e-05 0)
(-0.0263125 -2.86517e-05 0)
(-0.0262333 -3.08406e-05 0)
(-0.0261461 -3.38668e-05 0)
(-0.0260552 -3.59665e-05 0)
(-0.025968 -3.54695e-05 0)
(-0.0258844 -3.14304e-05 0)
(-0.0258024 -2.60053e-05 0)
(-0.0256878 -3.56473e-05 0)
(-0.026095 4.50461e-05 0)
(-0.0264356 0.000161898 0)
(-0.0257476 1.83174e-05 0)
(-0.0254705 -2.51304e-05 0)
(-0.0256076 0.000409493 0)
(-0.0223127 -0.000100947 0)
(-0.0249177 -0.000368403 0)
(-0.125772 0.0792289 0)
(-0.359667 0.0578866 0)
(-0.463369 0.0311946 0)
(-0.486055 0.00187483 0)
(-0.594219 -0.0438047 0)
(-0.557262 -0.0490913 0)
(-0.454292 -0.0380412 0)
(-0.429966 -0.0395704 0)
(-0.38578 -0.0384932 0)
(-0.341921 -0.0368845 0)
(-0.297277 -0.0346584 0)
(-0.254873 -0.0323481 0)
(-0.214936 -0.0298505 0)
(-0.177836 -0.0271874 0)
(-0.144397 -0.024514 0)
(-0.114765 -0.021937 0)
(-0.0889647 -0.0195311 0)
(-0.0667193 -0.0173292 0)
(-0.0477184 -0.015347 0)
(-0.0315629 -0.0135836 0)
(-0.0178716 -0.0120334 0)
(-0.00625104 -0.0106784 0)
(0.00364535 -0.00950353 0)
(0.012138 -0.00848394 0)
(0.0194965 -0.00760398 0)
(0.0259502 -0.00683958 0)
(0.0316865 -0.00617832 0)
(0.0368578 -0.00559972 0)
(0.041581 -0.0050954 0)
(0.0459487 -0.00464903 0)
(0.0500315 -0.0042558 0)
(0.0538794 -0.00390305 0)
(0.0575334 -0.00358848 0)
(0.0610132 -0.00330251 0)
(0.0643402 -0.00304434 0)
(0.0675192 -0.00280696 0)
(0.0705623 -0.00259035 0)
(0.0734659 -0.00238957 0)
(0.0762361 -0.00220487 0)
(0.0788703 -0.00203297 0)
(0.08137 -0.00187402 0)
(0.0837341 -0.00172612 0)
(0.0859676 -0.00158892 0)
(0.0880715 -0.00146165 0)
(0.0900486 -0.00134334 0)
(0.0919033 -0.00123401 0)
(0.0936385 -0.00113222 0)
(0.0952555 -0.00103848 0)
(0.0967609 -0.000951236 0)
(0.0981528 -0.000871249 0)
(0.0994392 -0.000797082 0)
(0.100623 -0.000729446 0)
(0.101709 -0.000667014 0)
(0.102705 -0.000610343 0)
(0.103616 -0.00055816 0)
(0.104446 -0.000510828 0)
(0.105205 -0.000467224 0)
(0.105895 -0.000427585 0)
(0.106521 -0.000391047 0)
(0.107088 -0.000357691 0)
(0.107602 -0.000326989 0)
(0.108064 -0.000298963 0)
(0.108482 -0.00027331 0)
(0.108859 -0.000249979 0)
(0.109203 -0.000228768 0)
(0.109517 -0.000209607 0)
(0.109808 -0.000192186 0)
(0.110078 -0.000176266 0)
(0.11033 -0.000161644 0)
(0.110568 -0.000148008 0)
(0.110789 -0.0001356 0)
(0.110994 -0.00012394 0)
(0.111184 -0.000113563 0)
(0.11136 -0.000103754 0)
(0.111519 -9.52097e-05 0)
(0.111664 -8.72745e-05 0)
(0.111798 -8.05873e-05 0)
(0.111918 -7.47493e-05 0)
(0.112028 -7.00999e-05 0)
(0.112128 -6.67402e-05 0)
(0.112221 -6.44542e-05 0)
(0.112309 -6.38616e-05 0)
(0.112394 -6.40668e-05 0)
(0.112476 -6.60664e-05 0)
(0.112559 -6.81654e-05 0)
(0.112641 -7.16417e-05 0)
(0.112727 -7.45229e-05 0)
(0.112818 -7.8121e-05 0)
(0.112907 -7.78799e-05 0)
(0.112983 -7.02175e-05 0)
(0.113045 -5.45737e-05 0)
(0.113103 -3.29456e-05 0)
(0.113214 -3.37671e-06 0)
(0.112437 0.000198439 0)
(0.111944 0.000336922 0)
(0.11322 1.90332e-05 0)
(0.113624 0.000156315 0)
(0.113179 0.00106496 0)
(0.117458 0.00135656 0)
(0.101867 0.000982688 0)
(-0.12973 0.0945057 0)
(-0.356368 0.0591374 0)
(-0.455757 0.0162187 0)
(-0.456877 -0.0138019 0)
(-0.565221 -0.0677288 0)
(-0.521289 -0.080407 0)
(-0.398496 -0.0675004 0)
(-0.367693 -0.0698204 0)
(-0.311621 -0.0694534 0)
(-0.25527 -0.0678817 0)
(-0.197252 -0.0648362 0)
(-0.141467 -0.0610523 0)
(-0.088616 -0.0565808 0)
(-0.0394642 -0.0515757 0)
(0.00478167 -0.0463849 0)
(0.0438328 -0.0412717 0)
(0.0776089 -0.0364352 0)
(0.106452 -0.0319854 0)
(0.130782 -0.0279828 0)
(0.151155 -0.0244451 0)
(0.168122 -0.0213663 0)
(0.182246 -0.0187154 0)
(0.194029 -0.016456 0)
(0.203954 -0.0145387 0)
(0.212384 -0.0129204 0)
(0.219682 -0.0115527 0)
(0.2261 -0.0103985 0)
(0.231847 -0.00941712 0)
(0.237121 -0.00858122 0)
(0.242023 -0.00785998 0)
(0.246662 -0.00723521 0)
(0.251085 -0.00668468 0)
(0.255361 -0.00619736 0)
(0.259495 -0.00575778 0)
(0.263513 -0.00535992 0)
(0.267427 -0.00499338 0)
(0.271214 -0.00465528 0)
(0.274884 -0.00433895 0)
(0.278437 -0.0040433 0)
(0.281844 -0.00376434 0)
(0.285123 -0.00350174 0)
(0.288259 -0.00325343 0)
(0.291232 -0.00301907 0)
(0.294061 -0.00279782 0)
(0.296747 -0.00258898 0)
(0.299265 -0.00239243 0)
(0.301642 -0.0022071 0)
(0.303867 -0.00203329 0)
(0.305941 -0.00186988 0)
(0.307858 -0.0017174 0)
(0.309639 -0.00157481 0)
(0.311287 -0.00144258 0)
(0.312802 -0.0013197 0)
(0.314185 -0.00120637 0)
(0.315448 -0.00110152 0)
(0.3166 -0.00100511 0)
(0.31765 -0.000916077 0)
(0.318605 -0.000834288 0)
(0.319456 -0.000758853 0)
(0.320236 -0.000689589 0)
(0.320933 -0.000625874 0)
(0.321567 -0.000567595 0)
(0.322127 -0.000514304 0)
(0.322617 -0.000465877 0)
(0.323069 -0.000421939 0)
(0.323487 -0.000382296 0)
(0.32386 -0.000346417 0)
(0.324192 -0.000313843 0)
(0.32451 -0.000284183 0)
(0.324787 -0.000256932 0)
(0.325048 -0.000232242 0)
(0.325294 -0.000209505 0)
(0.325508 -0.000189202 0)
(0.325703 -0.000170494 0)
(0.325879 -0.000154055 0)
(0.326048 -0.000139067 0)
(0.326182 -0.000126237 0)
(0.326309 -0.000114891 0)
(0.326417 -0.000105574 0)
(0.326518 -9.7957e-05 0)
(0.326602 -9.21626e-05 0)
(0.32668 -8.82064e-05 0)
(0.326757 -8.55469e-05 0)
(0.326816 -8.44491e-05 0)
(0.326873 -8.34657e-05 0)
(0.326926 -8.32565e-05 0)
(0.326978 -8.19246e-05 0)
(0.327029 -8.02777e-05 0)
(0.327075 -7.27693e-05 0)
(0.3271 -5.51616e-05 0)
(0.327108 -2.82302e-05 0)
(0.327098 7.06148e-06 0)
(0.32719 6.01682e-05 0)
(0.326283 0.000324334 0)
(0.325732 0.000468032 0)
(0.327198 0.00015344 0)
(0.327677 0.000760306 0)
(0.327264 0.00240016 0)
(0.33108 0.00448633 0)
(0.304727 0.0035751 0)
(-0.126638 0.0766315 0)
(-0.333136 0.0227633 0)
(-0.423215 -0.0271066 0)
(-0.409907 -0.05056 0)
(-0.504573 -0.0955147 0)
(-0.447004 -0.108529 0)
(-0.313837 -0.0966374 0)
(-0.28069 -0.0996903 0)
(-0.218167 -0.100581 0)
(-0.15485 -0.0996284 0)
(-0.0891365 -0.0962664 0)
(-0.0253886 -0.0912402 0)
(0.035358 -0.0847915 0)
(0.0919312 -0.0772948 0)
(0.142798 -0.0693326 0)
(0.187518 -0.0613739 0)
(0.22595 -0.0537791 0)
(0.258469 -0.0467682 0)
(0.285561 -0.0404679 0)
(0.307899 -0.0349269 0)
(0.326151 -0.0301434 0)
(0.341019 -0.0260732 0)
(0.353134 -0.0226542 0)
(0.36307 -0.0198059 0)
(0.371337 -0.0174518 0)
(0.378329 -0.0155102 0)
(0.384389 -0.0139134 0)
(0.389796 -0.0125937 0)
(0.394744 -0.0114999 0)
(0.399392 -0.0105815 0)
(0.403845 -0.00980383 0)
(0.408185 -0.00913197 0)
(0.412445 -0.00854447 0)
(0.416664 -0.00801828 0)
(0.420832 -0.00754151 0)
(0.424972 -0.0070997 0)
(0.429048 -0.00668721 0)
(0.433063 -0.00629553 0)
(0.437001 -0.0059227 0)
(0.440842 -0.00556427 0)
(0.44455 -0.00522003 0)
(0.44815 -0.00488813 0)
(0.451587 -0.00456885 0)
(0.454885 -0.00426184 0)
(0.458033 -0.00396715 0)
(0.461019 -0.00368517 0)
(0.463826 -0.00341555 0)
(0.46648 -0.00315902 0)
(0.468948 -0.00291513 0)
(0.471259 -0.00268467 0)
(0.473396 -0.00246719 0)
(0.475381 -0.00226328 0)
(0.477206 -0.00207229 0)
(0.478873 -0.00189444 0)
(0.480397 -0.00172886 0)
(0.481804 -0.00157539 0)
(0.483063 -0.00143306 0)
(0.484224 -0.00130157 0)
(0.485264 -0.00118 0)
(0.48619 -0.00106801 0)
(0.487032 -0.00096487 0)
(0.487785 -0.000870341 0)
(0.488449 -0.000783842 0)
(0.489058 -0.000705142 0)
(0.489589 -0.000633689 0)
(0.490073 -0.000569113 0)
(0.4905 -0.000510686 0)
(0.490887 -0.000457753 0)
(0.491247 -0.000409781 0)
(0.491568 -0.000366092 0)
(0.491861 -0.000326744 0)
(0.492126 -0.000290956 0)
(0.49236 -0.000259141 0)
(0.492564 -0.000230285 0)
(0.492749 -0.000204988 0)
(0.492914 -0.000182214 0)
(0.49306 -0.0001626 0)
(0.493185 -0.000145221 0)
(0.493292 -0.000130577 0)
(0.493378 -0.000118041 0)
(0.493461 -0.000107708 0)
(0.493538 -9.92265e-05 0)
(0.493598 -9.19835e-05 0)
(0.493639 -8.57895e-05 0)
(0.49369 -7.91263e-05 0)
(0.49372 -7.22205e-05 0)
(0.493746 -6.32087e-05 0)
(0.493769 -5.2523e-05 0)
(0.493784 -3.49547e-05 0)
(0.493763 -6.41102e-06 0)
(0.493738 3.03488e-05 0)
(0.493713 7.5693e-05 0)
(0.493807 0.000139087 0)
(0.492873 0.0004093 0)
(0.492253 0.000571218 0)
(0.493809 0.000392767 0)
(0.494636 0.0014755 0)
(0.494911 0.00373099 0)
(0.498844 0.00746868 0)
(0.469655 0.00593255 0)
(-0.126578 0.0383817 0)
(-0.325723 -0.0372779 0)
(-0.41444 -0.0879022 0)
(-0.399405 -0.0992058 0)
(-0.485073 -0.126358 0)
(-0.414718 -0.135229 0)
(-0.27618 -0.12475 0)
(-0.244034 -0.128716 0)
(-0.179124 -0.131337 0)
(-0.112806 -0.131534 0)
(-0.0433591 -0.128304 0)
(0.0245641 -0.12229 0)
(0.0896944 -0.113933 0)
(0.15049 -0.103877 0)
(0.205107 -0.0929753 0)
(0.252963 -0.0819464 0)
(0.293837 -0.0713442 0)
(0.328104 -0.0615253 0)
(0.356307 -0.0527044 0)
(0.379163 -0.0449729 0)
(0.397464 -0.0383394 0)
(0.412004 -0.0327468 0)
(0.423506 -0.0281051 0)
(0.432655 -0.0242989 0)
(0.439996 -0.0212114 0)
(0.446043 -0.0187233 0)
(0.451162 -0.0167296 0)
(0.455677 -0.0151304 0)
(0.459811 -0.0138457 0)
(0.463749 -0.012802 0)
(0.467591 -0.0119441 0)
(0.471442 -0.0112225 0)
(0.47533 -0.0106029 0)
(0.479273 -0.0100538 0)
(0.483292 -0.00955623 0)
(0.487356 -0.0090914 0)
(0.491466 -0.00865048 0)
(0.495572 -0.00822334 0)
(0.499653 -0.00780717 0)
(0.503693 -0.0073975 0)
(0.507642 -0.00699454 0)
(0.511504 -0.00659724 0)
(0.515247 -0.00620685 0)
(0.518868 -0.00582411 0)
(0.522328 -0.00545021 0)
(0.525627 -0.00508658 0)
(0.528759 -0.00473405 0)
(0.531716 -0.00439417 0)
(0.534499 -0.00406752 0)
(0.537102 -0.00375557 0)
(0.539514 -0.00345864 0)
(0.54176 -0.00317775 0)
(0.543821 -0.00291279 0)
(0.54573 -0.00266422 0)
(0.547463 -0.00243149 0)
(0.549062 -0.00221451 0)
(0.550497 -0.0020125 0)
(0.551818 -0.00182507 0)
(0.553004 -0.00165135 0)
(0.554063 -0.00149091 0)
(0.555026 -0.00134293 0)
(0.555873 -0.00120708 0)
(0.556647 -0.00108262 0)
(0.557313 -0.000969245 0)
(0.557929 -0.000866178 0)
(0.558461 -0.000772922 0)
(0.55895 -0.00068848 0)
(0.559374 -0.000612094 0)
(0.559774 -0.000543017 0)
(0.560123 -0.000480498 0)
(0.560431 -0.000424388 0)
(0.560714 -0.000373824 0)
(0.560968 -0.000329006 0)
(0.561192 -0.000288832 0)
(0.561385 -0.000253659 0)
(0.56156 -0.00022231 0)
(0.561703 -0.000195161 0)
(0.561827 -0.000171129 0)
(0.561933 -0.000150454 0)
(0.562019 -0.000132322 0)
(0.562101 -0.000116574 0)
(0.56215 -0.000102614 0)
(0.56221 -8.95598e-05 0)
(0.562249 -7.68845e-05 0)
(0.56227 -6.28928e-05 0)
(0.562297 -4.74649e-05 0)
(0.562304 -2.88296e-05 0)
(0.562307 -7.24378e-06 0)
(0.56229 2.14709e-05 0)
(0.562265 6.0534e-05 0)
(0.562224 0.000104703 0)
(0.562173 0.000154695 0)
(0.562314 0.000215396 0)
(0.561371 0.000462154 0)
(0.560668 0.000626945 0)
(0.562423 0.00059314 0)
(0.563838 0.00200691 0)
(0.565369 0.00457668 0)
(0.570177 0.0092602 0)
(0.543321 0.00734809 0)
(-0.129288 -0.00970077 0)
(-0.332843 -0.108891 0)
(-0.427423 -0.156342 0)
(-0.419382 -0.151836 0)
(-0.504726 -0.158163 0)
(-0.427046 -0.160314 0)
(-0.287444 -0.150941 0)
(-0.259495 -0.156118 0)
(-0.195881 -0.160965 0)
(-0.130055 -0.162846 0)
(-0.0602511 -0.160193 0)
(0.00864131 -0.153481 0)
(0.0751769 -0.143352 0)
(0.137476 -0.130744 0)
(0.193413 -0.116821 0)
(0.24227 -0.102578 0)
(0.283728 -0.0887916 0)
(0.318135 -0.0759869 0)
(0.346043 -0.0644796 0)
(0.368251 -0.0544174 0)
(0.385574 -0.045825 0)
(0.398898 -0.038635 0)
(0.40903 -0.0327284 0)
(0.416715 -0.0279511 0)
(0.422569 -0.0241432 0)
(0.427126 -0.0211418 0)
(0.430831 -0.0188 0)
(0.434019 -0.0169819 0)
(0.436948 -0.0155739 0)
(0.439812 -0.0144761 0)
(0.442721 -0.0136106 0)
(0.44576 -0.0129101 0)
(0.448983 -0.0123267 0)
(0.452398 -0.0118182 0)
(0.456001 -0.0113583 0)
(0.45976 -0.0109233 0)
(0.463664 -0.0105008 0)
(0.467648 -0.0100792 0)
(0.471683 -0.009655 0)
(0.475737 -0.00922396 0)
(0.479773 -0.00878711 0)
(0.483746 -0.00834455 0)
(0.487654 -0.00789901 0)
(0.491426 -0.00745273 0)
(0.495092 -0.00700854 0)
(0.498592 -0.00656933 0)
(0.501943 -0.00613744 0)
(0.505131 -0.00571576 0)
(0.508123 -0.00530614 0)
(0.510943 -0.0049111 0)
(0.513571 -0.00453198 0)
(0.516009 -0.00417052 0)
(0.518255 -0.00382737 0)
(0.520344 -0.00350337 0)
(0.522239 -0.00319849 0)
(0.523985 -0.00291282 0)
(0.52558 -0.00264589 0)
(0.52702 -0.00239734 0)
(0.528313 -0.00216643 0)
(0.529495 -0.00195265 0)
(0.530541 -0.00175522 0)
(0.531473 -0.00157366 0)
(0.532308 -0.00140717 0)
(0.533051 -0.00125533 0)
(0.53372 -0.00111715 0)
(0.534306 -0.000992003 0)
(0.534826 -0.000878623 0)
(0.535297 -0.00077614 0)
(0.535718 -0.000683594 0)
(0.536091 -0.000600147 0)
(0.536426 -0.000525438 0)
(0.536722 -0.000458498 0)
(0.536979 -0.000399307 0)
(0.537208 -0.000346625 0)
(0.537407 -0.000300564 0)
(0.537576 -0.000259752 0)
(0.537728 -0.000224294 0)
(0.537848 -0.000192903 0)
(0.537952 -0.000165528 0)
(0.538036 -0.000141146 0)
(0.538103 -0.000119285 0)
(0.53815 -9.91076e-05 0)
(0.538195 -7.9387e-05 0)
(0.538218 -5.93157e-05 0)
(0.538237 -3.6954e-05 0)
(0.538246 -1.19468e-05 0)
(0.538236 1.7377e-05 0)
(0.538221 5.06848e-05 0)
(0.538189 9.08071e-05 0)
(0.538148 0.000139505 0)
(0.538094 0.000188471 0)
(0.538036 0.000237615 0)
(0.538208 0.000284288 0)
(0.537273 0.000488566 0)
(0.536501 0.00062091 0)
(0.538499 0.000661679 0)
(0.540605 0.00216754 0)
(0.543528 0.00466712 0)
(0.549554 0.00945323 0)
(0.527119 0.00760728 0)
(-0.133049 -0.061265 0)
(-0.346791 -0.183893 0)
(-0.451355 -0.225688 0)
(-0.454727 -0.203656 0)
(-0.546471 -0.188868 0)
(-0.467232 -0.182895 0)
(-0.329962 -0.174281 0)
(-0.308558 -0.18106 0)
(-0.248983 -0.188652 0)
(-0.186235 -0.192752 0)
(-0.118563 -0.191125 0)
(-0.0510704 -0.18404 0)
(0.0146416 -0.172329 0)
(0.0764082 -0.157252 0)
(0.131858 -0.140299 0)
(0.180094 -0.122773 0)
(0.220734 -0.105706 0)
(0.254072 -0.0898049 0)
(0.28068 -0.0755077 0)
(0.30135 -0.0630269 0)
(0.316976 -0.0524096 0)
(0.328468 -0.0435821 0)
(0.336698 -0.0363956 0)
(0.34244 -0.0306546 0)
(0.346394 -0.0261542 0)
(0.349117 -0.022684 0)
(0.351095 -0.0200516 0)
(0.352666 -0.0180806 0)
(0.354121 -0.0166214 0)
(0.355647 -0.0155441 0)
(0.35739 -0.0147457 0)
(0.359421 -0.0141396 0)
(0.361768 -0.0136617 0)
(0.364446 -0.0132594 0)
(0.36745 -0.0128975 0)
(0.370725 -0.0125468 0)
(0.374246 -0.0121917 0)
(0.377953 -0.0118188 0)
(0.381793 -0.011424 0)
(0.385731 -0.0110038 0)
(0.389709 -0.0105601 0)
(0.393675 -0.0100948 0)
(0.397612 -0.00961239 0)
(0.401465 -0.0091171 0)
(0.405218 -0.00861378 0)
(0.40885 -0.00810726 0)
(0.412328 -0.00760175 0)
(0.415646 -0.00710182 0)
(0.418789 -0.00661102 0)
(0.421745 -0.00613319 0)
(0.424527 -0.00567094 0)
(0.427111 -0.00522701 0)
(0.429496 -0.004803 0)
(0.431708 -0.00440033 0)
(0.433739 -0.00401968 0)
(0.435607 -0.00366144 0)
(0.437296 -0.00332557 0)
(0.438832 -0.0030118 0)
(0.440237 -0.00271966 0)
(0.441478 -0.00244861 0)
(0.442601 -0.00219789 0)
(0.443612 -0.00196701 0)
(0.444501 -0.00175507 0)
(0.445302 -0.00156155 0)
(0.446004 -0.00138531 0)
(0.446627 -0.00122553 0)
(0.447173 -0.00108073 0)
(0.447673 -0.000949899 0)
(0.448112 -0.000831887 0)
(0.448505 -0.000725731 0)
(0.448849 -0.000630874 0)
(0.449158 -0.000546189 0)
(0.449428 -0.00047145 0)
(0.449658 -0.000405223 0)
(0.449848 -0.000347372 0)
(0.450022 -0.000296288 0)
(0.450168 -0.000251793 0)
(0.450282 -0.000212356 0)
(0.45038 -0.000177621 0)
(0.45046 -0.00014633 0)
(0.45051 -0.000117673 0)
(0.450554 -9.05619e-05 0)
(0.450582 -6.34083e-05 0)
(0.450602 -3.51476e-05 0)
(0.450603 -3.59751e-06 0)
(0.450594 3.17625e-05 0)
(0.450565 7.24654e-05 0)
(0.450533 0.00011792 0)
(0.450497 0.000169473 0)
(0.450427 0.000226968 0)
(0.450358 0.000278678 0)
(0.450287 0.000322441 0)
(0.450477 0.000346307 0)
(0.449538 0.000494179 0)
(0.448698 0.000554958 0)
(0.450951 0.000576302 0)
(0.453631 0.00191606 0)
(0.457744 0.00398675 0)
(0.46477 0.00809957 0)
(0.446803 0.0067396 0)
(-0.136639 -0.112605 0)
(-0.36171 -0.257581 0)
(-0.477572 -0.292388 0)
(-0.493682 -0.252341 0)
(-0.595347 -0.217163 0)
(-0.518573 -0.202342 0)
(-0.385575 -0.19425 0)
(-0.371707 -0.203088 0)
(-0.317543 -0.213948 0)
(-0.259178 -0.220787 0)
(-0.194927 -0.220625 0)
(-0.130107 -0.213498 0)
(-0.0664322 -0.200423 0)
(-0.00632612 -0.182993 0)
(0.0476105 -0.16305 0)
(0.0943339 -0.14223 0)
(0.133399 -0.121836 0)
(0.165053 -0.102778 0)
(0.189828 -0.0856299 0)
(0.208558 -0.0706777 0)
(0.222143 -0.0580015 0)
(0.231525 -0.047518 0)
(0.23763 -0.0390533 0)
(0.241281 -0.0323708 0)
(0.243182 -0.0272137 0)
(0.243947 -0.0233247 0)
(0.244069 -0.0204617 0)
(0.24394 -0.0184049 0)
(0.243828 -0.0169659 0)
(0.24394 -0.0159824 0)
(0.244408 -0.0153245 0)
(0.245318 -0.0148839 0)
(0.246707 -0.0145801 0)
(0.24856 -0.0143478 0)
(0.250867 -0.0141429 0)
(0.253572 -0.0139307 0)
(0.256632 -0.0136915 0)
(0.259975 -0.0134103 0)
(0.263532 -0.0130828 0)
(0.267267 -0.012706 0)
(0.271097 -0.0122834 0)
(0.274986 -0.0118189 0)
(0.278879 -0.0113191 0)
(0.282729 -0.0107906 0)
(0.286519 -0.0102408 0)
(0.290208 -0.0096767 0)
(0.293756 -0.00910484 0)
(0.297164 -0.00853181 0)
(0.300407 -0.00796312 0)
(0.303464 -0.00740418 0)
(0.306351 -0.00685932 0)
(0.309033 -0.00633233 0)
(0.311527 -0.00582607 0)
(0.313844 -0.00534272 0)
(0.315966 -0.0048838 0)
(0.317924 -0.00445014 0)
(0.319705 -0.00404226 0)
(0.321321 -0.0036601 0)
(0.322782 -0.0033035 0)
(0.324094 -0.00297195 0)
(0.325277 -0.00266486 0)
(0.326339 -0.00238166 0)
(0.327267 -0.00212145 0)
(0.328097 -0.00188361 0)
(0.328846 -0.00166686 0)
(0.32949 -0.00147015 0)
(0.330075 -0.00129186 0)
(0.330589 -0.00113077 0)
(0.331045 -0.000985595 0)
(0.331444 -0.000855179 0)
(0.331796 -0.000738816 0)
(0.332115 -0.000635158 0)
(0.332384 -0.000543806 0)
(0.332615 -0.000463062 0)
(0.332807 -0.000392583 0)
(0.332972 -0.000330444 0)
(0.33311 -0.000276236 0)
(0.333231 -0.000228105 0)
(0.33331 -0.000185439 0)
(0.333385 -0.000146661 0)
(0.33343 -0.000110673 0)
(0.333457 -7.60601e-05 0)
(0.33348 -4.09144e-05 0)
(0.333482 -3.87839e-06 0)
(0.333465 3.74415e-05 0)
(0.333437 8.37048e-05 0)
(0.333389 0.000136286 0)
(0.333338 0.000194211 0)
(0.333285 0.000257324 0)
(0.33321 0.000323287 0)
(0.333109 0.000376813 0)
(0.33303 0.000412743 0)
(0.333209 0.000408818 0)
(0.332255 0.000492545 0)
(0.331315 0.000452457 0)
(0.333764 0.000375193 0)
(0.336794 0.00134372 0)
(0.34163 0.00273666 0)
(0.349115 0.00562292 0)
(0.334379 0.00499363 0)
(-0.139499 -0.161983 0)
(-0.374358 -0.327982 0)
(-0.500637 -0.355138 0)
(-0.528656 -0.297062 0)
(-0.640987 -0.24249 0)
(-0.568599 -0.218513 0)
(-0.440352 -0.210807 0)
(-0.433684 -0.222186 0)
(-0.384974 -0.236814 0)
(-0.331077 -0.24687 0)
(-0.27041 -0.248577 0)
(-0.208483 -0.241719 0)
(-0.147098 -0.227491 0)
(-0.0889354 -0.207833 0)
(-0.0367617 -0.184959 0)
(0.00827827 -0.160855 0)
(0.0456219 -0.137113 0)
(0.0754817 -0.114866 0)
(0.0984028 -0.0948297 0)
(0.115198 -0.077377 0)
(0.126781 -0.0626204 0)
(0.134152 -0.0504774 0)
(0.138234 -0.040744 0)
(0.139879 -0.0331419 0)
(0.139848 -0.0273666 0)
(0.13878 -0.0231053 0)
(0.137157 -0.0200674 0)
(0.135386 -0.0179868 0)
(0.133779 -0.0166342 0)
(0.132541 -0.0158122 0)
(0.131804 -0.0153623 0)
(0.131636 -0.0151535 0)
(0.132087 -0.0150872 0)
(0.133138 -0.0150847 0)
(0.134751 -0.0150925 0)
(0.136881 -0.0150694 0)
(0.139461 -0.014992 0)
(0.142421 -0.0148436 0)
(0.145688 -0.0146196 0)
(0.149176 -0.0143178 0)
(0.152849 -0.0139436 0)
(0.156618 -0.0135028 0)
(0.160451 -0.0130051 0)
(0.164275 -0.0124594 0)
(0.168052 -0.011876 0)
(0.171764 -0.0112645 0)
(0.175363 -0.0106341 0)
(0.178827 -0.00999368 0)
(0.182138 -0.00935111 0)
(0.185279 -0.00871363 0)
(0.188239 -0.00808743 0)
(0.191014 -0.00747765 0)
(0.193583 -0.00688861 0)
(0.195973 -0.00632337 0)
(0.198179 -0.00578449 0)
(0.200208 -0.00527332 0)
(0.202061 -0.00479113 0)
(0.203736 -0.00433806 0)
(0.205271 -0.0039144 0)
(0.206633 -0.00351975 0)
(0.207869 -0.00315372 0)
(0.208971 -0.00281567 0)
(0.209943 -0.00250481 0)
(0.210806 -0.00222036 0)
(0.211576 -0.00196093 0)
(0.212245 -0.00172533 0)
(0.212843 -0.00151174 0)
(0.213374 -0.00131873 0)
(0.213849 -0.00114493 0)
(0.214255 -0.000988925 0)
(0.214617 -0.00084991 0)
(0.214934 -0.000726232 0)
(0.215203 -0.00061737 0)
(0.215436 -0.000521279 0)
(0.215632 -0.000437454 0)
(0.215802 -0.000363585 0)
(0.215932 -0.00029906 0)
(0.216033 -0.000241644 0)
(0.21612 -0.000190497 0)
(0.216177 -0.000143679 0)
(0.216218 -9.98139e-05 0)
(0.21624 -5.71332e-05 0)
(0.216246 -1.34315e-05 0)
(0.21623 3.29536e-05 0)
(0.216195 8.45993e-05 0)
(0.21615 0.000142305 0)
(0.216097 0.000207267 0)
(0.216028 0.000278111 0)
(0.215956 0.000353224 0)
(0.215861 0.000428071 0)
(0.215737 0.00048396 0)
(0.215628 0.00051226 0)
(0.215792 0.000480488 0)
(0.214782 0.000500176 0)
(0.213725 0.000347248 0)
(0.216234 0.000125545 0)
(0.219397 0.000611372 0)
(0.224403 0.00122185 0)
(0.231722 0.0026252 0)
(0.218455 0.00275426 0)
(-0.141509 -0.209125 0)
(-0.383356 -0.394977 0)
(-0.517685 -0.414043 0)
(-0.555373 -0.337939 0)
(-0.677204 -0.264923 0)
(-0.609421 -0.231717 0)
(-0.485302 -0.224337 0)
(-0.48456 -0.238713 0)
(-0.440396 -0.257566 0)
(-0.390172 -0.271257 0)
(-0.332423 -0.27518 0)
(-0.272846 -0.268851 0)
(-0.213362 -0.25365 0)
(-0.15678 -0.231871 0)
(-0.106046 -0.206118 0)
(-0.0624142 -0.178743 0)
(-0.0265002 -0.151645 0)
(0.00189958 -0.12618 0)
(0.023286 -0.103229 0)
(0.038472 -0.0832512 0)
(0.0484001 -0.0663987 0)
(0.0540767 -0.0525881 0)
(0.0564687 -0.0415933 0)
(0.0564414 -0.0330902 0)
(0.0547699 -0.0267247 0)
(0.0521303 -0.0221313 0)
(0.0490127 -0.0189646 0)
(0.0458628 -0.0169132 0)
(0.042973 -0.0157022 0)
(0.0405619 -0.0150996 0)
(0.0387694 -0.0149159 0)
(0.0376639 -0.0149958 0)
(0.0372912 -0.0152218 0)
(0.0376195 -0.0155013 0)
(0.0386229 -0.0157706 0)
(0.0402343 -0.0159814 0)
(0.0424023 -0.0161067 0)
(0.0450138 -0.0161275 0)
(0.0480038 -0.0160395 0)
(0.0512914 -0.0158412 0)
(0.0548019 -0.01554 0)
(0.0584737 -0.0151442 0)
(0.0622189 -0.0146663 0)
(0.0660151 -0.0141182 0)
(0.0697922 -0.0135133 0)
(0.0735251 -0.012864 0)
(0.0771596 -0.0121827 0)
(0.0806787 -0.0114806 0)
(0.0840401 -0.0107682 0)
(0.0872584 -0.0100549 0)
(0.0902854 -0.00934885 0)
(0.0931335 -0.00865685 0)
(0.0957828 -0.0079848 0)
(0.0982488 -0.00733678 0)
(0.100529 -0.0067166 0)
(0.102616 -0.00612622 0)
(0.104527 -0.00556772 0)
(0.106275 -0.00504158 0)
(0.107856 -0.00454865 0)
(0.109278 -0.00408861 0)
(0.110562 -0.00366138 0)
(0.1117 -0.00326632 0)
(0.112711 -0.00290273 0)
(0.1136 -0.00256966 0)
(0.114399 -0.00226574 0)
(0.115099 -0.00198944 0)
(0.115717 -0.00173895 0)
(0.116255 -0.00151252 0)
(0.11674 -0.00130875 0)
(0.117158 -0.00112591 0)
(0.117533 -0.000963138 0)
(0.117851 -0.000818426 0)
(0.118123 -0.00069116 0)
(0.118361 -0.000578897 0)
(0.118548 -0.000480994 0)
(0.118712 -0.000394713 0)
(0.118836 -0.000319274 0)
(0.118933 -0.000252012 0)
(0.119016 -0.000191893 0)
(0.11907 -0.000136555 0)
(0.119094 -8.43829e-05 0)
(0.119101 -3.31955e-05 0)
(0.11909 1.94723e-05 0)
(0.119072 7.56343e-05 0)
(0.119035 0.00013803 0)
(0.118973 0.000207627 0)
(0.118889 0.000285473 0)
(0.118816 0.000369818 0)
(0.118727 0.000457758 0)
(0.118611 0.000542719 0)
(0.118461 0.000603067 0)
(0.118315 0.000626714 0)
(0.118448 0.000572051 0)
(0.117358 0.000535931 0)
(0.116153 0.000276508 0)
(0.118623 -9.90346e-05 0)
(0.121687 -0.000110417 0)
(0.126368 -0.000256762 0)
(0.133014 -0.000315043 0)
(0.11954 0.000423898 0)
(-0.142744 -0.254556 0)
(-0.388384 -0.459443 0)
(-0.527608 -0.469994 0)
(-0.571995 -0.375698 0)
(-0.701089 -0.284986 0)
(-0.637062 -0.242596 0)
(-0.51585 -0.235505 0)
(-0.519296 -0.25329 0)
(-0.478273 -0.276756 0)
(-0.430464 -0.294426 0)
(-0.374565 -0.300837 0)
(-0.316414 -0.295239 0)
(-0.258026 -0.279192 0)
(-0.202346 -0.255367 0)
(-0.152449 -0.226762 0)
(-0.109667 -0.196117 0)
(-0.0746284 -0.16564 0)
(-0.0471795 -0.136932 0)
(-0.0268229 -0.111033 0)
(-0.0127466 -0.0885011 0)
(-0.0039778 -0.0695309 0)
(0.000480582 -0.0540437 0)
(0.00161403 -0.0417834 0)
(0.000333088 -0.0323894 0)
(-0.00255817 -0.0254526 0)
(-0.00641339 -0.0205518 0)
(-0.010666 -0.0172907 0)
(-0.0149093 -0.015305 0)
(-0.0187986 -0.0142797 0)
(-0.0221377 -0.0139406 0)
(-0.0247732 -0.0140689 0)
(-0.0266288 -0.0144833 0)
(-0.0276559 -0.0150466 0)
(-0.0279024 -0.0156508 0)
(-0.0273871 -0.0162218 0)
(-0.0261745 -0.0167041 0)
(-0.0243583 -0.0170664 0)
(-0.0220283 -0.0172876 0)
(-0.0192436 -0.0173632 0)
(-0.0161224 -0.0172926 0)
(-0.0127246 -0.0170857 0)
(-0.00913986 -0.016753 0)
(-0.00541739 -0.0163103 0)
(-0.00165268 -0.0157726 0)
(0.00214767 -0.0151566 0)
(0.00589666 -0.014478 0)
(0.00957367 -0.0137522 0)
(0.0131391 -0.0129934 0)
(0.0165828 -0.0122147 0)
(0.0198538 -0.0114278 0)
(0.0229622 -0.0106432 0)
(0.0258818 -0.00986941 0)
(0.0286089 -0.00911411 0)
(0.0311468 -0.00838254 0)
(0.0334947 -0.00767982 0)
(0.0356467 -0.00700866 0)
(0.0376202 -0.00637205 0)
(0.0394297 -0.0057709 0)
(0.0410575 -0.00520662 0)
(0.0425412 -0.00467907 0)
(0.0438587 -0.00418854 0)
(0.0450316 -0.00373439 0)
(0.0460775 -0.00331607 0)
(0.0470171 -0.00293248 0)
(0.047826 -0.00258225 0)
(0.0485518 -0.00226361 0)
(0.0491965 -0.00197467 0)
(0.0497631 -0.00171342 0)
(0.0502504 -0.00147844 0)
(0.0506855 -0.00126763 0)
(0.0510657 -0.0010801 0)
(0.0513894 -0.000913445 0)
(0.0516682 -0.000766967 0)
(0.0519 -0.000637792 0)
(0.0520971 -0.000525146 0)
(0.0522569 -0.000425836 0)
(0.0523786 -0.000338916 0)
(0.0524737 -0.000261277 0)
(0.0525419 -0.000191679 0)
(0.0525945 -0.000127338 0)
(0.0526046 -6.63894e-05 0)
(0.0526104 -6.23631e-06 0)
(0.0525998 5.58483e-05 0)
(0.0525542 0.00012223 0)
(0.0525027 0.000195816 0)
(0.0524401 0.000277782 0)
(0.052342 0.000369064 0)
(0.0522534 0.000467662 0)
(0.0521486 0.000569583 0)
(0.0520119 0.0006666 0)
(0.0518493 0.000734794 0)
(0.051649 0.00075914 0)
(0.0517556 0.000690833 0)
(0.0505515 0.000613926 0)
(0.0491747 0.000269648 0)
(0.05153 -0.000238819 0)
(0.054322 -0.000685671 0)
(0.058323 -0.00147321 0)
(0.0640006 -0.00277497 0)
(0.0490985 -0.00167181 0)
(-0.143328 -0.299082 0)
(-0.389632 -0.522657 0)
(-0.530363 -0.524236 0)
(-0.578299 -0.411387 0)
(-0.712016 -0.303435 0)
(-0.650396 -0.251935 0)
(-0.530706 -0.245109 0)
(-0.536553 -0.266637 0)
(-0.497154 -0.295035 0)
(-0.450408 -0.316948 0)
(-0.395175 -0.326039 0)
(-0.337441 -0.321304 0)
(-0.279292 -0.304487 0)
(-0.223771 -0.278644 0)
(-0.174022 -0.247191 0)
(-0.131447 -0.213253 0)
(-0.0967 -0.179366 0)
(-0.069644 -0.147375 0)
(-0.0497738 -0.118488 0)
(-0.0362646 -0.0933684 0)
(-0.028151 -0.0722516 0)
(-0.0244207 -0.0550633 0)
(-0.0240494 -0.0415263 0)
(-0.0261326 -0.0312354 0)
(-0.0298349 -0.0237308 0)
(-0.0344958 -0.0185351 0)
(-0.0395389 -0.0151988 0)
(-0.0445379 -0.0133046 0)
(-0.0491469 -0.01249 0)
(-0.0531452 -0.0124472 0)
(-0.0563735 -0.0129206 0)
(-0.058768 -0.0137031 0)
(-0.0602689 -0.0146368 0)
(-0.0609313 -0.0155981 0)
(-0.0607708 -0.0165018 0)
(-0.0598664 -0.0172844 0)
(-0.0582881 -0.0179103 0)
(-0.0561461 -0.0183562 0)
(-0.053509 -0.0186172 0)
(-0.0504929 -0.0186939 0)
(-0.0471576 -0.018598 0)
(-0.0436085 -0.0183431 0)
(-0.0399119 -0.0179478 0)
(-0.0361264 -0.0174308 0)
(-0.0323064 -0.0168122 0)
(-0.0285044 -0.016111 0)
(-0.0247767 -0.0153459 0)
(-0.0211444 -0.0145341 0)
(-0.017641 -0.0136917 0)
(-0.0142864 -0.0128329 0)
(-0.0111086 -0.0119706 0)
(-0.00811745 -0.0111151 0)
(-0.00531445 -0.010276 0)
(-0.00270811 -0.00945987 0)
(-0.000283807 -0.00867324 0)
(0.00194001 -0.00791966 0)
(0.00398188 -0.00720311 0)
(0.00584334 -0.00652499 0)
(0.00752126 -0.00588733 0)
(0.00905374 -0.00529027 0)
(0.0104192 -0.00473444 0)
(0.0116395 -0.00421926 0)
(0.0127188 -0.00374435 0)
(0.013692 -0.00330849 0)
(0.0145349 -0.00291027 0)
(0.0152815 -0.00254769 0)
(0.0159476 -0.00221883 0)
(0.0165225 -0.0019214 0)
(0.0170326 -0.00165395 0)
(0.0174773 -0.00141402 0)
(0.0178678 -0.00120068 0)
(0.0182025 -0.00101113 0)
(0.0184792 -0.000844571 0)
(0.0187236 -0.00069769 0)
(0.01892 -0.000569573 0)
(0.0190799 -0.000456579 0)
(0.0192023 -0.000357591 0)
(0.0192986 -0.000269047 0)
(0.0193684 -0.000189507 0)
(0.0194091 -0.000115743 0)
(0.0194213 -4.56493e-05 0)
(0.0194156 2.38101e-05 0)
(0.0193936 9.56184e-05 0)
(0.0193505 0.000172519 0)
(0.0192877 0.000257609 0)
(0.0192138 0.00035231 0)
(0.0191178 0.000457556 0)
(0.0190032 0.000571194 0)
(0.0188988 0.000688489 0)
(0.0187301 0.000799975 0)
(0.0185422 0.000880358 0)
(0.0183142 0.000912406 0)
(0.0183624 0.00084264 0)
(0.0170635 0.000744425 0)
(0.0155043 0.000346905 0)
(0.0176604 -0.000253588 0)
(0.0201223 -0.00102843 0)
(0.0232537 -0.00229724 0)
(0.0278826 -0.00452509 0)
(0.0108848 -0.00332467 0)
(-0.143375 -0.343511 0)
(-0.387458 -0.585946 0)
(-0.526422 -0.578079 0)
(-0.57495 -0.44614 0)
(-0.710702 -0.321086 0)
(-0.650062 -0.260501 0)
(-0.530654 -0.253911 0)
(-0.537321 -0.279448 0)
(-0.498204 -0.313023 0)
(-0.451342 -0.339362 0)
(-0.395737 -0.351258 0)
(-0.337537 -0.34745 0)
(-0.278863 -0.329885 0)
(-0.222821 -0.302016 0)
(-0.172642 -0.267684 0)
(-0.129732 -0.230415 0)
(-0.0947504 -0.19307 0)
(-0.0675826 -0.157749 0)
(-0.0477041 -0.125831 0)
(-0.0342929 -0.0980773 0)
(-0.0263742 -0.0747769 0)
(-0.0229098 -0.0558584 0)
(-0.0228851 -0.0410211 0)
(-0.0253428 -0.0298185 0)
(-0.029482 -0.0217387 0)
(-0.0345844 -0.016247 0)
(-0.0400885 -0.01284 0)
(-0.0455312 -0.011046 0)
(-0.0505749 -0.0104606 0)
(-0.0549695 -0.0107298 0)
(-0.0585848 -0.0115686 0)
(-0.061307 -0.0127409 0)
(-0.0631265 -0.0140675 0)
(-0.0640408 -0.0154084 0)
(-0.0641086 -0.0166665 0)
(-0.0633852 -0.0177704 0)
(-0.0619612 -0.0186796 0)
(-0.0599285 -0.0193681 0)
(-0.0573671 -0.0198309 0)
(-0.0544066 -0.0200692 0)
(-0.0511084 -0.0200972 0)
(-0.0475527 -0.0199309 0)
(-0.0438381 -0.0195925 0)
(-0.0400148 -0.0191039 0)
(-0.0361575 -0.0184889 0)
(-0.0322988 -0.0177699 0)
(-0.0285037 -0.0169693 0)
(-0.0248022 -0.0161071 0)
(-0.021224 -0.0152029 0)
(-0.0177856 -0.014273 0)
(-0.0145396 -0.0133332 0)
(-0.0114657 -0.0123957 0)
(-0.00859066 -0.011472 0)
(-0.00590737 -0.0105702 0)
(-0.00341341 -0.00969823 0)
(-0.00112584 -0.00886056 0)
(0.000974984 -0.00806221 0)
(0.00290538 -0.00730518 0)
(0.00464911 -0.00659216 0)
(0.00621729 -0.00592359 0)
(0.00763024 -0.00530049 0)
(0.00889659 -0.00472237 0)
(0.0100207 -0.004189 0)
(0.0110103 -0.00369907 0)
(0.0118968 -0.00325119 0)
(0.012673 -0.00284312 0)
(0.0133549 -0.00247293 0)
(0.0139594 -0.00213801 0)
(0.0144853 -0.00183691 0)
(0.0149458 -0.00156681 0)
(0.0153384 -0.00132672 0)
(0.0156893 -0.0011134 0)
(0.0159685 -0.000925976 0)
(0.0162158 -0.000760677 0)
(0.0164155 -0.000616433 0)
(0.0165791 -0.000489161 0)
(0.0167055 -0.000377548 0)
(0.0168062 -0.0002776 0)
(0.0168667 -0.00018764 0)
(0.0169122 -0.000104032 0)
(0.0169155 -2.43847e-05 0)
(0.0169149 5.47346e-05 0)
(0.0168842 0.000136604 0)
(0.0168329 0.000224316 0)
(0.0167757 0.000321204 0)
(0.0166799 0.000428977 0)
(0.0165759 0.000548659 0)
(0.0164666 0.000678127 0)
(0.0163389 0.000812215 0)
(0.0161695 0.000940789 0)
(0.01596 0.00103807 0)
(0.0156938 0.00108563 0)
(0.0156992 0.0010279 0)
(0.0142926 0.000929716 0)
(0.0125555 0.000514947 0)
(0.0145059 -0.000127366 0)
(0.0166031 -0.00110545 0)
(0.0188236 -0.00268818 0)
(0.0224866 -0.00550724 0)
(0.00320774 -0.00444325 0)
(-0.142978 -0.388564 0)
(-0.38224 -0.650559 0)
(-0.516441 -0.632743 0)
(-0.562999 -0.481021 0)
(-0.698497 -0.33867 0)
(-0.637597 -0.268935 0)
(-0.517542 -0.262549 0)
(-0.523832 -0.292297 0)
(-0.483958 -0.331226 0)
(-0.43606 -0.362116 0)
(-0.379327 -0.376864 0)
(-0.320001 -0.374001 0)
(-0.260252 -0.355659 0)
(-0.203248 -0.325723 0)
(-0.152222 -0.288464 0)
(-0.108579 -0.247809 0)
(-0.0730019 -0.206956 0)
(-0.0453368 -0.168253 0)
(-0.0250892 -0.133252 0)
(-0.0114028 -0.102821 0)
(-0.00331955 -0.077294 0)
(0.000247914 -0.0566098 0)
(0.000296058 -0.0404438 0)
(-0.00221628 -0.0283056 0)
(-0.00645168 -0.0196311 0)
(-0.0117006 -0.0138331 0)
(-0.0173587 -0.0103475 0)
(-0.0229785 -0.00865466 0)
(-0.0282125 -0.00829932 0)
(-0.0328178 -0.00888848 0)
(-0.0366045 -0.0101018 0)
(-0.0395124 -0.011675 0)
(-0.0414772 -0.0134069 0)
(-0.0425277 -0.0151405 0)
(-0.0427003 -0.0167667 0)
(-0.0420721 -0.018205 0)
(-0.0407163 -0.0194103 0)
(-0.0387228 -0.0203534 0)
(-0.0361995 -0.0210288 0)
(-0.0332218 -0.0214387 0)
(-0.0299098 -0.0215994 0)
(-0.0263477 -0.0215293 0)
(-0.0225843 -0.0212542 0)
(-0.0187177 -0.0207993 0)
(-0.0147886 -0.0201922 0)
(-0.0108653 -0.0194588 0)
(-0.00700805 -0.018625 0)
(-0.0032289 -0.0177141 0)
(0.000432364 -0.0167489 0)
(0.0039348 -0.0157483 0)
(0.00727001 -0.0147308 0)
(0.0104193 -0.0137105 0)
(0.0133581 -0.0127012 0)
(0.016123 -0.0117124 0)
(0.0186765 -0.0107534 0)
(0.0210305 -0.00982999 0)
(0.023192 -0.00894802 0)
(0.0251783 -0.0081102 0)
(0.0269738 -0.00731991 0)
(0.0285904 -0.00657795 0)
(0.0300627 -0.00588574 0)
(0.0313584 -0.00524291 0)
(0.0325237 -0.00464941 0)
(0.0335529 -0.00410381 0)
(0.034464 -0.00360475 0)
(0.035264 -0.00314973 0)
(0.035969 -0.00273685 0)
(0.0365958 -0.00236318 0)
(0.0371436 -0.00202727 0)
(0.0376117 -0.00172592 0)
(0.0380255 -0.00145809 0)
(0.0383833 -0.00122012 0)
(0.0386834 -0.00101099 0)
(0.0389237 -0.000826521 0)
(0.0391305 -0.000665454 0)
(0.0393013 -0.000523288 0)
(0.039435 -0.000398491 0)
(0.0395293 -0.000286663 0)
(0.0395974 -0.000185869 0)
(0.0396368 -9.20731e-05 0)
(0.0396478 -2.59192e-06 0)
(0.0396413 8.64059e-05 0)
(0.039605 0.000178505 0)
(0.0395622 0.000277147 0)
(0.0394863 0.000385959 0)
(0.0393997 0.000506951 0)
(0.0392914 0.000641399 0)
(0.0391778 0.000787315 0)
(0.039045 0.000939524 0)
(0.03888 0.00108768 0)
(0.0386408 0.00120654 0)
(0.038343 0.00127731 0)
(0.0383268 0.00124495 0)
(0.0368091 0.00116754 0)
(0.0349125 0.000770921 0)
(0.036683 0.00013723 0)
(0.0384319 -0.000924011 0)
(0.0398258 -0.00266985 0)
(0.0426909 -0.00578141 0)
(0.0212877 -0.00502662 0)
(-0.142213 -0.434866 0)
(-0.374291 -0.717613 0)
(-0.501065 -0.689277 0)
(-0.543559 -0.516939 0)
(-0.67691 -0.356771 0)
(-0.614831 -0.277704 0)
(-0.493568 -0.27149 0)
(-0.498672 -0.305588 0)
(-0.457364 -0.350004 0)
(-0.407886 -0.38549 0)
(-0.34954 -0.403103 0)
(-0.288732 -0.401147 0)
(-0.227621 -0.381977 0)
(-0.169412 -0.349913 0)
(-0.117311 -0.309663 0)
(-0.0727468 -0.265567 0)
(-0.0363653 -0.221149 0)
(-0.00800285 -0.179014 0)
(0.0128485 -0.140885 0)
(0.0270435 -0.107734 0)
(0.0355635 -0.079942 0)
(0.0394836 -0.0574554 0)
(0.0398005 -0.0399266 0)
(0.0375048 -0.0268249 0)
(0.0334172 -0.0175348 0)
(0.0282815 -0.0114099 0)
(0.0226779 -0.00783322 0)
(0.017083 -0.00623109 0)
(0.0118434 -0.00609978 0)
(0.00722755 -0.00700595 0)
(0.00340765 -0.00859282 0)
(0.000465984 -0.0105692 0)
(-0.00154023 -0.0127113 0)
(-0.00262097 -0.0148433 0)
(-0.0028092 -0.0168437 0)
(-0.00219411 -0.0186236 0)
(-0.000834781 -0.0201318 0)
(0.00116389 -0.0213365 0)
(0.00370527 -0.0222312 0)
(0.00669652 -0.0228188 0)
(0.0100404 -0.0231174 0)
(0.0136608 -0.0231484 0)
(0.0174744 -0.0229405 0)
(0.0214034 -0.0225226 0)
(0.0253851 -0.021926 0)
(0.0293835 -0.0211801 0)
(0.0333152 -0.0203145 0)
(0.0371715 -0.0193558 0)
(0.0409022 -0.0183298 0)
(0.0444692 -0.0172584 0)
(0.0478806 -0.0161626 0)
(0.0510921 -0.0150588 0)
(0.0541088 -0.0139628 0)
(0.0569276 -0.0128856 0)
(0.059554 -0.0118383 0)
(0.0619734 -0.0108274 0)
(0.064194 -0.00986008 0)
(0.0662201 -0.00893973 0)
(0.0680645 -0.00807039 0)
(0.0697398 -0.0072533 0)
(0.0712396 -0.00649025 0)
(0.0725874 -0.00578106 0)
(0.0737746 -0.00512578 0)
(0.0748374 -0.00452299 0)
(0.0757805 -0.00397128 0)
(0.076611 -0.00346799 0)
(0.0773453 -0.00301118 0)
(0.0779865 -0.00259767 0)
(0.0785478 -0.00222593 0)
(0.0790423 -0.00189244 0)
(0.0794678 -0.00159601 0)
(0.079823 -0.00133263 0)
(0.0801339 -0.00110112 0)
(0.0803986 -0.000896849 0)
(0.0806156 -0.000718373 0)
(0.0807829 -0.000560793 0)
(0.080913 -0.000422326 0)
(0.0810175 -0.000298195 0)
(0.081082 -0.000186172 0)
(0.0811177 -8.18684e-05 0)
(0.0811391 1.77386e-05 0)
(0.0811294 0.000116821 0)
(0.0811041 0.000219305 0)
(0.0810452 0.000328952 0)
(0.0809815 0.000449727 0)
(0.080894 0.000583979 0)
(0.0807994 0.000733327 0)
(0.0806722 0.00089611 0)
(0.0805534 0.00106743 0)
(0.0803712 0.0012373 0)
(0.0801373 0.00138176 0)
(0.0798176 0.00148264 0)
(0.0797639 0.00148742 0)
(0.0781806 0.00144903 0)
(0.0761537 0.00110163 0)
(0.0777538 0.000520769 0)
(0.0792462 -0.000521545 0)
(0.0799271 -0.00230801 0)
(0.0822443 -0.00547567 0)
(0.059069 -0.00513427 0)
(-0.14115 -0.482959 0)
(-0.363862 -0.788106 0)
(-0.480856 -0.748558 0)
(-0.51765 -0.554626 0)
(-0.647358 -0.375798 0)
(-0.583545 -0.2871 0)
(-0.460885 -0.281032 0)
(-0.464363 -0.319579 0)
(-0.421276 -0.369546 0)
(-0.369954 -0.409661 0)
(-0.309845 -0.430096 0)
(-0.247443 -0.428972 0)
(-0.18494 -0.408898 0)
(-0.125515 -0.374639 0)
(-0.0723537 -0.331329 0)
(-0.026851 -0.283734 0)
(0.010376 -0.235709 0)
(0.0395073 -0.190101 0)
(0.06106 -0.148806 0)
(0.0758886 -0.112898 0)
(0.0849799 -0.0828089 0)
(0.0894019 -0.0584873 0)
(0.0901685 -0.0395669 0)
(0.0882483 -0.0254737 0)
(0.0844879 -0.0155396 0)
(0.0796253 -0.00906734 0)
(0.0742457 -0.00537872 0)
(0.0688156 -0.00384975 0)
(0.063726 -0.0039302 0)
(0.0592198 -0.00514455 0)
(0.0554844 -0.00709898 0)
(0.0526169 -0.00947472 0)
(0.0506745 -0.0120237 0)
(0.0496327 -0.0145535 0)
(0.0494846 -0.0169289 0)
(0.0501385 -0.0190517 0)
(0.0515317 -0.020865 0)
(0.0535688 -0.0223337 0)
(0.0561618 -0.0234504 0)
(0.059198 -0.0242185 0)
(0.0626009 -0.0246578 0)
(0.0662593 -0.0247921 0)
(0.0701372 -0.0246536 0)
(0.0741204 -0.0242744 0)
(0.0781644 -0.0236896 0)
(0.0822098 -0.0229321 0)
(0.0862178 -0.0220353 0)
(0.0901278 -0.0210289 0)
(0.0939199 -0.0199421 0)
(0.0975585 -0.0187995 0)
(0.101026 -0.0176248 0)
(0.104308 -0.0164366 0)
(0.107384 -0.0152528 0)
(0.110265 -0.014086 0)
(0.112932 -0.0129488 0)
(0.115398 -0.0118491 0)
(0.117673 -0.010795 0)
(0.119747 -0.00979062 0)
(0.121648 -0.00884076 0)
(0.123349 -0.00794708 0)
(0.124897 -0.00711178 0)
(0.126276 -0.00633483 0)
(0.127506 -0.00561649 0)
(0.128595 -0.00495522 0)
(0.129562 -0.00434966 0)
(0.130414 -0.00379695 0)
(0.131155 -0.00329513 0)
(0.131829 -0.00284075 0)
(0.132408 -0.00243223 0)
(0.132919 -0.00206573 0)
(0.133347 -0.00173992 0)
(0.13373 -0.0014504 0)
(0.134041 -0.00119581 0)
(0.13432 -0.000971105 0)
(0.134536 -0.000774659 0)
(0.134716 -0.00060116 0)
(0.134845 -0.000448586 0)
(0.134949 -0.000311787 0)
(0.135026 -0.000188245 0)
(0.135075 -7.32175e-05 0)
(0.135095 3.66477e-05 0)
(0.135085 0.000145861 0)
(0.135059 0.000258694 0)
(0.135015 0.000379218 0)
(0.134952 0.000511784 0)
(0.134868 0.000659074 0)
(0.134763 0.000823206 0)
(0.134654 0.0010029 0)
(0.134541 0.00119394 0)
(0.134362 0.001387 0)
(0.134129 0.00156023 0)
(0.133799 0.00169663 0)
(0.133737 0.00174797 0)
(0.132097 0.001763 0)
(0.129977 0.00148924 0)
(0.131487 0.00099528 0)
(0.132779 4.92003e-05 0)
(0.132938 -0.001687 0)
(0.134918 -0.00474318 0)
(0.110408 -0.00485699 0)
(-0.139858 -0.53332 0)
(-0.351133 -0.862925 0)
(-0.45625 -0.811283 0)
(-0.486136 -0.594629 0)
(-0.611042 -0.395992 0)
(-0.5453 -0.297254 0)
(-0.42135 -0.2913 0)
(-0.423077 -0.334373 0)
(-0.378154 -0.389931 0)
(-0.324987 -0.434643 0)
(-0.26323 -0.45783 0)
(-0.199373 -0.457443 0)
(-0.135664 -0.436385 0)
(-0.0751925 -0.399847 0)
(-0.0211506 -0.353429 0)
(0.0251559 -0.302298 0)
(0.0631081 -0.250618 0)
(0.092929 -0.201515 0)
(0.115148 -0.157032 0)
(0.130617 -0.118347 0)
(0.140306 -0.0859366 0)
(0.145294 -0.0597571 0)
(0.1466 -0.0394187 0)
(0.145169 -0.0243083 0)
(0.141835 -0.0137082 0)
(0.137343 -0.00686325 0)
(0.1323 -0.00304301 0)
(0.127149 -0.00156844 0)
(0.122302 -0.00184288 0)
(0.117994 -0.00334967 0)
(0.114433 -0.0056609 0)
(0.111696 -0.0084257 0)
(0.109873 -0.0113742 0)
(0.108935 -0.0142965 0)
(0.108867 -0.0170431 0)
(0.109598 -0.019506 0)
(0.111044 -0.0216231 0)
(0.113145 -0.0233551 0)
(0.115788 -0.0246937 0)
(0.118882 -0.0256423 0)
(0.122326 -0.0262226 0)
(0.126042 -0.0264608 0)
(0.129956 -0.0263922 0)
(0.134 -0.0260522 0)
(0.138091 -0.0254797 0)
(0.1422 -0.0247109 0)
(0.146249 -0.0237829 0)
(0.150208 -0.0227287 0)
(0.154046 -0.0215809 0)
(0.157742 -0.0203666 0)
(0.161254 -0.0191125 0)
(0.164582 -0.0178392 0)
(0.167692 -0.0165667 0)
(0.170613 -0.0153095 0)
(0.173339 -0.0140815 0)
(0.175843 -0.0128918 0)
(0.178149 -0.0117497 0)
(0.180277 -0.0106602 0)
(0.182199 -0.00962856 0)
(0.183943 -0.0086571 0)
(0.185518 -0.00774835 0)
(0.186919 -0.00690252 0)
(0.188168 -0.00611998 0)
(0.189288 -0.00539919 0)
(0.190283 -0.00473878 0)
(0.191148 -0.00413571 0)
(0.191927 -0.00358804 0)
(0.19261 -0.00309203 0)
(0.193197 -0.00264606 0)
(0.193727 -0.0022459 0)
(0.194173 -0.00189013 0)
(0.194561 -0.00157394 0)
(0.194888 -0.00129579 0)
(0.195155 -0.00105023 0)
(0.195387 -0.000835386 0)
(0.195568 -0.000645602 0)
(0.195712 -0.000478585 0)
(0.195831 -0.000328839 0)
(0.195909 -0.000193538 0)
(0.195958 -6.762e-05 0)
(0.19598 5.26077e-05 0)
(0.195971 0.000171956 0)
(0.195948 0.000295045 0)
(0.195907 0.00042624 0)
(0.195849 0.000570274 0)
(0.195784 0.000730216 0)
(0.195687 0.000908702 0)
(0.195588 0.00110503 0)
(0.195486 0.00131577 0)
(0.195318 0.00153274 0)
(0.195094 0.00173659 0)
(0.194767 0.00191212 0)
(0.194713 0.00201634 0)
(0.193044 0.00209459 0)
(0.19087 0.00191099 0)
(0.19234 0.00152602 0)
(0.193534 0.000727367 0)
(0.193371 -0.000897464 0)
(0.195204 -0.00373783 0)
(0.169814 -0.00429779 0)
(-0.138416 -0.586383 0)
(-0.336245 -0.942882 0)
(-0.427596 -0.878002 0)
(-0.449727 -0.637333 0)
(-0.568931 -0.417451 0)
(-0.50138 -0.308173 0)
(-0.376512 -0.302341 0)
(-0.376527 -0.349959 0)
(-0.329927 -0.411117 0)
(-0.275175 -0.460355 0)
(-0.212039 -0.486193 0)
(-0.147079 -0.486457 0)
(-0.0824976 -0.464316 0)
(-0.0213678 -0.425419 0)
(0.0332366 -0.375843 0)
(0.0800597 -0.321142 0)
(0.11851 -0.265815 0)
(0.148843 -0.213204 0)
(0.1716 -0.165537 0)
(0.18762 -0.124069 0)
(0.197875 -0.0893283 0)
(0.203428 -0.061279 0)
(0.205273 -0.0395072 0)
(0.20435 -0.0233615 0)
(0.201503 -0.012075 0)
(0.197445 -0.00483598 0)
(0.192777 -0.000861542 0)
(0.187992 0.000578256 0)
(0.183427 0.000129059 0)
(0.179383 -0.00165315 0)
(0.176025 -0.00430525 0)
(0.173483 -0.00744605 0)
(0.171807 -0.0107833 0)
(0.170996 -0.0140884 0)
(0.171037 -0.0171984 0)
(0.171848 -0.0199957 0)
(0.173388 -0.0224117 0)
(0.175542 -0.0244035 0)
(0.178232 -0.0259613 0)
(0.181366 -0.0270886 0)
(0.184861 -0.0278089 0)
(0.188613 -0.0281501 0)
(0.192566 -0.0281508 0)
(0.196638 -0.0278497 0)
(0.200764 -0.0272891 0)
(0.204888 -0.0265088 0)
(0.208977 -0.0255495 0)
(0.212974 -0.0244474 0)
(0.216848 -0.0232383 0)
(0.220555 -0.0219523 0)
(0.224106 -0.0206183 0)
(0.227449 -0.0192594 0)
(0.230608 -0.0178978 0)
(0.233555 -0.0165495 0)
(0.236299 -0.01523 0)
(0.238842 -0.0139497 0)
(0.241168 -0.0127189 0)
(0.243311 -0.0115434 0)
(0.24527 -0.0104293 0)
(0.247034 -0.00937935 0)
(0.248624 -0.00839644 0)
(0.250065 -0.00748102 0)
(0.251336 -0.00663358 0)
(0.252462 -0.00585255 0)
(0.253475 -0.00513661 0)
(0.254369 -0.00448251 0)
(0.255147 -0.00388834 0)
(0.255842 -0.0033501 0)
(0.256452 -0.00286611 0)
(0.256991 -0.00243178 0)
(0.257443 -0.00204557 0)
(0.25785 -0.00170224 0)
(0.258183 -0.0014001 0)
(0.258467 -0.00113329 0)
(0.258703 -0.000899711 0)
(0.258888 -0.000693341 0)
(0.259035 -0.000511644 0)
(0.259156 -0.000348763 0)
(0.259237 -0.000201604 0)
(0.259289 -6.47595e-05 0)
(0.259314 6.57589e-05 0)
(0.259323 0.000195076 0)
(0.259304 0.000328122 0)
(0.259268 0.000469552 0)
(0.259218 0.000624505 0)
(0.259162 0.000796391 0)
(0.259077 0.000988494 0)
(0.259006 0.00120066 0)
(0.258907 0.00143057 0)
(0.25877 0.00167122 0)
(0.258565 0.00190628 0)
(0.25824 0.00212249 0)
(0.258227 0.00228276 0)
(0.256555 0.00242922 0)
(0.254369 0.00234444 0)
(0.255862 0.00207861 0)
(0.257047 0.00145386 0)
(0.256725 -2.38162e-05 0)
(0.258594 -0.00259599 0)
(0.232713 -0.00355606 0)
(-0.13691 -0.642552 0)
(-0.319289 -1.02872 0)
(-0.395143 -0.94913 0)
(-0.409015 -0.682973 0)
(-0.521805 -0.440143 0)
(-0.452883 -0.319777 0)
(-0.327573 -0.31408 0)
(-0.326065 -0.366258 0)
(-0.278083 -0.432973 0)
(-0.222116 -0.486645 0)
(-0.158078 -0.515018 0)
(-0.0924943 -0.515796 0)
(-0.0275398 -0.492477 0)
(0.0337902 -0.451186 0)
(0.0885238 -0.39843 0)
(0.135473 -0.340161 0)
(0.174106 -0.28119 0)
(0.204694 -0.225099 0)
(0.227764 -0.174251 0)
(0.24419 -0.130016 0)
(0.254889 -0.0929574 0)
(0.260933 -0.0630398 0)
(0.263264 -0.0398302 0)
(0.262842 -0.0226399 0)
(0.260466 -0.0106505 0)
(0.256872 -0.00299965 0)
(0.252614 0.00114774 0)
(0.248195 0.00257385 0)
(0.243964 0.00196796 0)
(0.240196 -7.08365e-05 0)
(0.237085 -0.00304538 0)
(0.234752 -0.00654729 0)
(0.233242 -0.0102601 0)
(0.232561 -0.0139357 0)
(0.232708 -0.0173996 0)
(0.233609 -0.0205229 0)
(0.23521 -0.0232309 0)
(0.237423 -0.0254771 0)
(0.240168 -0.0272498 0)
(0.243326 -0.0285526 0)
(0.246841 -0.02941 0)
(0.250612 -0.0298525 0)
(0.25458 -0.0299213 0)
(0.258654 -0.0296581 0)
(0.262794 -0.0291088 0)
(0.266934 -0.0283167 0)
(0.271026 -0.0273259 0)
(0.275028 -0.026176 0)
(0.278911 -0.0249057 0)
(0.28263 -0.0235477 0)
(0.286185 -0.0221339 0)
(0.289551 -0.0206896 0)
(0.292711 -0.0192388 0)
(0.295666 -0.0177993 0)
(0.298427 -0.0163882 0)
(0.300981 -0.0150171 0)
(0.303326 -0.0136973 0)
(0.305483 -0.0124356 0)
(0.307453 -0.0112387 0)
(0.309223 -0.0101099 0)
(0.31083 -0.00905243 0)
(0.31227 -0.00806701 0)
(0.313566 -0.00715429 0)
(0.314713 -0.00631264 0)
(0.315731 -0.0055408 0)
(0.316629 -0.00483532 0)
(0.317423 -0.00419438 0)
(0.31813 -0.00361362 0)
(0.318752 -0.0030914 0)
(0.319287 -0.00262265 0)
(0.319762 -0.00220582 0)
(0.320162 -0.00183517 0)
(0.320501 -0.00150886 0)
(0.320792 -0.00122059 0)
(0.321032 -0.000968143 0)
(0.321236 -0.000745023 0)
(0.321387 -0.000548537 0)
(0.321512 -0.000372415 0)
(0.321597 -0.000213372 0)
(0.321654 -6.56158e-05 0)
(0.321683 7.5061e-05 0)
(0.321697 0.00021412 0)
(0.321699 0.000356722 0)
(0.321671 0.000507852 0)
(0.32163 0.000672958 0)
(0.321573 0.000855886 0)
(0.321516 0.00106048 0)
(0.32145 0.0012873 0)
(0.321386 0.00153509 0)
(0.321261 0.00179833 0)
(0.321085 0.00206367 0)
(0.320803 0.00232006 0)
(0.320832 0.00253624 0)
(0.319185 0.00275117 0)
(0.317024 0.00276641 0)
(0.318601 0.00261889 0)
(0.319858 0.00217323 0)
(0.319532 0.000858169 0)
(0.321571 -0.00143167 0)
(0.295529 -0.00272081 0)
(-0.135422 -0.702249 0)
(-0.300321 -1.12116 0)
(-0.35908 -1.02496 0)
(-0.364537 -0.731647 0)
(-0.470338 -0.463951 0)
(-0.400735 -0.331944 0)
(-0.275565 -0.32643 0)
(-0.272744 -0.383121 0)
(-0.223768 -0.455309 0)
(-0.167068 -0.5133 0)
(-0.102663 -0.544057 0)
(-0.037035 -0.545229 0)
(0.0277078 -0.520663 0)
(0.0886646 -0.476911 0)
(0.143016 -0.420977 0)
(0.189646 -0.359153 0)
(0.228076 -0.296588 0)
(0.258581 -0.237049 0)
(0.281715 -0.183079 0)
(0.298329 -0.136119 0)
(0.309321 -0.0967693 0)
(0.315718 -0.0650019 0)
(0.318475 -0.0403649 0)
(0.318484 -0.0221291 0)
(0.316556 -0.00943032 0)
(0.313394 -0.00135709 0)
(0.309548 0.00297951 0)
(0.305491 0.00440947 0)
(0.301588 0.00366524 0)
(0.298116 0.00138982 0)
(0.29525 -0.00189033 0)
(0.293125 -0.00573583 0)
(0.291784 -0.00980784 0)
(0.291236 -0.0138402 0)
(0.291497 -0.0176455 0)
(0.292475 -0.0210845 0)
(0.294135 -0.0240762 0)
(0.296386 -0.0265696 0)
(0.299142 -0.0285516 0)
(0.302312 -0.0300254 0)
(0.305822 -0.0310166 0)
(0.309598 -0.0315579 0)
(0.313539 -0.0316927 0)
(0.317607 -0.0314663 0)
(0.321736 -0.0309276 0)
(0.325844 -0.0301234 0)
(0.329925 -0.029101 0)
(0.333909 -0.0279033 0)
(0.337767 -0.026572 0)
(0.341483 -0.0251428 0)
(0.345015 -0.0236497 0)
(0.348366 -0.0221204 0)
(0.351519 -0.0205807 0)
(0.354463 -0.0190506 0)
(0.357221 -0.0175482 0)
(0.359768 -0.0160867 0)
(0.362116 -0.0146782 0)
(0.364272 -0.0133307 0)
(0.366238 -0.0120511 0)
(0.368013 -0.0108438 0)
(0.369623 -0.00971187 0)
(0.371063 -0.00865666 0)
(0.372356 -0.00767868 0)
(0.373511 -0.00677648 0)
(0.374535 -0.00594868 0)
(0.375437 -0.00519187 0)
(0.376247 -0.00450403 0)
(0.376955 -0.00388079 0)
(0.377575 -0.00332016 0)
(0.378121 -0.00281704 0)
(0.378592 -0.0023694 0)
(0.379001 -0.0019714 0)
(0.379348 -0.00162077 0)
(0.379645 -0.00131105 0)
(0.379891 -0.00103958 0)
(0.380101 -0.000799732 0)
(0.380257 -0.00058838 0)
(0.380374 -0.000399116 0)
(0.380479 -0.000228249 0)
(0.380541 -6.98083e-05 0)
(0.380576 8.07635e-05 0)
(0.380598 0.000229105 0)
(0.380593 0.000380707 0)
(0.380589 0.000540715 0)
(0.38056 0.000715034 0)
(0.380517 0.000907712 0)
(0.380479 0.00112341 0)
(0.380434 0.00136313 0)
(0.380397 0.00162708 0)
(0.380317 0.00191073 0)
(0.380177 0.00220434 0)
(0.379937 0.00249833 0)
(0.380012 0.00276768 0)
(0.378414 0.00304695 0)
(0.376326 0.00315743 0)
(0.378026 0.00311847 0)
(0.379437 0.0028397 0)
(0.379221 0.00168779 0)
(0.381538 -0.000329983 0)
(0.355571 -0.00186274 0)
(-0.13397 -0.765965 0)
(-0.279269 -1.22088 0)
(-0.31949 -1.10561 0)
(-0.316819 -0.78329 0)
(-0.415227 -0.488706 0)
(-0.345868 -0.34453 0)
(-0.221434 -0.339281 0)
(-0.217487 -0.400412 0)
(-0.167924 -0.477957 0)
(-0.111013 -0.540082 0)
(-0.0468357 -0.573051 0)
(0.0181974 -0.574491 0)
(0.0820757 -0.54858 0)
(0.142056 -0.50237 0)
(0.195463 -0.443257 0)
(0.241268 -0.377942 0)
(0.279059 -0.311853 0)
(0.309134 -0.248949 0)
(0.332029 -0.191917 0)
(0.348576 -0.142288 0)
(0.359681 -0.100698 0)
(0.366302 -0.067118 0)
(0.36935 -0.0410753 0)
(0.369731 -0.0218048 0)
(0.368182 -0.00840038 0)
(0.365401 0.000102317 0)
(0.361934 0.00463861 0)
(0.358227 0.0060886 0)
(0.354648 0.00522526 0)
(0.351457 0.00272918 0)
(0.348829 -0.000836661 0)
(0.346901 -0.00500824 0)
(0.345709 -0.0094235 0)
(0.3453 -0.0137989 0)
(0.345636 -0.0179312 0)
(0.346681 -0.0216746 0)
(0.348376 -0.0249398 0)
(0.350649 -0.0276724 0)
(0.353395 -0.0298569 0)
(0.356557 -0.0314965 0)
(0.360045 -0.0326173 0)
(0.36378 -0.0332543 0)
(0.367685 -0.0334532 0)
(0.371708 -0.0332622 0)
(0.37578 -0.0327333 0)
(0.379845 -0.0319168 0)
(0.383869 -0.030863 0)
(0.387808 -0.0296183 0)
(0.391634 -0.0282266 0)
(0.3953 -0.0267271 0)
(0.398793 -0.0251556 0)
(0.402102 -0.0235426 0)
(0.405224 -0.0219151 0)
(0.408148 -0.0202954 0)
(0.410869 -0.0187026 0)
(0.413404 -0.0171517 0)
(0.415722 -0.0156554 0)
(0.41786 -0.0142229 0)
(0.419818 -0.0128613 0)
(0.421584 -0.011576 0)
(0.423195 -0.0103703 0)
(0.42462 -0.00924578 0)
(0.425909 -0.00820304 0)
(0.427058 -0.00724067 0)
(0.428075 -0.00635736 0)
(0.428981 -0.00554955 0)
(0.429794 -0.00481524 0)
(0.430503 -0.00414977 0)
(0.431122 -0.00355114 0)
(0.431666 -0.00301383 0)
(0.432147 -0.00253571 0)
(0.432551 -0.0021105 0)
(0.432906 -0.00173576 0)
(0.433211 -0.00140464 0)
(0.43345 -0.00111433 0)
(0.433652 -0.000857762 0)
(0.433829 -0.000631727 0)
(0.433953 -0.000429368 0)
(0.434049 -0.00024691 0)
(0.434118 -7.79642e-05 0)
(0.434175 8.20881e-05 0)
(0.434191 0.000239256 0)
(0.434209 0.0003991 0)
(0.434203 0.000567094 0)
(0.434187 0.000749374 0)
(0.434175 0.000950342 0)
(0.434157 0.0011753 0)
(0.434137 0.00142582 0)
(0.434131 0.00170341 0)
(0.434074 0.00200467 0)
(0.433979 0.00232309 0)
(0.43379 0.00265063 0)
(0.433952 0.00296771 0)
(0.432425 0.00330367 0)
(0.430409 0.00349961 0)
(0.432304 0.00355298 0)
(0.433911 0.00341623 0)
(0.433914 0.00241739 0)
(0.436552 0.000651307 0)
(0.410828 -0.00103343 0)
(-0.132402 -0.834281 0)
(-0.255802 -1.32841 0)
(-0.276284 -1.19095 0)
(-0.266431 -0.837602 0)
(-0.357243 -0.514093 0)
(-0.289372 -0.357377 0)
(-0.166239 -0.352491 0)
(-0.161256 -0.417953 0)
(-0.111509 -0.500684 0)
(-0.0548965 -0.566739 0)
(0.0084089 -0.601716 0)
(0.0721827 -0.603282 0)
(0.134535 -0.575951 0)
(0.192907 -0.527264 0)
(0.244793 -0.465044 0)
(0.289257 -0.396324 0)
(0.325952 -0.32679 0)
(0.355215 -0.260632 0)
(0.377566 -0.200635 0)
(0.393808 -0.148428 0)
(0.40479 -0.104664 0)
(0.411466 -0.0693235 0)
(0.414698 -0.0419125 0)
(0.415333 -0.0216332 0)
(0.414103 -0.00753315 0)
(0.411657 0.00139817 0)
(0.408526 0.00614018 0)
(0.405131 0.00762056 0)
(0.401848 0.00665266 0)
(0.398909 0.00395598 0)
(0.396508 0.000120274 0)
(0.394748 -0.00435866 0)
(0.393711 -0.00909944 0)
(0.393405 -0.0138019 0)
(0.393813 -0.0182481 0)
(0.394898 -0.0222831 0)
(0.3966 -0.0258111 0)
(0.398863 -0.0287739 0)
(0.401586 -0.0311535 0)
(0.40469 -0.0329531 0)
(0.408121 -0.034199 0)
(0.411792 -0.0349284 0)
(0.415624 -0.035189 0)
(0.419573 -0.0350321 0)
(0.423567 -0.0345123 0)
(0.427562 -0.0336837 0)
(0.431507 -0.0325989 0)
(0.435372 -0.0313081 0)
(0.439112 -0.0298571 0)
(0.442707 -0.0282889 0)
(0.446144 -0.0266404 0)
(0.449397 -0.0249453 0)
(0.452462 -0.0232315 0)
(0.455341 -0.0215241 0)
(0.458017 -0.0198424 0)
(0.460504 -0.018204 0)
(0.462788 -0.0166212 0)
(0.464904 -0.0151051 0)
(0.466823 -0.013663 0)
(0.468576 -0.0123012 0)
(0.470144 -0.0110227 0)
(0.471566 -0.00983012 0)
(0.472836 -0.00872349 0)
(0.473979 -0.00770197 0)
(0.474988 -0.00676381 0)
(0.475884 -0.00590581 0)
(0.476685 -0.00512554 0)
(0.477394 -0.00441854 0)
(0.478013 -0.00378225 0)
(0.478555 -0.00321131 0)
(0.479032 -0.00270292 0)
(0.479432 -0.00225095 0)
(0.479782 -0.00185223 0)
(0.48008 -0.00150011 0)
(0.480328 -0.00119103 0)
(0.480537 -0.000918163 0)
(0.480707 -0.000677551 0)
(0.480838 -0.000462508 0)
(0.480941 -0.00026869 0)
(0.481018 -8.97664e-05 0)
(0.481083 7.93246e-05 0)
(0.481107 0.000244532 0)
(0.481137 0.000411812 0)
(0.481143 0.000586574 0)
(0.481142 0.000775486 0)
(0.481148 0.000982903 0)
(0.481152 0.00121513 0)
(0.481161 0.00147385 0)
(0.481189 0.00176234 0)
(0.481173 0.00207751 0)
(0.481128 0.0024167 0)
(0.481001 0.0027721 0)
(0.481246 0.0031301 0)
(0.479806 0.00351181 0)
(0.477913 0.00378045 0)
(0.480005 0.00390603 0)
(0.481849 0.00387823 0)
(0.482138 0.00301546 0)
(0.485116 0.00148313 0)
(0.459721 -0.000262271 0)
(-0.130226 -0.907538 0)
(-0.229019 -1.44377 0)
(-0.229011 -1.28026 0)
(-0.213937 -0.893858 0)
(-0.297403 -0.539695 0)
(-0.232554 -0.370232 0)
(-0.111259 -0.365942 0)
(-0.105257 -0.435599 0)
(-0.0556733 -0.523288 0)
(0.000113346 -0.593002 0)
(0.061949 -0.629764 0)
(0.123829 -0.631277 0)
(0.183984 -0.602494 0)
(0.240104 -0.551345 0)
(0.28988 -0.486065 0)
(0.332498 -0.414056 0)
(0.367665 -0.341217 0)
(0.395727 -0.271924 0)
(0.417209 -0.209105 0)
(0.432874 -0.154425 0)
(0.443547 -0.108574 0)
(0.450113 -0.0715498 0)
(0.453395 -0.0428249 0)
(0.454177 -0.0215686 0)
(0.453183 -0.00679474 0)
(0.451004 0.0025542 0)
(0.448154 0.00750457 0)
(0.445059 0.00902286 0)
(0.44204 0.00796236 0)
(0.439331 0.00507785 0)
(0.437123 0.000991577 0)
(0.435524 -0.0037783 0)
(0.434608 -0.00882711 0)
(0.434383 -0.0138392 0)
(0.434835 -0.0185856 0)
(0.435933 -0.0228989 0)
(0.437627 -0.0266782 0)
(0.439848 -0.0298619 0)
(0.442507 -0.0324284 0)
(0.445544 -0.0343819 0)
(0.448893 -0.0357481 0)
(0.452464 -0.0365667 0)
(0.456195 -0.0368865 0)
(0.460026 -0.0367627 0)
(0.463906 -0.0362515 0)
(0.467803 -0.0354113 0)
(0.471634 -0.0342962 0)
(0.475393 -0.0329608 0)
(0.479049 -0.0314523 0)
(0.482551 -0.0298174 0)
(0.485898 -0.0280937 0)
(0.489065 -0.026319 0)
(0.492046 -0.024521 0)
(0.494856 -0.0227283 0)
(0.497463 -0.02096 0)
(0.499896 -0.0192361 0)
(0.502124 -0.0175688 0)
(0.504184 -0.0159714 0)
(0.506074 -0.0144506 0)
(0.507783 -0.013014 0)
(0.509332 -0.0116645 0)
(0.510722 -0.0104052 0)
(0.511971 -0.00923617 0)
(0.513078 -0.00815681 0)
(0.514078 -0.00716508 0)
(0.514963 -0.00625801 0)
(0.515738 -0.00543284 0)
(0.516434 -0.00468521 0)
(0.517052 -0.00401212 0)
(0.517591 -0.00340823 0)
(0.518052 -0.00287023 0)
(0.518461 -0.00239199 0)
(0.518805 -0.0019698 0)
(0.519098 -0.00159704 0)
(0.519354 -0.0012696 0)
(0.519557 -0.000980707 0)
(0.519734 -0.000725863 0)
(0.519872 -0.0004985 0)
(0.51997 -0.000293682 0)
(0.520055 -0.000105321 0)
(0.520114 7.22797e-05 0)
(0.520163 0.000244582 0)
(0.52019 0.000418414 0)
(0.520209 0.000598357 0)
(0.520238 0.000792441 0)
(0.52025 0.00100392 0)
(0.520278 0.00124119 0)
(0.520316 0.00150488 0)
(0.520381 0.00180104 0)
(0.520424 0.00212583 0)
(0.520435 0.00248085 0)
(0.520375 0.00285768 0)
(0.520712 0.00324844 0)
(0.519373 0.00366307 0)
(0.517589 0.0039896 0)
(0.519922 0.00416619 0)
(0.522015 0.00421114 0)
(0.522644 0.00346294 0)
(0.52595 0.00215981 0)
(0.500851 0.000437802 0)
(-0.126537 -0.984859 0)
(-0.197136 -1.56573 0)
(-0.176671 -1.37186 0)
(-0.159905 -0.950664 0)
(-0.236892 -0.564773 0)
(-0.177026 -0.382767 0)
(-0.0580683 -0.379433 0)
(-0.0509332 -0.453131 0)
(-0.00183357 -0.545519 0)
(0.0526797 -0.618563 0)
(0.112462 -0.656844 0)
(0.171794 -0.658176 0)
(0.229135 -0.627845 0)
(0.2824 -0.574288 0)
(0.329504 -0.506072 0)
(0.369786 -0.430905 0)
(0.402994 -0.354925 0)
(0.429494 -0.282676 0)
(0.449813 -0.217174 0)
(0.464658 -0.160152 0)
(0.474804 -0.112343 0)
(0.481087 -0.0737151 0)
(0.484285 -0.0437422 0)
(0.48513 -0.0215613 0)
(0.484284 -0.00614365 0)
(0.482316 0.00360798 0)
(0.479701 0.00875851 0)
(0.476847 0.0103174 0)
(0.474061 0.00917302 0)
(0.471561 0.00611561 0)
(0.46954 0.00179348 0)
(0.468075 -0.00325043 0)
(0.467254 -0.00859175 0)
(0.467082 -0.0138975 0)
(0.467568 -0.0189279 0)
(0.468657 -0.0235067 0)
(0.470319 -0.0275258 0)
(0.472466 -0.0309201 0)
(0.475051 -0.0336659 0)
(0.477984 -0.0357667 0)
(0.481204 -0.0372485 0)
(0.48465 -0.0381528 0)
(0.488242 -0.03853 0)
(0.491938 -0.0384381 0)
(0.495696 -0.0379357 0)
(0.499438 -0.0370843 0)
(0.503146 -0.0359406 0)
(0.506769 -0.0345622 0)
(0.510285 -0.0329984 0)
(0.513672 -0.031299 0)
(0.516897 -0.0295032 0)
(0.519961 -0.0276512 0)
(0.522858 -0.0257722 0)
(0.52556 -0.0238969 0)
(0.528088 -0.0220449 0)
(0.530444 -0.0202385 0)
(0.53261 -0.0184899 0)
(0.534608 -0.0168139 0)
(0.536437 -0.0152169 0)
(0.538097 -0.0137081 0)
(0.539598 -0.0122899 0)
(0.540951 -0.0109662 0)
(0.542164 -0.00973675 0)
(0.543248 -0.00860129 0)
(0.544208 -0.00755769 0)
(0.545068 -0.00660299 0)
(0.545844 -0.0057343 0)
(0.546526 -0.00494713 0)
(0.547114 -0.00423828 0)
(0.547651 -0.00360227 0)
(0.548108 -0.00303544 0)
(0.548499 -0.00253154 0)
(0.548839 -0.00208652 0)
(0.54914 -0.00169363 0)
(0.54939 -0.00134847 0)
(0.549587 -0.00104405 0)
(0.549758 -0.000775631 0)
(0.549904 -0.000536444 0)
(0.55001 -0.000321385 0)
(0.550103 -0.000124165 0)
(0.550172 6.09408e-05 0)
(0.550217 0.000239553 0)
(0.550256 0.00041847 0)
(0.550289 0.000602406 0)
(0.550321 0.000799521 0)
(0.550367 0.00101325 0)
(0.550421 0.00125259 0)
(0.55049 0.0015186 0)
(0.550593 0.00181853 0)
(0.550669 0.00214891 0)
(0.550753 0.00251406 0)
(0.550766 0.00290575 0)
(0.551199 0.00332014 0)
(0.549956 0.0037539 0)
(0.548317 0.00412111 0)
(0.550882 0.00433069 0)
(0.553247 0.00441009 0)
(0.554224 0.0037546 0)
(0.557826 0.0026863 0)
(0.533001 0.0010645 0)
(-0.120027 -1.06368 0)
(-0.157246 -1.69128 0)
(-0.117542 -1.46275 0)
(-0.104693 -1.00592 0)
(-0.176945 -0.588402 0)
(-0.124504 -0.394559 0)
(-0.00838381 -0.392775 0)
(9.92527e-05 -0.470393 0)
(0.0484457 -0.567122 0)
(0.10128 -0.643133 0)
(0.158509 -0.682632 0)
(0.214732 -0.6836 0)
(0.268638 -0.651714 0)
(0.318476 -0.595792 0)
(0.362412 -0.52478 0)
(0.399879 -0.446634 0)
(0.430751 -0.367704 0)
(0.455355 -0.292692 0)
(0.474212 -0.224682 0)
(0.487999 -0.165486 0)
(0.497438 -0.115837 0)
(0.503298 -0.0757329 0)
(0.506277 -0.0445936 0)
(0.507096 -0.0215473 0)
(0.506321 -0.0055305 0)
(0.504518 0.00459745 0)
(0.502099 0.00993485 0)
(0.499467 0.0115324 0)
(0.496881 0.0103108 0)
(0.494561 0.00708871 0)
(0.492682 0.0025434 0)
(0.491353 -0.00275832 0)
(0.490602 -0.00837586 0)
(0.490477 -0.0139605 0)
(0.490969 -0.0192606 0)
(0.492034 -0.0240917 0)
(0.493618 -0.0283393 0)
(0.495681 -0.0319349 0)
(0.498155 -0.0348518 0)
(0.500952 -0.0370937 0)
(0.504038 -0.0386866 0)
(0.507326 -0.0396735 0)
(0.510754 -0.0401064 0)
(0.514286 -0.0400459 0)
(0.517875 -0.0395528 0)
(0.521447 -0.0386915 0)
(0.524996 -0.0375209 0)
(0.528466 -0.036102 0)
(0.531831 -0.0344857 0)
(0.535066 -0.0327247 0)
(0.538164 -0.0308598 0)
(0.541095 -0.028934 0)
(0.543866 -0.0269774 0)
(0.546461 -0.0250228 0)
(0.548887 -0.0230909 0)
(0.551144 -0.0212054 0)
(0.553227 -0.0193787 0)
(0.555143 -0.0176272 0)
(0.556906 -0.0159574 0)
(0.5585 -0.0143793 0)
(0.559949 -0.0128952 0)
(0.561249 -0.0115097 0)
(0.562424 -0.0102223 0)
(0.563468 -0.00903312 0)
(0.564402 -0.00793971 0)
(0.565235 -0.00693929 0)
(0.565969 -0.00602867 0)
(0.566636 -0.00520345 0)
(0.567209 -0.00446001 0)
(0.567729 -0.00379295 0)
(0.568168 -0.00319814 0)
(0.568555 -0.00266939 0)
(0.568889 -0.00220219 0)
(0.569171 -0.00178989 0)
(0.569415 -0.00142755 0)
(0.56962 -0.00110829 0)
(0.5698 -0.000826851 0)
(0.56994 -0.000576515 0)
(0.570054 -0.000351852 0)
(0.570142 -0.000146567 0)
(0.570207 4.51899e-05 0)
(0.570277 0.000228982 0)
(0.570327 0.000411672 0)
(0.570375 0.000597855 0)
(0.570424 0.00079599 0)
(0.570477 0.00100939 0)
(0.570556 0.00124794 0)
(0.570657 0.00151275 0)
(0.570799 0.00181261 0)
(0.570939 0.00214384 0)
(0.57107 0.00251346 0)
(0.571158 0.0029129 0)
(0.571688 0.00334231 0)
(0.570572 0.0037806 0)
(0.569055 0.00417115 0)
(0.571844 0.00439922 0)
(0.574488 0.00447979 0)
(0.575823 0.00389036 0)
(0.579676 0.00306585 0)
(0.555121 0.00160569 0)
(-0.1077 -1.14462 0)
(-0.104958 -1.81695 0)
(-0.0490926 -1.54909 0)
(-0.0481914 -1.05695 0)
(-0.118479 -0.609563 0)
(-0.0763658 -0.405221 0)
(0.0363291 -0.405857 0)
(0.0464935 -0.487268 0)
(0.0939149 -0.587947 0)
(0.144744 -0.66647 0)
(0.198933 -0.706869 0)
(0.251523 -0.707292 0)
(0.301482 -0.673797 0)
(0.347386 -0.615604 0)
(0.38767 -0.541941 0)
(0.421923 -0.46103 0)
(0.450076 -0.379381 0)
(0.472482 -0.301815 0)
(0.489632 -0.23152 0)
(0.502165 -0.170323 0)
(0.510716 -0.119005 0)
(0.516014 -0.077516 0)
(0.518689 -0.0453232 0)
(0.519376 -0.0214862 0)
(0.518632 -0.00491901 0)
(0.516924 0.00555117 0)
(0.514682 0.0110586 0)
(0.512231 0.0126875 0)
(0.509826 0.011389 0)
(0.507682 0.00801213 0)
(0.505936 0.0032564 0)
(0.504707 -0.00229052 0)
(0.504029 -0.00816847 0)
(0.503933 -0.0140165 0)
(0.5044 -0.0195715 0)
(0.505409 -0.024642 0)
(0.506919 -0.0291056 0)
(0.508879 -0.0328919 0)
(0.511215 -0.035972 0)
(0.513862 -0.0383487 0)
(0.516771 -0.040048 0)
(0.519884 -0.0411143 0)
(0.523128 -0.0416013 0)
(0.52647 -0.0415715 0)
(0.529856 -0.0410883 0)
(0.533247 -0.0402183 0)
(0.536603 -0.0390233 0)
(0.53989 -0.0375661 0)
(0.543079 -0.0359007 0)
(0.546141 -0.0340813 0)
(0.549079 -0.0321513 0)
(0.551862 -0.0301552 0)
(0.554494 -0.0281252 0)
(0.556957 -0.0260954 0)
(0.55927 -0.0240878 0)
(0.561406 -0.0221272 0)
(0.563399 -0.0202269 0)
(0.565228 -0.0184038 0)
(0.566905 -0.0166652 0)
(0.568429 -0.0150211 0)
(0.569808 -0.0134748 0)
(0.57104 -0.0120305 0)
(0.572159 -0.0106883 0)
(0.573161 -0.00944786 0)
(0.574054 -0.00830716 0)
(0.574859 -0.00726303 0)
(0.575564 -0.00631244 0)
(0.576201 -0.00545064 0)
(0.576758 -0.0046741 0)
(0.577246 -0.00397701 0)
(0.577682 -0.00335533 0)
(0.57805 -0.00280255 0)
(0.578365 -0.00231412 0)
(0.578656 -0.00188313 0)
(0.57888 -0.00150454 0)
(0.579093 -0.00117119 0)
(0.579253 -0.000877688 0)
(0.579401 -0.000617039 0)
(0.57951 -0.000383711 0)
(0.579608 -0.000171305 0)
(0.579682 2.60106e-05 0)
(0.579749 0.000213788 0)
(0.579812 0.00039879 0)
(0.579874 0.000585597 0)
(0.57994 0.000782644 0)
(0.580014 0.000993478 0)
(0.580119 0.00122826 0)
(0.580251 0.00148887 0)
(0.580433 0.00178453 0)
(0.580608 0.00211229 0)
(0.580814 0.00248029 0)
(0.580979 0.0028806 0)
(0.581602 0.0033166 0)
(0.580587 0.0037444 0)
(0.57922 0.00414062 0)
(0.582216 0.00437864 0)
(0.5851 0.00443405 0)
(0.586787 0.00387467 0)
(0.590914 0.00327613 0)
(0.56668 0.00202223 0)
(-0.0793495 -1.23847 0)
(-0.0322996 -1.94025 0)
(0.0323924 -1.62608 0)
(0.0104917 -1.10056 0)
(-0.0617023 -0.627287 0)
(-0.0332536 -0.414524 0)
(0.075364 -0.418717 0)
(0.0876372 -0.503821 0)
(0.133981 -0.607955 0)
(0.182557 -0.688482 0)
(0.233327 -0.729384 0)
(0.281839 -0.729057 0)
(0.327377 -0.693929 0)
(0.368889 -0.633539 0)
(0.40512 -0.557414 0)
(0.435787 -0.473948 0)
(0.460911 -0.389815 0)
(0.480852 -0.309948 0)
(0.496086 -0.237586 0)
(0.507157 -0.174588 0)
(0.514709 -0.121758 0)
(0.519316 -0.0790517 0)
(0.521601 -0.045901 0)
(0.522099 -0.0213534 0)
(0.521317 -0.00429348 0)
(0.519693 0.00647865 0)
(0.51757 0.0121356 0)
(0.51528 0.0137848 0)
(0.513042 0.0124117 0)
(0.511056 0.0088861 0)
(0.509443 0.00393186 0)
(0.508299 -0.00184344 0)
(0.507686 -0.00796667 0)
(0.507588 -0.0140623 0)
(0.50804 -0.0198559 0)
(0.508985 -0.0251493 0)
(0.510406 -0.0298179 0)
(0.512225 -0.033784 0)
(0.514401 -0.0370181 0)
(0.516891 -0.039522 0)
(0.519599 -0.0413227 0)
(0.52251 -0.0424645 0)
(0.525539 -0.0430038 0)
(0.528669 -0.0430039 0)
(0.531836 -0.0425313 0)
(0.535008 -0.0416539 0)
(0.538152 -0.0404369 0)
(0.541242 -0.0389441 0)
(0.544231 -0.0372331 0)
(0.547113 -0.0353587 0)
(0.54986 -0.0333681 0)
(0.552479 -0.0313057 0)
(0.554945 -0.0292071 0)
(0.557265 -0.0271063 0)
(0.559443 -0.0250279 0)
(0.561463 -0.0229964 0)
(0.563332 -0.0210271 0)
(0.565053 -0.0191365 0)
(0.566626 -0.0173336 0)
(0.568075 -0.0156275 0)
(0.569368 -0.0140228 0)
(0.570541 -0.0125234 0)
(0.571603 -0.0111296 0)
(0.572548 -0.00984102 0)
(0.573398 -0.0086558 0)
(0.574145 -0.00757042 0)
(0.574821 -0.00658203 0)
(0.575427 -0.00568551 0)
(0.575952 -0.00487742 0)
(0.576423 -0.00415168 0)
(0.57684 -0.00350428 0)
(0.577189 -0.0029285 0)
(0.577499 -0.00241979 0)
(0.57777 -0.00197101 0)
(0.578002 -0.00157702 0)
(0.578195 -0.00123043 0)
(0.578363 -0.000925716 0)
(0.578492 -0.000655604 0)
(0.578609 -0.000414633 0)
(0.578702 -0.000196029 0)
(0.578786 5.54607e-06 0)
(0.578864 0.000196248 0)
(0.578924 0.000381789 0)
(0.579 0.000567893 0)
(0.579083 0.000761423 0)
(0.579177 0.000967875 0)
(0.579307 0.00119564 0)
(0.579472 0.00144938 0)
(0.579691 0.0017366 0)
(0.579914 0.00205655 0)
(0.580181 0.0024168 0)
(0.580422 0.00281098 0)
(0.581133 0.0032458 0)
(0.580239 0.00364804 0)
(0.578995 0.00403122 0)
(0.582178 0.00428142 0)
(0.585261 0.00429289 0)
(0.587319 0.00371538 0)
(0.591733 0.00325003 0)
(0.567933 0.00223093 0)
(-0.0136071 -1.33666 0)
(0.0742831 -2.05329 0)
(0.131128 -1.68646 0)
(0.0721737 -1.1323 0)
(-0.00686579 -0.640354 0)
(0.00436316 -0.422111 0)
(0.108186 -0.431379 0)
(0.123096 -0.52008 0)
(0.168314 -0.627118 0)
(0.214443 -0.709019 0)
(0.261503 -0.749994 0)
(0.305574 -0.748681 0)
(0.346295 -0.711871 0)
(0.383037 -0.649415 0)
(0.414843 -0.571 0)
(0.44163 -0.485232 0)
(0.463453 -0.398906 0)
(0.480698 -0.316985 0)
(0.493816 -0.242783 0)
(0.50331 -0.178221 0)
(0.509696 -0.124048 0)
(0.513538 -0.0802819 0)
(0.515353 -0.0462809 0)
(0.515616 -0.021115 0)
(0.514757 -0.00362663 0)
(0.513175 0.00740671 0)
(0.511171 0.0131861 0)
(0.50902 0.0148447 0)
(0.506953 0.0133924 0)
(0.50511 0.00972403 0)
(0.503627 0.00458164 0)
(0.502563 -0.00141094 0)
(0.501987 -0.00776278 0)
(0.501914 -0.0140901 0)
(0.50232 -0.0201076 0)
(0.503192 -0.0256124 0)
(0.504493 -0.030471 0)
(0.506185 -0.0346059 0)
(0.508188 -0.0379849 0)
(0.510478 -0.0406088 0)
(0.512983 -0.0425052 0)
(0.515672 -0.043719 0)
(0.518472 -0.0443083 0)
(0.521371 -0.0443376 0)
(0.524293 -0.0438762 0)
(0.527239 -0.0429932 0)
(0.530155 -0.0417569 0)
(0.53301 -0.040232 0)
(0.535777 -0.0384793 0)
(0.538459 -0.036555 0)
(0.541013 -0.0345084 0)
(0.543441 -0.0323851 0)
(0.545728 -0.0302229 0)
(0.547895 -0.0280564 0)
(0.5499 -0.0259123 0)
(0.551783 -0.0238148 0)
(0.553521 -0.0217812 0)
(0.555129 -0.0198278 0)
(0.556607 -0.0179645 0)
(0.557949 -0.0162007 0)
(0.559165 -0.0145413 0)
(0.560263 -0.0129901 0)
(0.561251 -0.0115483 0)
(0.562137 -0.0102147 0)
(0.562928 -0.00898801 0)
(0.56363 -0.00786429 0)
(0.564261 -0.00684077 0)
(0.564836 -0.00591209 0)
(0.565329 -0.00507481 0)
(0.565767 -0.00432261 0)
(0.566151 -0.00365151 0)
(0.566494 -0.00305454 0)
(0.566784 -0.00252717 0)
(0.567034 -0.00206196 0)
(0.567259 -0.00165382 0)
(0.567446 -0.00129494 0)
(0.567607 -0.000979819 0)
(0.567744 -0.000700882 0)
(0.567856 -0.000452795 0)
(0.567957 -0.000228546 0)
(0.568036 -2.31804e-05 0)
(0.56811 0.000169664 0)
(0.568196 0.000355076 0)
(0.56827 0.000539149 0)
(0.568368 0.000728011 0)
(0.568482 0.000927954 0)
(0.568622 0.00114673 0)
(0.568815 0.00139043 0)
(0.569071 0.00166582 0)
(0.569353 0.00197313 0)
(0.569662 0.00231967 0)
(0.569976 0.00270072 0)
(0.570764 0.00312679 0)
(0.569965 0.00348745 0)
(0.568874 0.0038382 0)
(0.572237 0.00411626 0)
(0.57545 0.00407822 0)
(0.577827 0.00341765 0)
(0.582632 0.00289823 0)
(0.559178 0.00211784 0)
(0.1209 -1.4221 0)
(0.220426 -2.14624 0)
(0.246205 -1.72372 0)
(0.133494 -1.1468 0)
(0.0416722 -0.647468 0)
(0.0326495 -0.427635 0)
(0.131048 -0.443811 0)
(0.149226 -0.536108 0)
(0.193347 -0.645396 0)
(0.236979 -0.728007 0)
(0.280118 -0.768572 0)
(0.319489 -0.766046 0)
(0.355102 -0.727524 0)
(0.38677 -0.66308 0)
(0.413896 -0.58261 0)
(0.436548 -0.494808 0)
(0.454866 -0.406531 0)
(0.469262 -0.322847 0)
(0.480112 -0.247088 0)
(0.487903 -0.181157 0)
(0.493071 -0.12586 0)
(0.496079 -0.0811603 0)
(0.497379 -0.0464616 0)
(0.497359 -0.0207674 0)
(0.496414 -0.00292067 0)
(0.494866 0.00832821 0)
(0.492968 0.0142018 0)
(0.490985 0.0158562 0)
(0.48907 0.0143258 0)
(0.487377 0.0105202 0)
(0.486031 0.00520181 0)
(0.485056 -0.000989707 0)
(0.484543 -0.00755319 0)
(0.484463 -0.0140921 0)
(0.484841 -0.0203145 0)
(0.485637 -0.0260118 0)
(0.486831 -0.0310456 0)
(0.488355 -0.0353362 0)
(0.490198 -0.0388486 0)
(0.492285 -0.0415834 0)
(0.494567 -0.0435683 0)
(0.497021 -0.0448489 0)
(0.499575 -0.0454851 0)
(0.502216 -0.0455423 0)
(0.504901 -0.0450921 0)
(0.507594 -0.044205 0)
(0.510257 -0.0429519 0)
(0.512869 -0.0413989 0)
(0.51541 -0.0396091 0)
(0.517864 -0.0376395 0)
(0.520211 -0.0355425 0)
(0.522437 -0.033364 0)
(0.524536 -0.031144 0)
(0.526513 -0.0289178 0)
(0.528367 -0.0267135 0)
(0.530092 -0.0245558 0)
(0.531693 -0.0224635 0)
(0.533171 -0.0204526 0)
(0.534535 -0.0185339 0)
(0.535767 -0.0167173 0)
(0.53689 -0.0150078 0)
(0.537896 -0.0134093 0)
(0.538808 -0.0119231 0)
(0.539633 -0.0105482 0)
(0.540364 -0.0092831 0)
(0.54102 -0.0081239 0)
(0.541605 -0.00706777 0)
(0.54212 -0.00610923 0)
(0.542594 -0.00524472 0)
(0.543 -0.00446786 0)
(0.543364 -0.00377452 0)
(0.543673 -0.00315769 0)
(0.543955 -0.0026127 0)
(0.544185 -0.00213212 0)
(0.544389 -0.00171064 0)
(0.544568 -0.00134049 0)
(0.544722 -0.00101603 0)
(0.544852 -0.000729622 0)
(0.544971 -0.000475896 0)
(0.545067 -0.000247795 0)
(0.545154 -4.04944e-05 0)
(0.545222 0.000152448 0)
(0.545304 0.000335855 0)
(0.54539 0.000515945 0)
(0.545502 0.000698585 0)
(0.545632 0.000890266 0)
(0.545793 0.00109868 0)
(0.546014 0.0013303 0)
(0.546302 0.0015917 0)
(0.546624 0.0018825 0)
(0.546984 0.00221066 0)
(0.547367 0.00257184 0)
(0.548217 0.00298304 0)
(0.54749 0.00328373 0)
(0.546537 0.00358454 0)
(0.550098 0.00391871 0)
(0.553425 0.00383058 0)
(0.556045 0.00303031 0)
(0.561286 0.00224451 0)
(0.537435 0.00168426 0)
(0.467305 -1.69513 0)
(0.409136 -2.22847 0)
(0.368561 -1.74002 0)
(0.182767 -1.14077 0)
(0.0707377 -0.649542 0)
(0.0410349 -0.433306 0)
(0.133787 -0.457911 0)
(0.15588 -0.553746 0)
(0.199052 -0.664449 0)
(0.24022 -0.746849 0)
(0.279366 -0.786334 0)
(0.313877 -0.782186 0)
(0.344183 -0.741767 0)
(0.370612 -0.675354 0)
(0.392885 -0.592943 0)
(0.411252 -0.503292 0)
(0.425941 -0.413309 0)
(0.437376 -0.328078 0)
(0.445909 -0.250951 0)
(0.451944 -0.18386 0)
(0.455855 -0.127583 0)
(0.458018 -0.0820981 0)
(0.458801 -0.0467732 0)
(0.458536 -0.0206236 0)
(0.457518 -0.00246011 0)
(0.456023 0.00898066 0)
(0.454276 0.014945 0)
(0.452458 0.0166032 0)
(0.450745 0.0150106 0)
(0.449249 0.011091 0)
(0.448033 0.00562736 0)
(0.447199 -0.000733607 0)
(0.446739 -0.00747734 0)
(0.446694 -0.0141978 0)
(0.447049 -0.020597 0)
(0.447789 -0.0264596 0)
(0.44887 -0.0316441 0)
(0.45026 -0.0360669 0)
(0.451918 -0.0396932 0)
(0.453801 -0.0425219 0)
(0.455865 -0.0445815 0)
(0.458084 -0.0459178 0)
(0.460397 -0.0465916 0)
(0.462779 -0.0466703 0)
(0.465201 -0.0462269 0)
(0.467632 -0.0453333 0)
(0.470039 -0.0440624 0)
(0.472407 -0.0424814 0)
(0.474709 -0.0406558 0)
(0.476926 -0.0386436 0)
(0.479044 -0.0364991 0)
(0.48106 -0.0342688 0)
(0.482966 -0.0319952 0)
(0.484764 -0.0297132 0)
(0.486435 -0.0274531 0)
(0.488016 -0.0252395 0)
(0.489466 -0.0230927 0)
(0.490812 -0.0210281 0)
(0.49205 -0.0190585 0)
(0.493174 -0.0171924 0)
(0.49419 -0.0154363 0)
(0.49512 -0.0137936 0)
(0.495944 -0.0122662 0)
(0.496695 -0.0108527 0)
(0.497368 -0.00955197 0)
(0.497966 -0.00835993 0)
(0.498508 -0.00727375 0)
(0.49898 -0.00628772 0)
(0.499411 -0.00539826 0)
(0.4998 -0.00459879 0)
(0.500134 -0.00388503 0)
(0.500426 -0.00325005 0)
(0.500677 -0.0026889 0)
(0.500902 -0.00219433 0)
(0.501102 -0.00176066 0)
(0.501264 -0.00138042 0)
(0.501414 -0.0010475 0)
(0.50154 -0.000754661 0)
(0.501655 -0.000496031 0)
(0.501747 -0.000265085 0)
(0.501844 -5.65839e-05 0)
(0.501923 0.000135456 0)
(0.502017 0.000315955 0)
(0.502102 0.00049105 0)
(0.502229 0.000666122 0)
(0.502378 0.000848283 0)
(0.502563 0.00104408 0)
(0.502813 0.00126153 0)
(0.503138 0.00150533 0)
(0.50349 0.00177599 0)
(0.503903 0.00208089 0)
(0.504357 0.00241669 0)
(0.505265 0.00280761 0)
(0.504579 0.00303979 0)
(0.503714 0.00328682 0)
(0.507488 0.00368085 0)
(0.510998 0.00354429 0)
(0.513803 0.00263195 0)
(0.519489 0.00158631 0)
(0.494181 0.00120836 0)
)
;

boundaryField
{
    inlet
    {
        type            fixedValue;
        value           uniform (1 0 0);
    }
    outlet
    {
        type            zeroGradient;
    }
    frontAndBack
    {
        type            empty;
    }
    walls
    {
        type            fixedValue;
        value           uniform (0 0 0);
    }
}


// ************************************************************************* //
