/*--------------------------------*- C++ -*----------------------------------*\
| =========                 |                                                 |
| \\      /  F ield         | OpenFOAM: The Open Source CFD Toolbox           |
|  \\    /   O peration     | Version:  2606                                  |
|   \\  /    A nd           | Website:  www.openfoam.com                      |
|    \\/     M anipulation  |                                                 |
\*---------------------------------------------------------------------------*/
FoamFile
{
    version     2.0;
    format      ascii;
    arch        "LSB;label=32;scalar=64";
    class       volVectorField;
    location    "0";
    object      C;
}
// * * * * * * * * * * * * * * * * * * * * * * * * * * * * * * * * * * * * * //

dimensions      [0 1 0 0 0 0 0];

internalField   nonuniform List<vector> 
9000
(
(0.02 0.0125 0.05)
(0.06 0.0125 0.05)
(0.1 0.0125 0.05)
(0.14 0.0125 0.05)
(0.18 0.0125 0.05)
(0.22 0.0125 0.05)
(0.26 0.0125 0.05)
(0.3 0.0125 0.05)
(0.34 0.0125 0.05)
(0.38 0.0125 0.05)
(0.42 0.0125 0.05)
(0.46 0.0125 0.05)
(0.5 0.0125 0.05)
(0.54 0.0125 0.05)
(0.58 0.0125 0.05)
(0.62 0.0125 0.05)
(0.66 0.0125 0.05)
(0.7 0.0125 0.05)
(0.74 0.0125 0.05)
(0.78 0.0125 0.05)
(0.82 0.0125 0.05)
(0.86 0.0125 0.05)
(0.9 0.0125 0.05)
(0.94 0.0125 0.05)
(0.98 0.0125 0.05)
(1.02 0.0125 0.05)
(1.06 0.0125 0.05)
(1.1 0.0125 0.05)
(1.14 0.0125 0.05)
(1.18 0.0125 0.05)
(1.22 0.0125 0.05)
(1.26 0.0125 0.05)
(1.3 0.0125 0.05)
(1.34 0.0125 0.05)
(1.38 0.0125 0.05)
(1.42 0.0125 0.05)
(1.46 0.0125 0.05)
(1.5 0.0125 0.05)
(1.54 0.0125 0.05)
(1.58 0.0125 0.05)
(1.62 0.0125 0.05)
(1.66 0.0125 0.05)
(1.7 0.0125 0.05)
(1.74 0.0125 0.05)
(1.78 0.0125 0.05)
(1.82 0.0125 0.05)
(1.86 0.0125 0.05)
(1.9 0.0125 0.05)
(1.94 0.0125 0.05)
(1.98 0.0125 0.05)
(0.02 0.0375 0.05)
(0.06 0.0375 0.05)
(0.1 0.0375 0.05)
(0.14 0.0375 0.05)
(0.18 0.0375 0.05)
(0.22 0.0375 0.05)
(0.26 0.0375 0.05)
(0.3 0.0375 0.05)
(0.34 0.0375 0.05)
(0.38 0.0375 0.05)
(0.42 0.0375 0.05)
(0.46 0.0375 0.05)
(0.5 0.0375 0.05)
(0.54 0.0375 0.05)
(0.58 0.0375 0.05)
(0.62 0.0375 0.05)
(0.66 0.0375 0.05)
(0.7 0.0375 0.05)
(0.74 0.0375 0.05)
(0.78 0.0375 0.05)
(0.82 0.0375 0.05)
(0.86 0.0375 0.05)
(0.9 0.0375 0.05)
(0.94 0.0375 0.05)
(0.98 0.0375 0.05)
(1.02 0.0375 0.05)
(1.06 0.0375 0.05)
(1.1 0.0375 0.05)
(1.14 0.0375 0.05)
(1.18 0.0375 0.05)
(1.22 0.0375 0.05)
(1.26 0.0375 0.05)
(1.3 0.0375 0.05)
(1.34 0.0375 0.05)
(1.38 0.0375 0.05)
(1.42 0.0375 0.05)
(1.46 0.0375 0.05)
(1.5 0.0375 0.05)
(1.54 0.0375 0.05)
(1.58 0.0375 0.05)
(1.62 0.0375 0.05)
(1.66 0.0375 0.05)
(1.7 0.0375 0.05)
(1.74 0.0375 0.05)
(1.78 0.0375 0.05)
(1.82 0.0375 0.05)
(1.86 0.0375 0.05)
(1.9 0.0375 0.05)
(1.94 0.0375 0.05)
(1.98 0.0375 0.05)
(0.02 0.0625 0.05)
(0.06 0.0625 0.05)
(0.1 0.0625 0.05)
(0.14 0.0625 0.05)
(0.18 0.0625 0.05)
(0.22 0.0625 0.05)
(0.26 0.0625 0.05)
(0.3 0.0625 0.05)
(0.34 0.0625 0.05)
(0.38 0.0625 0.05)
(0.42 0.0625 0.05)
(0.46 0.0625 0.05)
(0.5 0.0625 0.05)
(0.54 0.0625 0.05)
(0.58 0.0625 0.05)
(0.62 0.0625 0.05)
(0.66 0.0625 0.05)
(0.7 0.0625 0.05)
(0.74 0.0625 0.05)
(0.78 0.0625 0.05)
(0.82 0.0625 0.05)
(0.86 0.0625 0.05)
(0.9 0.0625 0.05)
(0.94 0.0625 0.05)
(0.98 0.0625 0.05)
(1.02 0.0625 0.05)
(1.06 0.0625 0.05)
(1.1 0.0625 0.05)
(1.14 0.0625 0.05)
(1.18 0.0625 0.05)
(1.22 0.0625 0.05)
(1.26 0.0625 0.05)
(1.3 0.0625 0.05)
(1.34 0.0625 0.05)
(1.38 0.0625 0.05)
(1.42 0.0625 0.05)
(1.46 0.0625 0.05)
(1.5 0.0625 0.05)
(1.54 0.0625 0.05)
(1.58 0.0625 0.05)
(1.62 0.0625 0.05)
(1.66 0.0625 0.05)
(1.7 0.0625 0.05)
(1.74 0.0625 0.05)
(1.78 0.0625 0.05)
(1.82 0.0625 0.05)
(1.86 0.0625 0.05)
(1.9 0.0625 0.05)
(1.94 0.0625 0.05)
(1.98 0.0625 0.05)
(0.02 0.0875 0.05)
(0.06 0.0875 0.05)
(0.1 0.0875 0.05)
(0.14 0.0875 0.05)
(0.18 0.0875 0.05)
(0.22 0.0875 0.05)
(0.26 0.0875 0.05)
(0.3 0.0875 0.05)
(0.34 0.0875 0.05)
(0.38 0.0875 0.05)
(0.42 0.0875 0.05)
(0.46 0.0875 0.05)
(0.5 0.0875 0.05)
(0.54 0.0875 0.05)
(0.58 0.0875 0.05)
(0.62 0.0875 0.05)
(0.66 0.0875 0.05)
(0.7 0.0875 0.05)
(0.74 0.0875 0.05)
(0.78 0.0875 0.05)
(0.82 0.0875 0.05)
(0.86 0.0875 0.05)
(0.9 0.0875 0.05)
(0.94 0.0875 0.05)
(0.98 0.0875 0.05)
(1.02 0.0875 0.05)
(1.06 0.0875 0.05)
(1.1 0.0875 0.05)
(1.14 0.0875 0.05)
(1.18 0.0875 0.05)
(1.22 0.0875 0.05)
(1.26 0.0875 0.05)
(1.3 0.0875 0.05)
(1.34 0.0875 0.05)
(1.38 0.0875 0.05)
(1.42 0.0875 0.05)
(1.46 0.0875 0.05)
(1.5 0.0875 0.05)
(1.54 0.0875 0.05)
(1.58 0.0875 0.05)
(1.62 0.0875 0.05)
(1.66 0.0875 0.05)
(1.7 0.0875 0.05)
(1.74 0.0875 0.05)
(1.78 0.0875 0.05)
(1.82 0.0875 0.05)
(1.86 0.0875 0.05)
(1.9 0.0875 0.05)
(1.94 0.0875 0.05)
(1.98 0.0875 0.05)
(0.02 0.1125 0.05)
(0.06 0.1125 0.05)
(0.1 0.1125 0.05)
(0.14 0.1125 0.05)
(0.18 0.1125 0.05)
(0.22 0.1125 0.05)
(0.26 0.1125 0.05)
(0.3 0.1125 0.05)
(0.34 0.1125 0.05)
(0.38 0.1125 0.05)
(0.42 0.1125 0.05)
(0.46 0.1125 0.05)
(0.5 0.1125 0.05)
(0.54 0.1125 0.05)
(0.58 0.1125 0.05)
(0.62 0.1125 0.05)
(0.66 0.1125 0.05)
(0.7 0.1125 0.05)
(0.74 0.1125 0.05)
(0.78 0.1125 0.05)
(0.82 0.1125 0.05)
(0.86 0.1125 0.05)
(0.9 0.1125 0.05)
(0.94 0.1125 0.05)
(0.98 0.1125 0.05)
(1.02 0.1125 0.05)
(1.06 0.1125 0.05)
(1.1 0.1125 0.05)
(1.14 0.1125 0.05)
(1.18 0.1125 0.05)
(1.22 0.1125 0.05)
(1.26 0.1125 0.05)
(1.3 0.1125 0.05)
(1.34 0.1125 0.05)
(1.38 0.1125 0.05)
(1.42 0.1125 0.05)
(1.46 0.1125 0.05)
(1.5 0.1125 0.05)
(1.54 0.1125 0.05)
(1.58 0.1125 0.05)
(1.62 0.1125 0.05)
(1.66 0.1125 0.05)
(1.7 0.1125 0.05)
(1.74 0.1125 0.05)
(1.78 0.1125 0.05)
(1.82 0.1125 0.05)
(1.86 0.1125 0.05)
(1.9 0.1125 0.05)
(1.94 0.1125 0.05)
(1.98 0.1125 0.05)
(0.02 0.1375 0.05)
(0.06 0.1375 0.05)
(0.1 0.1375 0.05)
(0.14 0.1375 0.05)
(0.18 0.1375 0.05)
(0.22 0.1375 0.05)
(0.26 0.1375 0.05)
(0.3 0.1375 0.05)
(0.34 0.1375 0.05)
(0.38 0.1375 0.05)
(0.42 0.1375 0.05)
(0.46 0.1375 0.05)
(0.5 0.1375 0.05)
(0.54 0.1375 0.05)
(0.58 0.1375 0.05)
(0.62 0.1375 0.05)
(0.66 0.1375 0.05)
(0.7 0.1375 0.05)
(0.74 0.1375 0.05)
(0.78 0.1375 0.05)
(0.82 0.1375 0.05)
(0.86 0.1375 0.05)
(0.9 0.1375 0.05)
(0.94 0.1375 0.05)
(0.98 0.1375 0.05)
(1.02 0.1375 0.05)
(1.06 0.1375 0.05)
(1.1 0.1375 0.05)
(1.14 0.1375 0.05)
(1.18 0.1375 0.05)
(1.22 0.1375 0.05)
(1.26 0.1375 0.05)
(1.3 0.1375 0.05)
(1.34 0.1375 0.05)
(1.38 0.1375 0.05)
(1.42 0.1375 0.05)
(1.46 0.1375 0.05)
(1.5 0.1375 0.05)
(1.54 0.1375 0.05)
(1.58 0.1375 0.05)
(1.62 0.1375 0.05)
(1.66 0.1375 0.05)
(1.7 0.1375 0.05)
(1.74 0.1375 0.05)
(1.78 0.1375 0.05)
(1.82 0.1375 0.05)
(1.86 0.1375 0.05)
(1.9 0.1375 0.05)
(1.94 0.1375 0.05)
(1.98 0.1375 0.05)
(0.02 0.1625 0.05)
(0.06 0.1625 0.05)
(0.1 0.1625 0.05)
(0.14 0.1625 0.05)
(0.18 0.1625 0.05)
(0.22 0.1625 0.05)
(0.26 0.1625 0.05)
(0.3 0.1625 0.05)
(0.34 0.1625 0.05)
(0.38 0.1625 0.05)
(0.42 0.1625 0.05)
(0.46 0.1625 0.05)
(0.5 0.1625 0.05)
(0.54 0.1625 0.05)
(0.58 0.1625 0.05)
(0.62 0.1625 0.05)
(0.66 0.1625 0.05)
(0.7 0.1625 0.05)
(0.74 0.1625 0.05)
(0.78 0.1625 0.05)
(0.82 0.1625 0.05)
(0.86 0.1625 0.05)
(0.9 0.1625 0.05)
(0.94 0.1625 0.05)
(0.98 0.1625 0.05)
(1.02 0.1625 0.05)
(1.06 0.1625 0.05)
(1.1 0.1625 0.05)
(1.14 0.1625 0.05)
(1.18 0.1625 0.05)
(1.22 0.1625 0.05)
(1.26 0.1625 0.05)
(1.3 0.1625 0.05)
(1.34 0.1625 0.05)
(1.38 0.1625 0.05)
(1.42 0.1625 0.05)
(1.46 0.1625 0.05)
(1.5 0.1625 0.05)
(1.54 0.1625 0.05)
(1.58 0.1625 0.05)
(1.62 0.1625 0.05)
(1.66 0.1625 0.05)
(1.7 0.1625 0.05)
(1.74 0.1625 0.05)
(1.78 0.1625 0.05)
(1.82 0.1625 0.05)
(1.86 0.1625 0.05)
(1.9 0.1625 0.05)
(1.94 0.1625 0.05)
(1.98 0.1625 0.05)
(0.02 0.1875 0.05)
(0.06 0.1875 0.05)
(0.1 0.1875 0.05)
(0.14 0.1875 0.05)
(0.18 0.1875 0.05)
(0.22 0.1875 0.05)
(0.26 0.1875 0.05)
(0.3 0.1875 0.05)
(0.34 0.1875 0.05)
(0.38 0.1875 0.05)
(0.42 0.1875 0.05)
(0.46 0.1875 0.05)
(0.5 0.1875 0.05)
(0.54 0.1875 0.05)
(0.58 0.1875 0.05)
(0.62 0.1875 0.05)
(0.66 0.1875 0.05)
(0.7 0.1875 0.05)
(0.74 0.1875 0.05)
(0.78 0.1875 0.05)
(0.82 0.1875 0.05)
(0.86 0.1875 0.05)
(0.9 0.1875 0.05)
(0.94 0.1875 0.05)
(0.98 0.1875 0.05)
(1.02 0.1875 0.05)
(1.06 0.1875 0.05)
(1.1 0.1875 0.05)
(1.14 0.1875 0.05)
(1.18 0.1875 0.05)
(1.22 0.1875 0.05)
(1.26 0.1875 0.05)
(1.3 0.1875 0.05)
(1.34 0.1875 0.05)
(1.38 0.1875 0.05)
(1.42 0.1875 0.05)
(1.46 0.1875 0.05)
(1.5 0.1875 0.05)
(1.54 0.1875 0.05)
(1.58 0.1875 0.05)
(1.62 0.1875 0.05)
(1.66 0.1875 0.05)
(1.7 0.1875 0.05)
(1.74 0.1875 0.05)
(1.78 0.1875 0.05)
(1.82 0.1875 0.05)
(1.86 0.1875 0.05)
(1.9 0.1875 0.05)
(1.94 0.1875 0.05)
(1.98 0.1875 0.05)
(0.02 0.2125 0.05)
(0.06 0.2125 0.05)
(0.1 0.2125 0.05)
(0.14 0.2125 0.05)
(0.18 0.2125 0.05)
(0.22 0.2125 0.05)
(0.26 0.2125 0.05)
(0.3 0.2125 0.05)
(0.34 0.2125 0.05)
(0.38 0.2125 0.05)
(0.42 0.2125 0.05)
(0.46 0.2125 0.05)
(0.5 0.2125 0.05)
(0.54 0.2125 0.05)
(0.58 0.2125 0.05)
(0.62 0.2125 0.05)
(0.66 0.2125 0.05)
(0.7 0.2125 0.05)
(0.74 0.2125 0.05)
(0.78 0.2125 0.05)
(0.82 0.2125 0.05)
(0.86 0.2125 0.05)
(0.9 0.2125 0.05)
(0.94 0.2125 0.05)
(0.98 0.2125 0.05)
(1.02 0.2125 0.05)
(1.06 0.2125 0.05)
(1.1 0.2125 0.05)
(1.14 0.2125 0.05)
(1.18 0.2125 0.05)
(1.22 0.2125 0.05)
(1.26 0.2125 0.05)
(1.3 0.2125 0.05)
(1.34 0.2125 0.05)
(1.38 0.2125 0.05)
(1.42 0.2125 0.05)
(1.46 0.2125 0.05)
(1.5 0.2125 0.05)
(1.54 0.2125 0.05)
(1.58 0.2125 0.05)
(1.62 0.2125 0.05)
(1.66 0.2125 0.05)
(1.7 0.2125 0.05)
(1.74 0.2125 0.05)
(1.78 0.2125 0.05)
(1.82 0.2125 0.05)
(1.86 0.2125 0.05)
(1.9 0.2125 0.05)
(1.94 0.2125 0.05)
(1.98 0.2125 0.05)
(0.02 0.2375 0.05)
(0.06 0.2375 0.05)
(0.1 0.2375 0.05)
(0.14 0.2375 0.05)
(0.18 0.2375 0.05)
(0.22 0.2375 0.05)
(0.26 0.2375 0.05)
(0.3 0.2375 0.05)
(0.34 0.2375 0.05)
(0.38 0.2375 0.05)
(0.42 0.2375 0.05)
(0.46 0.2375 0.05)
(0.5 0.2375 0.05)
(0.54 0.2375 0.05)
(0.58 0.2375 0.05)
(0.62 0.2375 0.05)
(0.66 0.2375 0.05)
(0.7 0.2375 0.05)
(0.74 0.2375 0.05)
(0.78 0.2375 0.05)
(0.82 0.2375 0.05)
(0.86 0.2375 0.05)
(0.9 0.2375 0.05)
(0.94 0.2375 0.05)
(0.98 0.2375 0.05)
(1.02 0.2375 0.05)
(1.06 0.2375 0.05)
(1.1 0.2375 0.05)
(1.14 0.2375 0.05)
(1.18 0.2375 0.05)
(1.22 0.2375 0.05)
(1.26 0.2375 0.05)
(1.3 0.2375 0.05)
(1.34 0.2375 0.05)
(1.38 0.2375 0.05)
(1.42 0.2375 0.05)
(1.46 0.2375 0.05)
(1.5 0.2375 0.05)
(1.54 0.2375 0.05)
(1.58 0.2375 0.05)
(1.62 0.2375 0.05)
(1.66 0.2375 0.05)
(1.7 0.2375 0.05)
(1.74 0.2375 0.05)
(1.78 0.2375 0.05)
(1.82 0.2375 0.05)
(1.86 0.2375 0.05)
(1.9 0.2375 0.05)
(1.94 0.2375 0.05)
(1.98 0.2375 0.05)
(0.02 0.2625 0.05)
(0.06 0.2625 0.05)
(0.1 0.2625 0.05)
(0.14 0.2625 0.05)
(0.18 0.2625 0.05)
(0.22 0.2625 0.05)
(0.26 0.2625 0.05)
(0.3 0.2625 0.05)
(0.34 0.2625 0.05)
(0.38 0.2625 0.05)
(0.42 0.2625 0.05)
(0.46 0.2625 0.05)
(0.5 0.2625 0.05)
(0.54 0.2625 0.05)
(0.58 0.2625 0.05)
(0.62 0.2625 0.05)
(0.66 0.2625 0.05)
(0.7 0.2625 0.05)
(0.74 0.2625 0.05)
(0.78 0.2625 0.05)
(0.82 0.2625 0.05)
(0.86 0.2625 0.05)
(0.9 0.2625 0.05)
(0.94 0.2625 0.05)
(0.98 0.2625 0.05)
(1.02 0.2625 0.05)
(1.06 0.2625 0.05)
(1.1 0.2625 0.05)
(1.14 0.2625 0.05)
(1.18 0.2625 0.05)
(1.22 0.2625 0.05)
(1.26 0.2625 0.05)
(1.3 0.2625 0.05)
(1.34 0.2625 0.05)
(1.38 0.2625 0.05)
(1.42 0.2625 0.05)
(1.46 0.2625 0.05)
(1.5 0.2625 0.05)
(1.54 0.2625 0.05)
(1.58 0.2625 0.05)
(1.62 0.2625 0.05)
(1.66 0.2625 0.05)
(1.7 0.2625 0.05)
(1.74 0.2625 0.05)
(1.78 0.2625 0.05)
(1.82 0.2625 0.05)
(1.86 0.2625 0.05)
(1.9 0.2625 0.05)
(1.94 0.2625 0.05)
(1.98 0.2625 0.05)
(0.02 0.2875 0.05)
(0.06 0.2875 0.05)
(0.1 0.2875 0.05)
(0.14 0.2875 0.05)
(0.18 0.2875 0.05)
(0.22 0.2875 0.05)
(0.26 0.2875 0.05)
(0.3 0.2875 0.05)
(0.34 0.2875 0.05)
(0.38 0.2875 0.05)
(0.42 0.2875 0.05)
(0.46 0.2875 0.05)
(0.5 0.2875 0.05)
(0.54 0.2875 0.05)
(0.58 0.2875 0.05)
(0.62 0.2875 0.05)
(0.66 0.2875 0.05)
(0.7 0.2875 0.05)
(0.74 0.2875 0.05)
(0.78 0.2875 0.05)
(0.82 0.2875 0.05)
(0.86 0.2875 0.05)
(0.9 0.2875 0.05)
(0.94 0.2875 0.05)
(0.98 0.2875 0.05)
(1.02 0.2875 0.05)
(1.06 0.2875 0.05)
(1.1 0.2875 0.05)
(1.14 0.2875 0.05)
(1.18 0.2875 0.05)
(1.22 0.2875 0.05)
(1.26 0.2875 0.05)
(1.3 0.2875 0.05)
(1.34 0.2875 0.05)
(1.38 0.2875 0.05)
(1.42 0.2875 0.05)
(1.46 0.2875 0.05)
(1.5 0.2875 0.05)
(1.54 0.2875 0.05)
(1.58 0.2875 0.05)
(1.62 0.2875 0.05)
(1.66 0.2875 0.05)
(1.7 0.2875 0.05)
(1.74 0.2875 0.05)
(1.78 0.2875 0.05)
(1.82 0.2875 0.05)
(1.86 0.2875 0.05)
(1.9 0.2875 0.05)
(1.94 0.2875 0.05)
(1.98 0.2875 0.05)
(0.02 0.3125 0.05)
(0.06 0.3125 0.05)
(0.1 0.3125 0.05)
(0.14 0.3125 0.05)
(0.18 0.3125 0.05)
(0.22 0.3125 0.05)
(0.26 0.3125 0.05)
(0.3 0.3125 0.05)
(0.34 0.3125 0.05)
(0.38 0.3125 0.05)
(0.42 0.3125 0.05)
(0.46 0.3125 0.05)
(0.5 0.3125 0.05)
(0.54 0.3125 0.05)
(0.58 0.3125 0.05)
(0.62 0.3125 0.05)
(0.66 0.3125 0.05)
(0.7 0.3125 0.05)
(0.74 0.3125 0.05)
(0.78 0.3125 0.05)
(0.82 0.3125 0.05)
(0.86 0.3125 0.05)
(0.9 0.3125 0.05)
(0.94 0.3125 0.05)
(0.98 0.3125 0.05)
(1.02 0.3125 0.05)
(1.06 0.3125 0.05)
(1.1 0.3125 0.05)
(1.14 0.3125 0.05)
(1.18 0.3125 0.05)
(1.22 0.3125 0.05)
(1.26 0.3125 0.05)
(1.3 0.3125 0.05)
(1.34 0.3125 0.05)
(1.38 0.3125 0.05)
(1.42 0.3125 0.05)
(1.46 0.3125 0.05)
(1.5 0.3125 0.05)
(1.54 0.3125 0.05)
(1.58 0.3125 0.05)
(1.62 0.3125 0.05)
(1.66 0.3125 0.05)
(1.7 0.3125 0.05)
(1.74 0.3125 0.05)
(1.78 0.3125 0.05)
(1.82 0.3125 0.05)
(1.86 0.3125 0.05)
(1.9 0.3125 0.05)
(1.94 0.3125 0.05)
(1.98 0.3125 0.05)
(0.02 0.3375 0.05)
(0.06 0.3375 0.05)
(0.1 0.3375 0.05)
(0.14 0.3375 0.05)
(0.18 0.3375 0.05)
(0.22 0.3375 0.05)
(0.26 0.3375 0.05)
(0.3 0.3375 0.05)
(0.34 0.3375 0.05)
(0.38 0.3375 0.05)
(0.42 0.3375 0.05)
(0.46 0.3375 0.05)
(0.5 0.3375 0.05)
(0.54 0.3375 0.05)
(0.58 0.3375 0.05)
(0.62 0.3375 0.05)
(0.66 0.3375 0.05)
(0.7 0.3375 0.05)
(0.74 0.3375 0.05)
(0.78 0.3375 0.05)
(0.82 0.3375 0.05)
(0.86 0.3375 0.05)
(0.9 0.3375 0.05)
(0.94 0.3375 0.05)
(0.98 0.3375 0.05)
(1.02 0.3375 0.05)
(1.06 0.3375 0.05)
(1.1 0.3375 0.05)
(1.14 0.3375 0.05)
(1.18 0.3375 0.05)
(1.22 0.3375 0.05)
(1.26 0.3375 0.05)
(1.3 0.3375 0.05)
(1.34 0.3375 0.05)
(1.38 0.3375 0.05)
(1.42 0.3375 0.05)
(1.46 0.3375 0.05)
(1.5 0.3375 0.05)
(1.54 0.3375 0.05)
(1.58 0.3375 0.05)
(1.62 0.3375 0.05)
(1.66 0.3375 0.05)
(1.7 0.3375 0.05)
(1.74 0.3375 0.05)
(1.78 0.3375 0.05)
(1.82 0.3375 0.05)
(1.86 0.3375 0.05)
(1.9 0.3375 0.05)
(1.94 0.3375 0.05)
(1.98 0.3375 0.05)
(0.02 0.3625 0.05)
(0.06 0.3625 0.05)
(0.1 0.3625 0.05)
(0.14 0.3625 0.05)
(0.18 0.3625 0.05)
(0.22 0.3625 0.05)
(0.26 0.3625 0.05)
(0.3 0.3625 0.05)
(0.34 0.3625 0.05)
(0.38 0.3625 0.05)
(0.42 0.3625 0.05)
(0.46 0.3625 0.05)
(0.5 0.3625 0.05)
(0.54 0.3625 0.05)
(0.58 0.3625 0.05)
(0.62 0.3625 0.05)
(0.66 0.3625 0.05)
(0.7 0.3625 0.05)
(0.74 0.3625 0.05)
(0.78 0.3625 0.05)
(0.82 0.3625 0.05)
(0.86 0.3625 0.05)
(0.9 0.3625 0.05)
(0.94 0.3625 0.05)
(0.98 0.3625 0.05)
(1.02 0.3625 0.05)
(1.06 0.3625 0.05)
(1.1 0.3625 0.05)
(1.14 0.3625 0.05)
(1.18 0.3625 0.05)
(1.22 0.3625 0.05)
(1.26 0.3625 0.05)
(1.3 0.3625 0.05)
(1.34 0.3625 0.05)
(1.38 0.3625 0.05)
(1.42 0.3625 0.05)
(1.46 0.3625 0.05)
(1.5 0.3625 0.05)
(1.54 0.3625 0.05)
(1.58 0.3625 0.05)
(1.62 0.3625 0.05)
(1.66 0.3625 0.05)
(1.7 0.3625 0.05)
(1.74 0.3625 0.05)
(1.78 0.3625 0.05)
(1.82 0.3625 0.05)
(1.86 0.3625 0.05)
(1.9 0.3625 0.05)
(1.94 0.3625 0.05)
(1.98 0.3625 0.05)
(0.02 0.3875 0.05)
(0.06 0.3875 0.05)
(0.1 0.3875 0.05)
(0.14 0.3875 0.05)
(0.18 0.3875 0.05)
(0.22 0.3875 0.05)
(0.26 0.3875 0.05)
(0.3 0.3875 0.05)
(0.34 0.3875 0.05)
(0.38 0.3875 0.05)
(0.42 0.3875 0.05)
(0.46 0.3875 0.05)
(0.5 0.3875 0.05)
(0.54 0.3875 0.05)
(0.58 0.3875 0.05)
(0.62 0.3875 0.05)
(0.66 0.3875 0.05)
(0.7 0.3875 0.05)
(0.74 0.3875 0.05)
(0.78 0.3875 0.05)
(0.82 0.3875 0.05)
(0.86 0.3875 0.05)
(0.9 0.3875 0.05)
(0.94 0.3875 0.05)
(0.98 0.3875 0.05)
(1.02 0.3875 0.05)
(1.06 0.3875 0.05)
(1.1 0.3875 0.05)
(1.14 0.3875 0.05)
(1.18 0.3875 0.05)
(1.22 0.3875 0.05)
(1.26 0.3875 0.05)
(1.3 0.3875 0.05)
(1.34 0.3875 0.05)
(1.38 0.3875 0.05)
(1.42 0.3875 0.05)
(1.46 0.3875 0.05)
(1.5 0.3875 0.05)
(1.54 0.3875 0.05)
(1.58 0.3875 0.05)
(1.62 0.3875 0.05)
(1.66 0.3875 0.05)
(1.7 0.3875 0.05)
(1.74 0.3875 0.05)
(1.78 0.3875 0.05)
(1.82 0.3875 0.05)
(1.86 0.3875 0.05)
(1.9 0.3875 0.05)
(1.94 0.3875 0.05)
(1.98 0.3875 0.05)
(0.02 0.4125 0.05)
(0.06 0.4125 0.05)
(0.1 0.4125 0.05)
(0.14 0.4125 0.05)
(0.18 0.4125 0.05)
(0.22 0.4125 0.05)
(0.26 0.4125 0.05)
(0.3 0.4125 0.05)
(0.34 0.4125 0.05)
(0.38 0.4125 0.05)
(0.42 0.4125 0.05)
(0.46 0.4125 0.05)
(0.5 0.4125 0.05)
(0.54 0.4125 0.05)
(0.58 0.4125 0.05)
(0.62 0.4125 0.05)
(0.66 0.4125 0.05)
(0.7 0.4125 0.05)
(0.74 0.4125 0.05)
(0.78 0.4125 0.05)
(0.82 0.4125 0.05)
(0.86 0.4125 0.05)
(0.9 0.4125 0.05)
(0.94 0.4125 0.05)
(0.98 0.4125 0.05)
(1.02 0.4125 0.05)
(1.06 0.4125 0.05)
(1.1 0.4125 0.05)
(1.14 0.4125 0.05)
(1.18 0.4125 0.05)
(1.22 0.4125 0.05)
(1.26 0.4125 0.05)
(1.3 0.4125 0.05)
(1.34 0.4125 0.05)
(1.38 0.4125 0.05)
(1.42 0.4125 0.05)
(1.46 0.4125 0.05)
(1.5 0.4125 0.05)
(1.54 0.4125 0.05)
(1.58 0.4125 0.05)
(1.62 0.4125 0.05)
(1.66 0.4125 0.05)
(1.7 0.4125 0.05)
(1.74 0.4125 0.05)
(1.78 0.4125 0.05)
(1.82 0.4125 0.05)
(1.86 0.4125 0.05)
(1.9 0.4125 0.05)
(1.94 0.4125 0.05)
(1.98 0.4125 0.05)
(0.02 0.4375 0.05)
(0.06 0.4375 0.05)
(0.1 0.4375 0.05)
(0.14 0.4375 0.05)
(0.18 0.4375 0.05)
(0.22 0.4375 0.05)
(0.26 0.4375 0.05)
(0.3 0.4375 0.05)
(0.34 0.4375 0.05)
(0.38 0.4375 0.05)
(0.42 0.4375 0.05)
(0.46 0.4375 0.05)
(0.5 0.4375 0.05)
(0.54 0.4375 0.05)
(0.58 0.4375 0.05)
(0.62 0.4375 0.05)
(0.66 0.4375 0.05)
(0.7 0.4375 0.05)
(0.74 0.4375 0.05)
(0.78 0.4375 0.05)
(0.82 0.4375 0.05)
(0.86 0.4375 0.05)
(0.9 0.4375 0.05)
(0.94 0.4375 0.05)
(0.98 0.4375 0.05)
(1.02 0.4375 0.05)
(1.06 0.4375 0.05)
(1.1 0.4375 0.05)
(1.14 0.4375 0.05)
(1.18 0.4375 0.05)
(1.22 0.4375 0.05)
(1.26 0.4375 0.05)
(1.3 0.4375 0.05)
(1.34 0.4375 0.05)
(1.38 0.4375 0.05)
(1.42 0.4375 0.05)
(1.46 0.4375 0.05)
(1.5 0.4375 0.05)
(1.54 0.4375 0.05)
(1.58 0.4375 0.05)
(1.62 0.4375 0.05)
(1.66 0.4375 0.05)
(1.7 0.4375 0.05)
(1.74 0.4375 0.05)
(1.78 0.4375 0.05)
(1.82 0.4375 0.05)
(1.86 0.4375 0.05)
(1.9 0.4375 0.05)
(1.94 0.4375 0.05)
(1.98 0.4375 0.05)
(0.02 0.4625 0.05)
(0.06 0.4625 0.05)
(0.1 0.4625 0.05)
(0.14 0.4625 0.05)
(0.18 0.4625 0.05)
(0.22 0.4625 0.05)
(0.26 0.4625 0.05)
(0.3 0.4625 0.05)
(0.34 0.4625 0.05)
(0.38 0.4625 0.05)
(0.42 0.4625 0.05)
(0.46 0.4625 0.05)
(0.5 0.4625 0.05)
(0.54 0.4625 0.05)
(0.58 0.4625 0.05)
(0.62 0.4625 0.05)
(0.66 0.4625 0.05)
(0.7 0.4625 0.05)
(0.74 0.4625 0.05)
(0.78 0.4625 0.05)
(0.82 0.4625 0.05)
(0.86 0.4625 0.05)
(0.9 0.4625 0.05)
(0.94 0.4625 0.05)
(0.98 0.4625 0.05)
(1.02 0.4625 0.05)
(1.06 0.4625 0.05)
(1.1 0.4625 0.05)
(1.14 0.4625 0.05)
(1.18 0.4625 0.05)
(1.22 0.4625 0.05)
(1.26 0.4625 0.05)
(1.3 0.4625 0.05)
(1.34 0.4625 0.05)
(1.38 0.4625 0.05)
(1.42 0.4625 0.05)
(1.46 0.4625 0.05)
(1.5 0.4625 0.05)
(1.54 0.4625 0.05)
(1.58 0.4625 0.05)
(1.62 0.4625 0.05)
(1.66 0.4625 0.05)
(1.7 0.4625 0.05)
(1.74 0.4625 0.05)
(1.78 0.4625 0.05)
(1.82 0.4625 0.05)
(1.86 0.4625 0.05)
(1.9 0.4625 0.05)
(1.94 0.4625 0.05)
(1.98 0.4625 0.05)
(0.02 0.4875 0.05)
(0.06 0.4875 0.05)
(0.1 0.4875 0.05)
(0.14 0.4875 0.05)
(0.18 0.4875 0.05)
(0.22 0.4875 0.05)
(0.26 0.4875 0.05)
(0.3 0.4875 0.05)
(0.34 0.4875 0.05)
(0.38 0.4875 0.05)
(0.42 0.4875 0.05)
(0.46 0.4875 0.05)
(0.5 0.4875 0.05)
(0.54 0.4875 0.05)
(0.58 0.4875 0.05)
(0.62 0.4875 0.05)
(0.66 0.4875 0.05)
(0.7 0.4875 0.05)
(0.74 0.4875 0.05)
(0.78 0.4875 0.05)
(0.82 0.4875 0.05)
(0.86 0.4875 0.05)
(0.9 0.4875 0.05)
(0.94 0.4875 0.05)
(0.98 0.4875 0.05)
(1.02 0.4875 0.05)
(1.06 0.4875 0.05)
(1.1 0.4875 0.05)
(1.14 0.4875 0.05)
(1.18 0.4875 0.05)
(1.22 0.4875 0.05)
(1.26 0.4875 0.05)
(1.3 0.4875 0.05)
(1.34 0.4875 0.05)
(1.38 0.4875 0.05)
(1.42 0.4875 0.05)
(1.46 0.4875 0.05)
(1.5 0.4875 0.05)
(1.54 0.4875 0.05)
(1.58 0.4875 0.05)
(1.62 0.4875 0.05)
(1.66 0.4875 0.05)
(1.7 0.4875 0.05)
(1.74 0.4875 0.05)
(1.78 0.4875 0.05)
(1.82 0.4875 0.05)
(1.86 0.4875 0.05)
(1.9 0.4875 0.05)
(1.94 0.4875 0.05)
(1.98 0.4875 0.05)
(0.02 0.5125 0.05)
(0.06 0.5125 0.05)
(0.1 0.5125 0.05)
(0.14 0.5125 0.05)
(0.18 0.5125 0.05)
(0.22 0.5125 0.05)
(0.26 0.5125 0.05)
(0.3 0.5125 0.05)
(0.34 0.5125 0.05)
(0.38 0.5125 0.05)
(0.42 0.5125 0.05)
(0.46 0.5125 0.05)
(0.5 0.5125 0.05)
(0.54 0.5125 0.05)
(0.58 0.5125 0.05)
(0.62 0.5125 0.05)
(0.66 0.5125 0.05)
(0.7 0.5125 0.05)
(0.74 0.5125 0.05)
(0.78 0.5125 0.05)
(0.82 0.5125 0.05)
(0.86 0.5125 0.05)
(0.9 0.5125 0.05)
(0.94 0.5125 0.05)
(0.98 0.5125 0.05)
(1.02 0.5125 0.05)
(1.06 0.5125 0.05)
(1.1 0.5125 0.05)
(1.14 0.5125 0.05)
(1.18 0.5125 0.05)
(1.22 0.5125 0.05)
(1.26 0.5125 0.05)
(1.3 0.5125 0.05)
(1.34 0.5125 0.05)
(1.38 0.5125 0.05)
(1.42 0.5125 0.05)
(1.46 0.5125 0.05)
(1.5 0.5125 0.05)
(1.54 0.5125 0.05)
(1.58 0.5125 0.05)
(1.62 0.5125 0.05)
(1.66 0.5125 0.05)
(1.7 0.5125 0.05)
(1.74 0.5125 0.05)
(1.78 0.5125 0.05)
(1.82 0.5125 0.05)
(1.86 0.5125 0.05)
(1.9 0.5125 0.05)
(1.94 0.5125 0.05)
(1.98 0.5125 0.05)
(0.02 0.5375 0.05)
(0.06 0.5375 0.05)
(0.1 0.5375 0.05)
(0.14 0.5375 0.05)
(0.18 0.5375 0.05)
(0.22 0.5375 0.05)
(0.26 0.5375 0.05)
(0.3 0.5375 0.05)
(0.34 0.5375 0.05)
(0.38 0.5375 0.05)
(0.42 0.5375 0.05)
(0.46 0.5375 0.05)
(0.5 0.5375 0.05)
(0.54 0.5375 0.05)
(0.58 0.5375 0.05)
(0.62 0.5375 0.05)
(0.66 0.5375 0.05)
(0.7 0.5375 0.05)
(0.74 0.5375 0.05)
(0.78 0.5375 0.05)
(0.82 0.5375 0.05)
(0.86 0.5375 0.05)
(0.9 0.5375 0.05)
(0.94 0.5375 0.05)
(0.98 0.5375 0.05)
(1.02 0.5375 0.05)
(1.06 0.5375 0.05)
(1.1 0.5375 0.05)
(1.14 0.5375 0.05)
(1.18 0.5375 0.05)
(1.22 0.5375 0.05)
(1.26 0.5375 0.05)
(1.3 0.5375 0.05)
(1.34 0.5375 0.05)
(1.38 0.5375 0.05)
(1.42 0.5375 0.05)
(1.46 0.5375 0.05)
(1.5 0.5375 0.05)
(1.54 0.5375 0.05)
(1.58 0.5375 0.05)
(1.62 0.5375 0.05)
(1.66 0.5375 0.05)
(1.7 0.5375 0.05)
(1.74 0.5375 0.05)
(1.78 0.5375 0.05)
(1.82 0.5375 0.05)
(1.86 0.5375 0.05)
(1.9 0.5375 0.05)
(1.94 0.5375 0.05)
(1.98 0.5375 0.05)
(0.02 0.5625 0.05)
(0.06 0.5625 0.05)
(0.1 0.5625 0.05)
(0.14 0.5625 0.05)
(0.18 0.5625 0.05)
(0.22 0.5625 0.05)
(0.26 0.5625 0.05)
(0.3 0.5625 0.05)
(0.34 0.5625 0.05)
(0.38 0.5625 0.05)
(0.42 0.5625 0.05)
(0.46 0.5625 0.05)
(0.5 0.5625 0.05)
(0.54 0.5625 0.05)
(0.58 0.5625 0.05)
(0.62 0.5625 0.05)
(0.66 0.5625 0.05)
(0.7 0.5625 0.05)
(0.74 0.5625 0.05)
(0.78 0.5625 0.05)
(0.82 0.5625 0.05)
(0.86 0.5625 0.05)
(0.9 0.5625 0.05)
(0.94 0.5625 0.05)
(0.98 0.5625 0.05)
(1.02 0.5625 0.05)
(1.06 0.5625 0.05)
(1.1 0.5625 0.05)
(1.14 0.5625 0.05)
(1.18 0.5625 0.05)
(1.22 0.5625 0.05)
(1.26 0.5625 0.05)
(1.3 0.5625 0.05)
(1.34 0.5625 0.05)
(1.38 0.5625 0.05)
(1.42 0.5625 0.05)
(1.46 0.5625 0.05)
(1.5 0.5625 0.05)
(1.54 0.5625 0.05)
(1.58 0.5625 0.05)
(1.62 0.5625 0.05)
(1.66 0.5625 0.05)
(1.7 0.5625 0.05)
(1.74 0.5625 0.05)
(1.78 0.5625 0.05)
(1.82 0.5625 0.05)
(1.86 0.5625 0.05)
(1.9 0.5625 0.05)
(1.94 0.5625 0.05)
(1.98 0.5625 0.05)
(0.02 0.5875 0.05)
(0.06 0.5875 0.05)
(0.1 0.5875 0.05)
(0.14 0.5875 0.05)
(0.18 0.5875 0.05)
(0.22 0.5875 0.05)
(0.26 0.5875 0.05)
(0.3 0.5875 0.05)
(0.34 0.5875 0.05)
(0.38 0.5875 0.05)
(0.42 0.5875 0.05)
(0.46 0.5875 0.05)
(0.5 0.5875 0.05)
(0.54 0.5875 0.05)
(0.58 0.5875 0.05)
(0.62 0.5875 0.05)
(0.66 0.5875 0.05)
(0.7 0.5875 0.05)
(0.74 0.5875 0.05)
(0.78 0.5875 0.05)
(0.82 0.5875 0.05)
(0.86 0.5875 0.05)
(0.9 0.5875 0.05)
(0.94 0.5875 0.05)
(0.98 0.5875 0.05)
(1.02 0.5875 0.05)
(1.06 0.5875 0.05)
(1.1 0.5875 0.05)
(1.14 0.5875 0.05)
(1.18 0.5875 0.05)
(1.22 0.5875 0.05)
(1.26 0.5875 0.05)
(1.3 0.5875 0.05)
(1.34 0.5875 0.05)
(1.38 0.5875 0.05)
(1.42 0.5875 0.05)
(1.46 0.5875 0.05)
(1.5 0.5875 0.05)
(1.54 0.5875 0.05)
(1.58 0.5875 0.05)
(1.62 0.5875 0.05)
(1.66 0.5875 0.05)
(1.7 0.5875 0.05)
(1.74 0.5875 0.05)
(1.78 0.5875 0.05)
(1.82 0.5875 0.05)
(1.86 0.5875 0.05)
(1.9 0.5875 0.05)
(1.94 0.5875 0.05)
(1.98 0.5875 0.05)
(0.02 0.6125 0.05)
(0.06 0.6125 0.05)
(0.1 0.6125 0.05)
(0.14 0.6125 0.05)
(0.18 0.6125 0.05)
(0.22 0.6125 0.05)
(0.26 0.6125 0.05)
(0.3 0.6125 0.05)
(0.34 0.6125 0.05)
(0.38 0.6125 0.05)
(0.42 0.6125 0.05)
(0.46 0.6125 0.05)
(0.5 0.6125 0.05)
(0.54 0.6125 0.05)
(0.58 0.6125 0.05)
(0.62 0.6125 0.05)
(0.66 0.6125 0.05)
(0.7 0.6125 0.05)
(0.74 0.6125 0.05)
(0.78 0.6125 0.05)
(0.82 0.6125 0.05)
(0.86 0.6125 0.05)
(0.9 0.6125 0.05)
(0.94 0.6125 0.05)
(0.98 0.6125 0.05)
(1.02 0.6125 0.05)
(1.06 0.6125 0.05)
(1.1 0.6125 0.05)
(1.14 0.6125 0.05)
(1.18 0.6125 0.05)
(1.22 0.6125 0.05)
(1.26 0.6125 0.05)
(1.3 0.6125 0.05)
(1.34 0.6125 0.05)
(1.38 0.6125 0.05)
(1.42 0.6125 0.05)
(1.46 0.6125 0.05)
(1.5 0.6125 0.05)
(1.54 0.6125 0.05)
(1.58 0.6125 0.05)
(1.62 0.6125 0.05)
(1.66 0.6125 0.05)
(1.7 0.6125 0.05)
(1.74 0.6125 0.05)
(1.78 0.6125 0.05)
(1.82 0.6125 0.05)
(1.86 0.6125 0.05)
(1.9 0.6125 0.05)
(1.94 0.6125 0.05)
(1.98 0.6125 0.05)
(0.02 0.6375 0.05)
(0.06 0.6375 0.05)
(0.1 0.6375 0.05)
(0.14 0.6375 0.05)
(0.18 0.6375 0.05)
(0.22 0.6375 0.05)
(0.26 0.6375 0.05)
(0.3 0.6375 0.05)
(0.34 0.6375 0.05)
(0.38 0.6375 0.05)
(0.42 0.6375 0.05)
(0.46 0.6375 0.05)
(0.5 0.6375 0.05)
(0.54 0.6375 0.05)
(0.58 0.6375 0.05)
(0.62 0.6375 0.05)
(0.66 0.6375 0.05)
(0.7 0.6375 0.05)
(0.74 0.6375 0.05)
(0.78 0.6375 0.05)
(0.82 0.6375 0.05)
(0.86 0.6375 0.05)
(0.9 0.6375 0.05)
(0.94 0.6375 0.05)
(0.98 0.6375 0.05)
(1.02 0.6375 0.05)
(1.06 0.6375 0.05)
(1.1 0.6375 0.05)
(1.14 0.6375 0.05)
(1.18 0.6375 0.05)
(1.22 0.6375 0.05)
(1.26 0.6375 0.05)
(1.3 0.6375 0.05)
(1.34 0.6375 0.05)
(1.38 0.6375 0.05)
(1.42 0.6375 0.05)
(1.46 0.6375 0.05)
(1.5 0.6375 0.05)
(1.54 0.6375 0.05)
(1.58 0.6375 0.05)
(1.62 0.6375 0.05)
(1.66 0.6375 0.05)
(1.7 0.6375 0.05)
(1.74 0.6375 0.05)
(1.78 0.6375 0.05)
(1.82 0.6375 0.05)
(1.86 0.6375 0.05)
(1.9 0.6375 0.05)
(1.94 0.6375 0.05)
(1.98 0.6375 0.05)
(0.02 0.6625 0.05)
(0.06 0.6625 0.05)
(0.1 0.6625 0.05)
(0.14 0.6625 0.05)
(0.18 0.6625 0.05)
(0.22 0.6625 0.05)
(0.26 0.6625 0.05)
(0.3 0.6625 0.05)
(0.34 0.6625 0.05)
(0.38 0.6625 0.05)
(0.42 0.6625 0.05)
(0.46 0.6625 0.05)
(0.5 0.6625 0.05)
(0.54 0.6625 0.05)
(0.58 0.6625 0.05)
(0.62 0.6625 0.05)
(0.66 0.6625 0.05)
(0.7 0.6625 0.05)
(0.74 0.6625 0.05)
(0.78 0.6625 0.05)
(0.82 0.6625 0.05)
(0.86 0.6625 0.05)
(0.9 0.6625 0.05)
(0.94 0.6625 0.05)
(0.98 0.6625 0.05)
(1.02 0.6625 0.05)
(1.06 0.6625 0.05)
(1.1 0.6625 0.05)
(1.14 0.6625 0.05)
(1.18 0.6625 0.05)
(1.22 0.6625 0.05)
(1.26 0.6625 0.05)
(1.3 0.6625 0.05)
(1.34 0.6625 0.05)
(1.38 0.6625 0.05)
(1.42 0.6625 0.05)
(1.46 0.6625 0.05)
(1.5 0.6625 0.05)
(1.54 0.6625 0.05)
(1.58 0.6625 0.05)
(1.62 0.6625 0.05)
(1.66 0.6625 0.05)
(1.7 0.6625 0.05)
(1.74 0.6625 0.05)
(1.78 0.6625 0.05)
(1.82 0.6625 0.05)
(1.86 0.6625 0.05)
(1.9 0.6625 0.05)
(1.94 0.6625 0.05)
(1.98 0.6625 0.05)
(0.02 0.6875 0.05)
(0.06 0.6875 0.05)
(0.1 0.6875 0.05)
(0.14 0.6875 0.05)
(0.18 0.6875 0.05)
(0.22 0.6875 0.05)
(0.26 0.6875 0.05)
(0.3 0.6875 0.05)
(0.34 0.6875 0.05)
(0.38 0.6875 0.05)
(0.42 0.6875 0.05)
(0.46 0.6875 0.05)
(0.5 0.6875 0.05)
(0.54 0.6875 0.05)
(0.58 0.6875 0.05)
(0.62 0.6875 0.05)
(0.66 0.6875 0.05)
(0.7 0.6875 0.05)
(0.74 0.6875 0.05)
(0.78 0.6875 0.05)
(0.82 0.6875 0.05)
(0.86 0.6875 0.05)
(0.9 0.6875 0.05)
(0.94 0.6875 0.05)
(0.98 0.6875 0.05)
(1.02 0.6875 0.05)
(1.06 0.6875 0.05)
(1.1 0.6875 0.05)
(1.14 0.6875 0.05)
(1.18 0.6875 0.05)
(1.22 0.6875 0.05)
(1.26 0.6875 0.05)
(1.3 0.6875 0.05)
(1.34 0.6875 0.05)
(1.38 0.6875 0.05)
(1.42 0.6875 0.05)
(1.46 0.6875 0.05)
(1.5 0.6875 0.05)
(1.54 0.6875 0.05)
(1.58 0.6875 0.05)
(1.62 0.6875 0.05)
(1.66 0.6875 0.05)
(1.7 0.6875 0.05)
(1.74 0.6875 0.05)
(1.78 0.6875 0.05)
(1.82 0.6875 0.05)
(1.86 0.6875 0.05)
(1.9 0.6875 0.05)
(1.94 0.6875 0.05)
(1.98 0.6875 0.05)
(0.02 0.7125 0.05)
(0.06 0.7125 0.05)
(0.1 0.7125 0.05)
(0.14 0.7125 0.05)
(0.18 0.7125 0.05)
(0.22 0.7125 0.05)
(0.26 0.7125 0.05)
(0.3 0.7125 0.05)
(0.34 0.7125 0.05)
(0.38 0.7125 0.05)
(0.42 0.7125 0.05)
(0.46 0.7125 0.05)
(0.5 0.7125 0.05)
(0.54 0.7125 0.05)
(0.58 0.7125 0.05)
(0.62 0.7125 0.05)
(0.66 0.7125 0.05)
(0.7 0.7125 0.05)
(0.74 0.7125 0.05)
(0.78 0.7125 0.05)
(0.82 0.7125 0.05)
(0.86 0.7125 0.05)
(0.9 0.7125 0.05)
(0.94 0.7125 0.05)
(0.98 0.7125 0.05)
(1.02 0.7125 0.05)
(1.06 0.7125 0.05)
(1.1 0.7125 0.05)
(1.14 0.7125 0.05)
(1.18 0.7125 0.05)
(1.22 0.7125 0.05)
(1.26 0.7125 0.05)
(1.3 0.7125 0.05)
(1.34 0.7125 0.05)
(1.38 0.7125 0.05)
(1.42 0.7125 0.05)
(1.46 0.7125 0.05)
(1.5 0.7125 0.05)
(1.54 0.7125 0.05)
(1.58 0.7125 0.05)
(1.62 0.7125 0.05)
(1.66 0.7125 0.05)
(1.7 0.7125 0.05)
(1.74 0.7125 0.05)
(1.78 0.7125 0.05)
(1.82 0.7125 0.05)
(1.86 0.7125 0.05)
(1.9 0.7125 0.05)
(1.94 0.7125 0.05)
(1.98 0.7125 0.05)
(0.02 0.7375 0.05)
(0.06 0.7375 0.05)
(0.1 0.7375 0.05)
(0.14 0.7375 0.05)
(0.18 0.7375 0.05)
(0.22 0.7375 0.05)
(0.26 0.7375 0.05)
(0.3 0.7375 0.05)
(0.34 0.7375 0.05)
(0.38 0.7375 0.05)
(0.42 0.7375 0.05)
(0.46 0.7375 0.05)
(0.5 0.7375 0.05)
(0.54 0.7375 0.05)
(0.58 0.7375 0.05)
(0.62 0.7375 0.05)
(0.66 0.7375 0.05)
(0.7 0.7375 0.05)
(0.74 0.7375 0.05)
(0.78 0.7375 0.05)
(0.82 0.7375 0.05)
(0.86 0.7375 0.05)
(0.9 0.7375 0.05)
(0.94 0.7375 0.05)
(0.98 0.7375 0.05)
(1.02 0.7375 0.05)
(1.06 0.7375 0.05)
(1.1 0.7375 0.05)
(1.14 0.7375 0.05)
(1.18 0.7375 0.05)
(1.22 0.7375 0.05)
(1.26 0.7375 0.05)
(1.3 0.7375 0.05)
(1.34 0.7375 0.05)
(1.38 0.7375 0.05)
(1.42 0.7375 0.05)
(1.46 0.7375 0.05)
(1.5 0.7375 0.05)
(1.54 0.7375 0.05)
(1.58 0.7375 0.05)
(1.62 0.7375 0.05)
(1.66 0.7375 0.05)
(1.7 0.7375 0.05)
(1.74 0.7375 0.05)
(1.78 0.7375 0.05)
(1.82 0.7375 0.05)
(1.86 0.7375 0.05)
(1.9 0.7375 0.05)
(1.94 0.7375 0.05)
(1.98 0.7375 0.05)
(0.02 0.7625 0.05)
(0.06 0.7625 0.05)
(0.1 0.7625 0.05)
(0.14 0.7625 0.05)
(0.18 0.7625 0.05)
(0.22 0.7625 0.05)
(0.26 0.7625 0.05)
(0.3 0.7625 0.05)
(0.34 0.7625 0.05)
(0.38 0.7625 0.05)
(0.42 0.7625 0.05)
(0.46 0.7625 0.05)
(0.5 0.7625 0.05)
(0.54 0.7625 0.05)
(0.58 0.7625 0.05)
(0.62 0.7625 0.05)
(0.66 0.7625 0.05)
(0.7 0.7625 0.05)
(0.74 0.7625 0.05)
(0.78 0.7625 0.05)
(0.82 0.7625 0.05)
(0.86 0.7625 0.05)
(0.9 0.7625 0.05)
(0.94 0.7625 0.05)
(0.98 0.7625 0.05)
(1.02 0.7625 0.05)
(1.06 0.7625 0.05)
(1.1 0.7625 0.05)
(1.14 0.7625 0.05)
(1.18 0.7625 0.05)
(1.22 0.7625 0.05)
(1.26 0.7625 0.05)
(1.3 0.7625 0.05)
(1.34 0.7625 0.05)
(1.38 0.7625 0.05)
(1.42 0.7625 0.05)
(1.46 0.7625 0.05)
(1.5 0.7625 0.05)
(1.54 0.7625 0.05)
(1.58 0.7625 0.05)
(1.62 0.7625 0.05)
(1.66 0.7625 0.05)
(1.7 0.7625 0.05)
(1.74 0.7625 0.05)
(1.78 0.7625 0.05)
(1.82 0.7625 0.05)
(1.86 0.7625 0.05)
(1.9 0.7625 0.05)
(1.94 0.7625 0.05)
(1.98 0.7625 0.05)
(0.02 0.7875 0.05)
(0.06 0.7875 0.05)
(0.1 0.7875 0.05)
(0.14 0.7875 0.05)
(0.18 0.7875 0.05)
(0.22 0.7875 0.05)
(0.26 0.7875 0.05)
(0.3 0.7875 0.05)
(0.34 0.7875 0.05)
(0.38 0.7875 0.05)
(0.42 0.7875 0.05)
(0.46 0.7875 0.05)
(0.5 0.7875 0.05)
(0.54 0.7875 0.05)
(0.58 0.7875 0.05)
(0.62 0.7875 0.05)
(0.66 0.7875 0.05)
(0.7 0.7875 0.05)
(0.74 0.7875 0.05)
(0.78 0.7875 0.05)
(0.82 0.7875 0.05)
(0.86 0.7875 0.05)
(0.9 0.7875 0.05)
(0.94 0.7875 0.05)
(0.98 0.7875 0.05)
(1.02 0.7875 0.05)
(1.06 0.7875 0.05)
(1.1 0.7875 0.05)
(1.14 0.7875 0.05)
(1.18 0.7875 0.05)
(1.22 0.7875 0.05)
(1.26 0.7875 0.05)
(1.3 0.7875 0.05)
(1.34 0.7875 0.05)
(1.38 0.7875 0.05)
(1.42 0.7875 0.05)
(1.46 0.7875 0.05)
(1.5 0.7875 0.05)
(1.54 0.7875 0.05)
(1.58 0.7875 0.05)
(1.62 0.7875 0.05)
(1.66 0.7875 0.05)
(1.7 0.7875 0.05)
(1.74 0.7875 0.05)
(1.78 0.7875 0.05)
(1.82 0.7875 0.05)
(1.86 0.7875 0.05)
(1.9 0.7875 0.05)
(1.94 0.7875 0.05)
(1.98 0.7875 0.05)
(0.02 0.8125 0.05)
(0.06 0.8125 0.05)
(0.1 0.8125 0.05)
(0.14 0.8125 0.05)
(0.18 0.8125 0.05)
(0.22 0.8125 0.05)
(0.26 0.8125 0.05)
(0.3 0.8125 0.05)
(0.34 0.8125 0.05)
(0.38 0.8125 0.05)
(0.42 0.8125 0.05)
(0.46 0.8125 0.05)
(0.5 0.8125 0.05)
(0.54 0.8125 0.05)
(0.58 0.8125 0.05)
(0.62 0.8125 0.05)
(0.66 0.8125 0.05)
(0.7 0.8125 0.05)
(0.74 0.8125 0.05)
(0.78 0.8125 0.05)
(0.82 0.8125 0.05)
(0.86 0.8125 0.05)
(0.9 0.8125 0.05)
(0.94 0.8125 0.05)
(0.98 0.8125 0.05)
(1.02 0.8125 0.05)
(1.06 0.8125 0.05)
(1.1 0.8125 0.05)
(1.14 0.8125 0.05)
(1.18 0.8125 0.05)
(1.22 0.8125 0.05)
(1.26 0.8125 0.05)
(1.3 0.8125 0.05)
(1.34 0.8125 0.05)
(1.38 0.8125 0.05)
(1.42 0.8125 0.05)
(1.46 0.8125 0.05)
(1.5 0.8125 0.05)
(1.54 0.8125 0.05)
(1.58 0.8125 0.05)
(1.62 0.8125 0.05)
(1.66 0.8125 0.05)
(1.7 0.8125 0.05)
(1.74 0.8125 0.05)
(1.78 0.8125 0.05)
(1.82 0.8125 0.05)
(1.86 0.8125 0.05)
(1.9 0.8125 0.05)
(1.94 0.8125 0.05)
(1.98 0.8125 0.05)
(0.02 0.8375 0.05)
(0.06 0.8375 0.05)
(0.1 0.8375 0.05)
(0.14 0.8375 0.05)
(0.18 0.8375 0.05)
(0.22 0.8375 0.05)
(0.26 0.8375 0.05)
(0.3 0.8375 0.05)
(0.34 0.8375 0.05)
(0.38 0.8375 0.05)
(0.42 0.8375 0.05)
(0.46 0.8375 0.05)
(0.5 0.8375 0.05)
(0.54 0.8375 0.05)
(0.58 0.8375 0.05)
(0.62 0.8375 0.05)
(0.66 0.8375 0.05)
(0.7 0.8375 0.05)
(0.74 0.8375 0.05)
(0.78 0.8375 0.05)
(0.82 0.8375 0.05)
(0.86 0.8375 0.05)
(0.9 0.8375 0.05)
(0.94 0.8375 0.05)
(0.98 0.8375 0.05)
(1.02 0.8375 0.05)
(1.06 0.8375 0.05)
(1.1 0.8375 0.05)
(1.14 0.8375 0.05)
(1.18 0.8375 0.05)
(1.22 0.8375 0.05)
(1.26 0.8375 0.05)
(1.3 0.8375 0.05)
(1.34 0.8375 0.05)
(1.38 0.8375 0.05)
(1.42 0.8375 0.05)
(1.46 0.8375 0.05)
(1.5 0.8375 0.05)
(1.54 0.8375 0.05)
(1.58 0.8375 0.05)
(1.62 0.8375 0.05)
(1.66 0.8375 0.05)
(1.7 0.8375 0.05)
(1.74 0.8375 0.05)
(1.78 0.8375 0.05)
(1.82 0.8375 0.05)
(1.86 0.8375 0.05)
(1.9 0.8375 0.05)
(1.94 0.8375 0.05)
(1.98 0.8375 0.05)
(0.02 0.8625 0.05)
(0.06 0.8625 0.05)
(0.1 0.8625 0.05)
(0.14 0.8625 0.05)
(0.18 0.8625 0.05)
(0.22 0.8625 0.05)
(0.26 0.8625 0.05)
(0.3 0.8625 0.05)
(0.34 0.8625 0.05)
(0.38 0.8625 0.05)
(0.42 0.8625 0.05)
(0.46 0.8625 0.05)
(0.5 0.8625 0.05)
(0.54 0.8625 0.05)
(0.58 0.8625 0.05)
(0.62 0.8625 0.05)
(0.66 0.8625 0.05)
(0.7 0.8625 0.05)
(0.74 0.8625 0.05)
(0.78 0.8625 0.05)
(0.82 0.8625 0.05)
(0.86 0.8625 0.05)
(0.9 0.8625 0.05)
(0.94 0.8625 0.05)
(0.98 0.8625 0.05)
(1.02 0.8625 0.05)
(1.06 0.8625 0.05)
(1.1 0.8625 0.05)
(1.14 0.8625 0.05)
(1.18 0.8625 0.05)
(1.22 0.8625 0.05)
(1.26 0.8625 0.05)
(1.3 0.8625 0.05)
(1.34 0.8625 0.05)
(1.38 0.8625 0.05)
(1.42 0.8625 0.05)
(1.46 0.8625 0.05)
(1.5 0.8625 0.05)
(1.54 0.8625 0.05)
(1.58 0.8625 0.05)
(1.62 0.8625 0.05)
(1.66 0.8625 0.05)
(1.7 0.8625 0.05)
(1.74 0.8625 0.05)
(1.78 0.8625 0.05)
(1.82 0.8625 0.05)
(1.86 0.8625 0.05)
(1.9 0.8625 0.05)
(1.94 0.8625 0.05)
(1.98 0.8625 0.05)
(0.02 0.8875 0.05)
(0.06 0.8875 0.05)
(0.1 0.8875 0.05)
(0.14 0.8875 0.05)
(0.18 0.8875 0.05)
(0.22 0.8875 0.05)
(0.26 0.8875 0.05)
(0.3 0.8875 0.05)
(0.34 0.8875 0.05)
(0.38 0.8875 0.05)
(0.42 0.8875 0.05)
(0.46 0.8875 0.05)
(0.5 0.8875 0.05)
(0.54 0.8875 0.05)
(0.58 0.8875 0.05)
(0.62 0.8875 0.05)
(0.66 0.8875 0.05)
(0.7 0.8875 0.05)
(0.74 0.8875 0.05)
(0.78 0.8875 0.05)
(0.82 0.8875 0.05)
(0.86 0.8875 0.05)
(0.9 0.8875 0.05)
(0.94 0.8875 0.05)
(0.98 0.8875 0.05)
(1.02 0.8875 0.05)
(1.06 0.8875 0.05)
(1.1 0.8875 0.05)
(1.14 0.8875 0.05)
(1.18 0.8875 0.05)
(1.22 0.8875 0.05)
(1.26 0.8875 0.05)
(1.3 0.8875 0.05)
(1.34 0.8875 0.05)
(1.38 0.8875 0.05)
(1.42 0.8875 0.05)
(1.46 0.8875 0.05)
(1.5 0.8875 0.05)
(1.54 0.8875 0.05)
(1.58 0.8875 0.05)
(1.62 0.8875 0.05)
(1.66 0.8875 0.05)
(1.7 0.8875 0.05)
(1.74 0.8875 0.05)
(1.78 0.8875 0.05)
(1.82 0.8875 0.05)
(1.86 0.8875 0.05)
(1.9 0.8875 0.05)
(1.94 0.8875 0.05)
(1.98 0.8875 0.05)
(0.02 0.9125 0.05)
(0.06 0.9125 0.05)
(0.1 0.9125 0.05)
(0.14 0.9125 0.05)
(0.18 0.9125 0.05)
(0.22 0.9125 0.05)
(0.26 0.9125 0.05)
(0.3 0.9125 0.05)
(0.34 0.9125 0.05)
(0.38 0.9125 0.05)
(0.42 0.9125 0.05)
(0.46 0.9125 0.05)
(0.5 0.9125 0.05)
(0.54 0.9125 0.05)
(0.58 0.9125 0.05)
(0.62 0.9125 0.05)
(0.66 0.9125 0.05)
(0.7 0.9125 0.05)
(0.74 0.9125 0.05)
(0.78 0.9125 0.05)
(0.82 0.9125 0.05)
(0.86 0.9125 0.05)
(0.9 0.9125 0.05)
(0.94 0.9125 0.05)
(0.98 0.9125 0.05)
(1.02 0.9125 0.05)
(1.06 0.9125 0.05)
(1.1 0.9125 0.05)
(1.14 0.9125 0.05)
(1.18 0.9125 0.05)
(1.22 0.9125 0.05)
(1.26 0.9125 0.05)
(1.3 0.9125 0.05)
(1.34 0.9125 0.05)
(1.38 0.9125 0.05)
(1.42 0.9125 0.05)
(1.46 0.9125 0.05)
(1.5 0.9125 0.05)
(1.54 0.9125 0.05)
(1.58 0.9125 0.05)
(1.62 0.9125 0.05)
(1.66 0.9125 0.05)
(1.7 0.9125 0.05)
(1.74 0.9125 0.05)
(1.78 0.9125 0.05)
(1.82 0.9125 0.05)
(1.86 0.9125 0.05)
(1.9 0.9125 0.05)
(1.94 0.9125 0.05)
(1.98 0.9125 0.05)
(0.02 0.9375 0.05)
(0.06 0.9375 0.05)
(0.1 0.9375 0.05)
(0.14 0.9375 0.05)
(0.18 0.9375 0.05)
(0.22 0.9375 0.05)
(0.26 0.9375 0.05)
(0.3 0.9375 0.05)
(0.34 0.9375 0.05)
(0.38 0.9375 0.05)
(0.42 0.9375 0.05)
(0.46 0.9375 0.05)
(0.5 0.9375 0.05)
(0.54 0.9375 0.05)
(0.58 0.9375 0.05)
(0.62 0.9375 0.05)
(0.66 0.9375 0.05)
(0.7 0.9375 0.05)
(0.74 0.9375 0.05)
(0.78 0.9375 0.05)
(0.82 0.9375 0.05)
(0.86 0.9375 0.05)
(0.9 0.9375 0.05)
(0.94 0.9375 0.05)
(0.98 0.9375 0.05)
(1.02 0.9375 0.05)
(1.06 0.9375 0.05)
(1.1 0.9375 0.05)
(1.14 0.9375 0.05)
(1.18 0.9375 0.05)
(1.22 0.9375 0.05)
(1.26 0.9375 0.05)
(1.3 0.9375 0.05)
(1.34 0.9375 0.05)
(1.38 0.9375 0.05)
(1.42 0.9375 0.05)
(1.46 0.9375 0.05)
(1.5 0.9375 0.05)
(1.54 0.9375 0.05)
(1.58 0.9375 0.05)
(1.62 0.9375 0.05)
(1.66 0.9375 0.05)
(1.7 0.9375 0.05)
(1.74 0.9375 0.05)
(1.78 0.9375 0.05)
(1.82 0.9375 0.05)
(1.86 0.9375 0.05)
(1.9 0.9375 0.05)
(1.94 0.9375 0.05)
(1.98 0.9375 0.05)
(0.02 0.9625 0.05)
(0.06 0.9625 0.05)
(0.1 0.9625 0.05)
(0.14 0.9625 0.05)
(0.18 0.9625 0.05)
(0.22 0.9625 0.05)
(0.26 0.9625 0.05)
(0.3 0.9625 0.05)
(0.34 0.9625 0.05)
(0.38 0.9625 0.05)
(0.42 0.9625 0.05)
(0.46 0.9625 0.05)
(0.5 0.9625 0.05)
(0.54 0.9625 0.05)
(0.58 0.9625 0.05)
(0.62 0.9625 0.05)
(0.66 0.9625 0.05)
(0.7 0.9625 0.05)
(0.74 0.9625 0.05)
(0.78 0.9625 0.05)
(0.82 0.9625 0.05)
(0.86 0.9625 0.05)
(0.9 0.9625 0.05)
(0.94 0.9625 0.05)
(0.98 0.9625 0.05)
(1.02 0.9625 0.05)
(1.06 0.9625 0.05)
(1.1 0.9625 0.05)
(1.14 0.9625 0.05)
(1.18 0.9625 0.05)
(1.22 0.9625 0.05)
(1.26 0.9625 0.05)
(1.3 0.9625 0.05)
(1.34 0.9625 0.05)
(1.38 0.9625 0.05)
(1.42 0.9625 0.05)
(1.46 0.9625 0.05)
(1.5 0.9625 0.05)
(1.54 0.9625 0.05)
(1.58 0.9625 0.05)
(1.62 0.9625 0.05)
(1.66 0.9625 0.05)
(1.7 0.9625 0.05)
(1.74 0.9625 0.05)
(1.78 0.9625 0.05)
(1.82 0.9625 0.05)
(1.86 0.9625 0.05)
(1.9 0.9625 0.05)
(1.94 0.9625 0.05)
(1.98 0.9625 0.05)
(0.02 0.9875 0.05)
(0.06 0.9875 0.05)
(0.1 0.9875 0.05)
(0.14 0.9875 0.05)
(0.18 0.9875 0.05)
(0.22 0.9875 0.05)
(0.26 0.9875 0.05)
(0.3 0.9875 0.05)
(0.34 0.9875 0.05)
(0.38 0.9875 0.05)
(0.42 0.9875 0.05)
(0.46 0.9875 0.05)
(0.5 0.9875 0.05)
(0.54 0.9875 0.05)
(0.58 0.9875 0.05)
(0.62 0.9875 0.05)
(0.66 0.9875 0.05)
(0.7 0.9875 0.05)
(0.74 0.9875 0.05)
(0.78 0.9875 0.05)
(0.82 0.9875 0.05)
(0.86 0.9875 0.05)
(0.9 0.9875 0.05)
(0.94 0.9875 0.05)
(0.98 0.9875 0.05)
(1.02 0.9875 0.05)
(1.06 0.9875 0.05)
(1.1 0.9875 0.05)
(1.14 0.9875 0.05)
(1.18 0.9875 0.05)
(1.22 0.9875 0.05)
(1.26 0.9875 0.05)
(1.3 0.9875 0.05)
(1.34 0.9875 0.05)
(1.38 0.9875 0.05)
(1.42 0.9875 0.05)
(1.46 0.9875 0.05)
(1.5 0.9875 0.05)
(1.54 0.9875 0.05)
(1.58 0.9875 0.05)
(1.62 0.9875 0.05)
(1.66 0.9875 0.05)
(1.7 0.9875 0.05)
(1.74 0.9875 0.05)
(1.78 0.9875 0.05)
(1.82 0.9875 0.05)
(1.86 0.9875 0.05)
(1.9 0.9875 0.05)
(1.94 0.9875 0.05)
(1.98 0.9875 0.05)
(2.025 0.0125 0.05)
(2.075 0.0125 0.05)
(2.125 0.0125 0.05)
(2.175 0.0125 0.05)
(2.225 0.0125 0.05)
(2.275 0.0125 0.05)
(2.325 0.0125 0.05)
(2.375 0.0125 0.05)
(2.425 0.0125 0.05)
(2.475 0.0125 0.05)
(2.525 0.0125 0.05)
(2.575 0.0125 0.05)
(2.625 0.0125 0.05)
(2.675 0.0125 0.05)
(2.725 0.0125 0.05)
(2.775 0.0125 0.05)
(2.825 0.0125 0.05)
(2.875 0.0125 0.05)
(2.925 0.0125 0.05)
(2.975 0.0125 0.05)
(3.025 0.0125 0.05)
(3.075 0.0125 0.05)
(3.125 0.0125 0.05)
(3.175 0.0125 0.05)
(3.225 0.0125 0.05)
(3.275 0.0125 0.05)
(3.325 0.0125 0.05)
(3.375 0.0125 0.05)
(3.425 0.0125 0.05)
(3.475 0.0125 0.05)
(3.525 0.0125 0.05)
(3.575 0.0125 0.05)
(3.625 0.0125 0.05)
(3.675 0.0125 0.05)
(3.725 0.0125 0.05)
(3.775 0.0125 0.05)
(3.825 0.0125 0.05)
(3.875 0.0125 0.05)
(3.925 0.0125 0.05)
(3.975 0.0125 0.05)
(4.025 0.0125 0.05)
(4.075 0.0125 0.05)
(4.125 0.0125 0.05)
(4.175 0.0125 0.05)
(4.225 0.0125 0.05)
(4.275 0.0125 0.05)
(4.325 0.0125 0.05)
(4.375 0.0125 0.05)
(4.425 0.0125 0.05)
(4.475 0.0125 0.05)
(4.525 0.0125 0.05)
(4.575 0.0125 0.05)
(4.625 0.0125 0.05)
(4.675 0.0125 0.05)
(4.725 0.0125 0.05)
(4.775 0.0125 0.05)
(4.825 0.0125 0.05)
(4.875 0.0125 0.05)
(4.925 0.0125 0.05)
(4.975 0.0125 0.05)
(5.025 0.0125 0.05)
(5.075 0.0125 0.05)
(5.125 0.0125 0.05)
(5.175 0.0125 0.05)
(5.225 0.0125 0.05)
(5.275 0.0125 0.05)
(5.325 0.0125 0.05)
(5.375 0.0125 0.05)
(5.425 0.0125 0.05)
(5.475 0.0125 0.05)
(5.525 0.0125 0.05)
(5.575 0.0125 0.05)
(5.625 0.0125 0.05)
(5.675 0.0125 0.05)
(5.725 0.0125 0.05)
(5.775 0.0125 0.05)
(5.825 0.0125 0.05)
(5.875 0.0125 0.05)
(5.925 0.0125 0.05)
(5.975 0.0125 0.05)
(6.025 0.0125 0.05)
(6.075 0.0125 0.05)
(6.125 0.0125 0.05)
(6.175 0.0125 0.05)
(6.225 0.0125 0.05)
(6.275 0.0125 0.05)
(6.325 0.0125 0.05)
(6.375 0.0125 0.05)
(6.425 0.0125 0.05)
(6.475 0.0125 0.05)
(6.525 0.0125 0.05)
(6.575 0.0125 0.05)
(6.625 0.0125 0.05)
(6.675 0.0125 0.05)
(6.725 0.0125 0.05)
(6.775 0.0125 0.05)
(6.825 0.0125 0.05)
(6.875 0.0125 0.05)
(6.925 0.0125 0.05)
(6.975 0.0125 0.05)
(2.025 0.0375 0.05)
(2.075 0.0375 0.05)
(2.125 0.0375 0.05)
(2.175 0.0375 0.05)
(2.225 0.0375 0.05)
(2.275 0.0375 0.05)
(2.325 0.0375 0.05)
(2.375 0.0375 0.05)
(2.425 0.0375 0.05)
(2.475 0.0375 0.05)
(2.525 0.0375 0.05)
(2.575 0.0375 0.05)
(2.625 0.0375 0.05)
(2.675 0.0375 0.05)
(2.725 0.0375 0.05)
(2.775 0.0375 0.05)
(2.825 0.0375 0.05)
(2.875 0.0375 0.05)
(2.925 0.0375 0.05)
(2.975 0.0375 0.05)
(3.025 0.0375 0.05)
(3.075 0.0375 0.05)
(3.125 0.0375 0.05)
(3.175 0.0375 0.05)
(3.225 0.0375 0.05)
(3.275 0.0375 0.05)
(3.325 0.0375 0.05)
(3.375 0.0375 0.05)
(3.425 0.0375 0.05)
(3.475 0.0375 0.05)
(3.525 0.0375 0.05)
(3.575 0.0375 0.05)
(3.625 0.0375 0.05)
(3.675 0.0375 0.05)
(3.725 0.0375 0.05)
(3.775 0.0375 0.05)
(3.825 0.0375 0.05)
(3.875 0.0375 0.05)
(3.925 0.0375 0.05)
(3.975 0.0375 0.05)
(4.025 0.0375 0.05)
(4.075 0.0375 0.05)
(4.125 0.0375 0.05)
(4.175 0.0375 0.05)
(4.225 0.0375 0.05)
(4.275 0.0375 0.05)
(4.325 0.0375 0.05)
(4.375 0.0375 0.05)
(4.425 0.0375 0.05)
(4.475 0.0375 0.05)
(4.525 0.0375 0.05)
(4.575 0.0375 0.05)
(4.625 0.0375 0.05)
(4.675 0.0375 0.05)
(4.725 0.0375 0.05)
(4.775 0.0375 0.05)
(4.825 0.0375 0.05)
(4.875 0.0375 0.05)
(4.925 0.0375 0.05)
(4.975 0.0375 0.05)
(5.025 0.0375 0.05)
(5.075 0.0375 0.05)
(5.125 0.0375 0.05)
(5.175 0.0375 0.05)
(5.225 0.0375 0.05)
(5.275 0.0375 0.05)
(5.325 0.0375 0.05)
(5.375 0.0375 0.05)
(5.425 0.0375 0.05)
(5.475 0.0375 0.05)
(5.525 0.0375 0.05)
(5.575 0.0375 0.05)
(5.625 0.0375 0.05)
(5.675 0.0375 0.05)
(5.725 0.0375 0.05)
(5.775 0.0375 0.05)
(5.825 0.0375 0.05)
(5.875 0.0375 0.05)
(5.925 0.0375 0.05)
(5.975 0.0375 0.05)
(6.025 0.0375 0.05)
(6.075 0.0375 0.05)
(6.125 0.0375 0.05)
(6.175 0.0375 0.05)
(6.225 0.0375 0.05)
(6.275 0.0375 0.05)
(6.325 0.0375 0.05)
(6.375 0.0375 0.05)
(6.425 0.0375 0.05)
(6.475 0.0375 0.05)
(6.525 0.0375 0.05)
(6.575 0.0375 0.05)
(6.625 0.0375 0.05)
(6.675 0.0375 0.05)
(6.725 0.0375 0.05)
(6.775 0.0375 0.05)
(6.825 0.0375 0.05)
(6.875 0.0375 0.05)
(6.925 0.0375 0.05)
(6.975 0.0375 0.05)
(2.025 0.0625 0.05)
(2.075 0.0625 0.05)
(2.125 0.0625 0.05)
(2.175 0.0625 0.05)
(2.225 0.0625 0.05)
(2.275 0.0625 0.05)
(2.325 0.0625 0.05)
(2.375 0.0625 0.05)
(2.425 0.0625 0.05)
(2.475 0.0625 0.05)
(2.525 0.0625 0.05)
(2.575 0.0625 0.05)
(2.625 0.0625 0.05)
(2.675 0.0625 0.05)
(2.725 0.0625 0.05)
(2.775 0.0625 0.05)
(2.825 0.0625 0.05)
(2.875 0.0625 0.05)
(2.925 0.0625 0.05)
(2.975 0.0625 0.05)
(3.025 0.0625 0.05)
(3.075 0.0625 0.05)
(3.125 0.0625 0.05)
(3.175 0.0625 0.05)
(3.225 0.0625 0.05)
(3.275 0.0625 0.05)
(3.325 0.0625 0.05)
(3.375 0.0625 0.05)
(3.425 0.0625 0.05)
(3.475 0.0625 0.05)
(3.525 0.0625 0.05)
(3.575 0.0625 0.05)
(3.625 0.0625 0.05)
(3.675 0.0625 0.05)
(3.725 0.0625 0.05)
(3.775 0.0625 0.05)
(3.825 0.0625 0.05)
(3.875 0.0625 0.05)
(3.925 0.0625 0.05)
(3.975 0.0625 0.05)
(4.025 0.0625 0.05)
(4.075 0.0625 0.05)
(4.125 0.0625 0.05)
(4.175 0.0625 0.05)
(4.225 0.0625 0.05)
(4.275 0.0625 0.05)
(4.325 0.0625 0.05)
(4.375 0.0625 0.05)
(4.425 0.0625 0.05)
(4.475 0.0625 0.05)
(4.525 0.0625 0.05)
(4.575 0.0625 0.05)
(4.625 0.0625 0.05)
(4.675 0.0625 0.05)
(4.725 0.0625 0.05)
(4.775 0.0625 0.05)
(4.825 0.0625 0.05)
(4.875 0.0625 0.05)
(4.925 0.0625 0.05)
(4.975 0.0625 0.05)
(5.025 0.0625 0.05)
(5.075 0.0625 0.05)
(5.125 0.0625 0.05)
(5.175 0.0625 0.05)
(5.225 0.0625 0.05)
(5.275 0.0625 0.05)
(5.325 0.0625 0.05)
(5.375 0.0625 0.05)
(5.425 0.0625 0.05)
(5.475 0.0625 0.05)
(5.525 0.0625 0.05)
(5.575 0.0625 0.05)
(5.625 0.0625 0.05)
(5.675 0.0625 0.05)
(5.725 0.0625 0.05)
(5.775 0.0625 0.05)
(5.825 0.0625 0.05)
(5.875 0.0625 0.05)
(5.925 0.0625 0.05)
(5.975 0.0625 0.05)
(6.025 0.0625 0.05)
(6.075 0.0625 0.05)
(6.125 0.0625 0.05)
(6.175 0.0625 0.05)
(6.225 0.0625 0.05)
(6.275 0.0625 0.05)
(6.325 0.0625 0.05)
(6.375 0.0625 0.05)
(6.425 0.0625 0.05)
(6.475 0.0625 0.05)
(6.525 0.0625 0.05)
(6.575 0.0625 0.05)
(6.625 0.0625 0.05)
(6.675 0.0625 0.05)
(6.725 0.0625 0.05)
(6.775 0.0625 0.05)
(6.825 0.0625 0.05)
(6.875 0.0625 0.05)
(6.925 0.0625 0.05)
(6.975 0.0625 0.05)
(2.025 0.0875 0.05)
(2.075 0.0875 0.05)
(2.125 0.0875 0.05)
(2.175 0.0875 0.05)
(2.225 0.0875 0.05)
(2.275 0.0875 0.05)
(2.325 0.0875 0.05)
(2.375 0.0875 0.05)
(2.425 0.0875 0.05)
(2.475 0.0875 0.05)
(2.525 0.0875 0.05)
(2.575 0.0875 0.05)
(2.625 0.0875 0.05)
(2.675 0.0875 0.05)
(2.725 0.0875 0.05)
(2.775 0.0875 0.05)
(2.825 0.0875 0.05)
(2.875 0.0875 0.05)
(2.925 0.0875 0.05)
(2.975 0.0875 0.05)
(3.025 0.0875 0.05)
(3.075 0.0875 0.05)
(3.125 0.0875 0.05)
(3.175 0.0875 0.05)
(3.225 0.0875 0.05)
(3.275 0.0875 0.05)
(3.325 0.0875 0.05)
(3.375 0.0875 0.05)
(3.425 0.0875 0.05)
(3.475 0.0875 0.05)
(3.525 0.0875 0.05)
(3.575 0.0875 0.05)
(3.625 0.0875 0.05)
(3.675 0.0875 0.05)
(3.725 0.0875 0.05)
(3.775 0.0875 0.05)
(3.825 0.0875 0.05)
(3.875 0.0875 0.05)
(3.925 0.0875 0.05)
(3.975 0.0875 0.05)
(4.025 0.0875 0.05)
(4.075 0.0875 0.05)
(4.125 0.0875 0.05)
(4.175 0.0875 0.05)
(4.225 0.0875 0.05)
(4.275 0.0875 0.05)
(4.325 0.0875 0.05)
(4.375 0.0875 0.05)
(4.425 0.0875 0.05)
(4.475 0.0875 0.05)
(4.525 0.0875 0.05)
(4.575 0.0875 0.05)
(4.625 0.0875 0.05)
(4.675 0.0875 0.05)
(4.725 0.0875 0.05)
(4.775 0.0875 0.05)
(4.825 0.0875 0.05)
(4.875 0.0875 0.05)
(4.925 0.0875 0.05)
(4.975 0.0875 0.05)
(5.025 0.0875 0.05)
(5.075 0.0875 0.05)
(5.125 0.0875 0.05)
(5.175 0.0875 0.05)
(5.225 0.0875 0.05)
(5.275 0.0875 0.05)
(5.325 0.0875 0.05)
(5.375 0.0875 0.05)
(5.425 0.0875 0.05)
(5.475 0.0875 0.05)
(5.525 0.0875 0.05)
(5.575 0.0875 0.05)
(5.625 0.0875 0.05)
(5.675 0.0875 0.05)
(5.725 0.0875 0.05)
(5.775 0.0875 0.05)
(5.825 0.0875 0.05)
(5.875 0.0875 0.05)
(5.925 0.0875 0.05)
(5.975 0.0875 0.05)
(6.025 0.0875 0.05)
(6.075 0.0875 0.05)
(6.125 0.0875 0.05)
(6.175 0.0875 0.05)
(6.225 0.0875 0.05)
(6.275 0.0875 0.05)
(6.325 0.0875 0.05)
(6.375 0.0875 0.05)
(6.425 0.0875 0.05)
(6.475 0.0875 0.05)
(6.525 0.0875 0.05)
(6.575 0.0875 0.05)
(6.625 0.0875 0.05)
(6.675 0.0875 0.05)
(6.725 0.0875 0.05)
(6.775 0.0875 0.05)
(6.825 0.0875 0.05)
(6.875 0.0875 0.05)
(6.925 0.0875 0.05)
(6.975 0.0875 0.05)
(2.025 0.1125 0.05)
(2.075 0.1125 0.05)
(2.125 0.1125 0.05)
(2.175 0.1125 0.05)
(2.225 0.1125 0.05)
(2.275 0.1125 0.05)
(2.325 0.1125 0.05)
(2.375 0.1125 0.05)
(2.425 0.1125 0.05)
(2.475 0.1125 0.05)
(2.525 0.1125 0.05)
(2.575 0.1125 0.05)
(2.625 0.1125 0.05)
(2.675 0.1125 0.05)
(2.725 0.1125 0.05)
(2.775 0.1125 0.05)
(2.825 0.1125 0.05)
(2.875 0.1125 0.05)
(2.925 0.1125 0.05)
(2.975 0.1125 0.05)
(3.025 0.1125 0.05)
(3.075 0.1125 0.05)
(3.125 0.1125 0.05)
(3.175 0.1125 0.05)
(3.225 0.1125 0.05)
(3.275 0.1125 0.05)
(3.325 0.1125 0.05)
(3.375 0.1125 0.05)
(3.425 0.1125 0.05)
(3.475 0.1125 0.05)
(3.525 0.1125 0.05)
(3.575 0.1125 0.05)
(3.625 0.1125 0.05)
(3.675 0.1125 0.05)
(3.725 0.1125 0.05)
(3.775 0.1125 0.05)
(3.825 0.1125 0.05)
(3.875 0.1125 0.05)
(3.925 0.1125 0.05)
(3.975 0.1125 0.05)
(4.025 0.1125 0.05)
(4.075 0.1125 0.05)
(4.125 0.1125 0.05)
(4.175 0.1125 0.05)
(4.225 0.1125 0.05)
(4.275 0.1125 0.05)
(4.325 0.1125 0.05)
(4.375 0.1125 0.05)
(4.425 0.1125 0.05)
(4.475 0.1125 0.05)
(4.525 0.1125 0.05)
(4.575 0.1125 0.05)
(4.625 0.1125 0.05)
(4.675 0.1125 0.05)
(4.725 0.1125 0.05)
(4.775 0.1125 0.05)
(4.825 0.1125 0.05)
(4.875 0.1125 0.05)
(4.925 0.1125 0.05)
(4.975 0.1125 0.05)
(5.025 0.1125 0.05)
(5.075 0.1125 0.05)
(5.125 0.1125 0.05)
(5.175 0.1125 0.05)
(5.225 0.1125 0.05)
(5.275 0.1125 0.05)
(5.325 0.1125 0.05)
(5.375 0.1125 0.05)
(5.425 0.1125 0.05)
(5.475 0.1125 0.05)
(5.525 0.1125 0.05)
(5.575 0.1125 0.05)
(5.625 0.1125 0.05)
(5.675 0.1125 0.05)
(5.725 0.1125 0.05)
(5.775 0.1125 0.05)
(5.825 0.1125 0.05)
(5.875 0.1125 0.05)
(5.925 0.1125 0.05)
(5.975 0.1125 0.05)
(6.025 0.1125 0.05)
(6.075 0.1125 0.05)
(6.125 0.1125 0.05)
(6.175 0.1125 0.05)
(6.225 0.1125 0.05)
(6.275 0.1125 0.05)
(6.325 0.1125 0.05)
(6.375 0.1125 0.05)
(6.425 0.1125 0.05)
(6.475 0.1125 0.05)
(6.525 0.1125 0.05)
(6.575 0.1125 0.05)
(6.625 0.1125 0.05)
(6.675 0.1125 0.05)
(6.725 0.1125 0.05)
(6.775 0.1125 0.05)
(6.825 0.1125 0.05)
(6.875 0.1125 0.05)
(6.925 0.1125 0.05)
(6.975 0.1125 0.05)
(2.025 0.1375 0.05)
(2.075 0.1375 0.05)
(2.125 0.1375 0.05)
(2.175 0.1375 0.05)
(2.225 0.1375 0.05)
(2.275 0.1375 0.05)
(2.325 0.1375 0.05)
(2.375 0.1375 0.05)
(2.425 0.1375 0.05)
(2.475 0.1375 0.05)
(2.525 0.1375 0.05)
(2.575 0.1375 0.05)
(2.625 0.1375 0.05)
(2.675 0.1375 0.05)
(2.725 0.1375 0.05)
(2.775 0.1375 0.05)
(2.825 0.1375 0.05)
(2.875 0.1375 0.05)
(2.925 0.1375 0.05)
(2.975 0.1375 0.05)
(3.025 0.1375 0.05)
(3.075 0.1375 0.05)
(3.125 0.1375 0.05)
(3.175 0.1375 0.05)
(3.225 0.1375 0.05)
(3.275 0.1375 0.05)
(3.325 0.1375 0.05)
(3.375 0.1375 0.05)
(3.425 0.1375 0.05)
(3.475 0.1375 0.05)
(3.525 0.1375 0.05)
(3.575 0.1375 0.05)
(3.625 0.1375 0.05)
(3.675 0.1375 0.05)
(3.725 0.1375 0.05)
(3.775 0.1375 0.05)
(3.825 0.1375 0.05)
(3.875 0.1375 0.05)
(3.925 0.1375 0.05)
(3.975 0.1375 0.05)
(4.025 0.1375 0.05)
(4.075 0.1375 0.05)
(4.125 0.1375 0.05)
(4.175 0.1375 0.05)
(4.225 0.1375 0.05)
(4.275 0.1375 0.05)
(4.325 0.1375 0.05)
(4.375 0.1375 0.05)
(4.425 0.1375 0.05)
(4.475 0.1375 0.05)
(4.525 0.1375 0.05)
(4.575 0.1375 0.05)
(4.625 0.1375 0.05)
(4.675 0.1375 0.05)
(4.725 0.1375 0.05)
(4.775 0.1375 0.05)
(4.825 0.1375 0.05)
(4.875 0.1375 0.05)
(4.925 0.1375 0.05)
(4.975 0.1375 0.05)
(5.025 0.1375 0.05)
(5.075 0.1375 0.05)
(5.125 0.1375 0.05)
(5.175 0.1375 0.05)
(5.225 0.1375 0.05)
(5.275 0.1375 0.05)
(5.325 0.1375 0.05)
(5.375 0.1375 0.05)
(5.425 0.1375 0.05)
(5.475 0.1375 0.05)
(5.525 0.1375 0.05)
(5.575 0.1375 0.05)
(5.625 0.1375 0.05)
(5.675 0.1375 0.05)
(5.725 0.1375 0.05)
(5.775 0.1375 0.05)
(5.825 0.1375 0.05)
(5.875 0.1375 0.05)
(5.925 0.1375 0.05)
(5.975 0.1375 0.05)
(6.025 0.1375 0.05)
(6.075 0.1375 0.05)
(6.125 0.1375 0.05)
(6.175 0.1375 0.05)
(6.225 0.1375 0.05)
(6.275 0.1375 0.05)
(6.325 0.1375 0.05)
(6.375 0.1375 0.05)
(6.425 0.1375 0.05)
(6.475 0.1375 0.05)
(6.525 0.1375 0.05)
(6.575 0.1375 0.05)
(6.625 0.1375 0.05)
(6.675 0.1375 0.05)
(6.725 0.1375 0.05)
(6.775 0.1375 0.05)
(6.825 0.1375 0.05)
(6.875 0.1375 0.05)
(6.925 0.1375 0.05)
(6.975 0.1375 0.05)
(2.025 0.1625 0.05)
(2.075 0.1625 0.05)
(2.125 0.1625 0.05)
(2.175 0.1625 0.05)
(2.225 0.1625 0.05)
(2.275 0.1625 0.05)
(2.325 0.1625 0.05)
(2.375 0.1625 0.05)
(2.425 0.1625 0.05)
(2.475 0.1625 0.05)
(2.525 0.1625 0.05)
(2.575 0.1625 0.05)
(2.625 0.1625 0.05)
(2.675 0.1625 0.05)
(2.725 0.1625 0.05)
(2.775 0.1625 0.05)
(2.825 0.1625 0.05)
(2.875 0.1625 0.05)
(2.925 0.1625 0.05)
(2.975 0.1625 0.05)
(3.025 0.1625 0.05)
(3.075 0.1625 0.05)
(3.125 0.1625 0.05)
(3.175 0.1625 0.05)
(3.225 0.1625 0.05)
(3.275 0.1625 0.05)
(3.325 0.1625 0.05)
(3.375 0.1625 0.05)
(3.425 0.1625 0.05)
(3.475 0.1625 0.05)
(3.525 0.1625 0.05)
(3.575 0.1625 0.05)
(3.625 0.1625 0.05)
(3.675 0.1625 0.05)
(3.725 0.1625 0.05)
(3.775 0.1625 0.05)
(3.825 0.1625 0.05)
(3.875 0.1625 0.05)
(3.925 0.1625 0.05)
(3.975 0.1625 0.05)
(4.025 0.1625 0.05)
(4.075 0.1625 0.05)
(4.125 0.1625 0.05)
(4.175 0.1625 0.05)
(4.225 0.1625 0.05)
(4.275 0.1625 0.05)
(4.325 0.1625 0.05)
(4.375 0.1625 0.05)
(4.425 0.1625 0.05)
(4.475 0.1625 0.05)
(4.525 0.1625 0.05)
(4.575 0.1625 0.05)
(4.625 0.1625 0.05)
(4.675 0.1625 0.05)
(4.725 0.1625 0.05)
(4.775 0.1625 0.05)
(4.825 0.1625 0.05)
(4.875 0.1625 0.05)
(4.925 0.1625 0.05)
(4.975 0.1625 0.05)
(5.025 0.1625 0.05)
(5.075 0.1625 0.05)
(5.125 0.1625 0.05)
(5.175 0.1625 0.05)
(5.225 0.1625 0.05)
(5.275 0.1625 0.05)
(5.325 0.1625 0.05)
(5.375 0.1625 0.05)
(5.425 0.1625 0.05)
(5.475 0.1625 0.05)
(5.525 0.1625 0.05)
(5.575 0.1625 0.05)
(5.625 0.1625 0.05)
(5.675 0.1625 0.05)
(5.725 0.1625 0.05)
(5.775 0.1625 0.05)
(5.825 0.1625 0.05)
(5.875 0.1625 0.05)
(5.925 0.1625 0.05)
(5.975 0.1625 0.05)
(6.025 0.1625 0.05)
(6.075 0.1625 0.05)
(6.125 0.1625 0.05)
(6.175 0.1625 0.05)
(6.225 0.1625 0.05)
(6.275 0.1625 0.05)
(6.325 0.1625 0.05)
(6.375 0.1625 0.05)
(6.425 0.1625 0.05)
(6.475 0.1625 0.05)
(6.525 0.1625 0.05)
(6.575 0.1625 0.05)
(6.625 0.1625 0.05)
(6.675 0.1625 0.05)
(6.725 0.1625 0.05)
(6.775 0.1625 0.05)
(6.825 0.1625 0.05)
(6.875 0.1625 0.05)
(6.925 0.1625 0.05)
(6.975 0.1625 0.05)
(2.025 0.1875 0.05)
(2.075 0.1875 0.05)
(2.125 0.1875 0.05)
(2.175 0.1875 0.05)
(2.225 0.1875 0.05)
(2.275 0.1875 0.05)
(2.325 0.1875 0.05)
(2.375 0.1875 0.05)
(2.425 0.1875 0.05)
(2.475 0.1875 0.05)
(2.525 0.1875 0.05)
(2.575 0.1875 0.05)
(2.625 0.1875 0.05)
(2.675 0.1875 0.05)
(2.725 0.1875 0.05)
(2.775 0.1875 0.05)
(2.825 0.1875 0.05)
(2.875 0.1875 0.05)
(2.925 0.1875 0.05)
(2.975 0.1875 0.05)
(3.025 0.1875 0.05)
(3.075 0.1875 0.05)
(3.125 0.1875 0.05)
(3.175 0.1875 0.05)
(3.225 0.1875 0.05)
(3.275 0.1875 0.05)
(3.325 0.1875 0.05)
(3.375 0.1875 0.05)
(3.425 0.1875 0.05)
(3.475 0.1875 0.05)
(3.525 0.1875 0.05)
(3.575 0.1875 0.05)
(3.625 0.1875 0.05)
(3.675 0.1875 0.05)
(3.725 0.1875 0.05)
(3.775 0.1875 0.05)
(3.825 0.1875 0.05)
(3.875 0.1875 0.05)
(3.925 0.1875 0.05)
(3.975 0.1875 0.05)
(4.025 0.1875 0.05)
(4.075 0.1875 0.05)
(4.125 0.1875 0.05)
(4.175 0.1875 0.05)
(4.225 0.1875 0.05)
(4.275 0.1875 0.05)
(4.325 0.1875 0.05)
(4.375 0.1875 0.05)
(4.425 0.1875 0.05)
(4.475 0.1875 0.05)
(4.525 0.1875 0.05)
(4.575 0.1875 0.05)
(4.625 0.1875 0.05)
(4.675 0.1875 0.05)
(4.725 0.1875 0.05)
(4.775 0.1875 0.05)
(4.825 0.1875 0.05)
(4.875 0.1875 0.05)
(4.925 0.1875 0.05)
(4.975 0.1875 0.05)
(5.025 0.1875 0.05)
(5.075 0.1875 0.05)
(5.125 0.1875 0.05)
(5.175 0.1875 0.05)
(5.225 0.1875 0.05)
(5.275 0.1875 0.05)
(5.325 0.1875 0.05)
(5.375 0.1875 0.05)
(5.425 0.1875 0.05)
(5.475 0.1875 0.05)
(5.525 0.1875 0.05)
(5.575 0.1875 0.05)
(5.625 0.1875 0.05)
(5.675 0.1875 0.05)
(5.725 0.1875 0.05)
(5.775 0.1875 0.05)
(5.825 0.1875 0.05)
(5.875 0.1875 0.05)
(5.925 0.1875 0.05)
(5.975 0.1875 0.05)
(6.025 0.1875 0.05)
(6.075 0.1875 0.05)
(6.125 0.1875 0.05)
(6.175 0.1875 0.05)
(6.225 0.1875 0.05)
(6.275 0.1875 0.05)
(6.325 0.1875 0.05)
(6.375 0.1875 0.05)
(6.425 0.1875 0.05)
(6.475 0.1875 0.05)
(6.525 0.1875 0.05)
(6.575 0.1875 0.05)
(6.625 0.1875 0.05)
(6.675 0.1875 0.05)
(6.725 0.1875 0.05)
(6.775 0.1875 0.05)
(6.825 0.1875 0.05)
(6.875 0.1875 0.05)
(6.925 0.1875 0.05)
(6.975 0.1875 0.05)
(2.025 0.2125 0.05)
(2.075 0.2125 0.05)
(2.125 0.2125 0.05)
(2.175 0.2125 0.05)
(2.225 0.2125 0.05)
(2.275 0.2125 0.05)
(2.325 0.2125 0.05)
(2.375 0.2125 0.05)
(2.425 0.2125 0.05)
(2.475 0.2125 0.05)
(2.525 0.2125 0.05)
(2.575 0.2125 0.05)
(2.625 0.2125 0.05)
(2.675 0.2125 0.05)
(2.725 0.2125 0.05)
(2.775 0.2125 0.05)
(2.825 0.2125 0.05)
(2.875 0.2125 0.05)
(2.925 0.2125 0.05)
(2.975 0.2125 0.05)
(3.025 0.2125 0.05)
(3.075 0.2125 0.05)
(3.125 0.2125 0.05)
(3.175 0.2125 0.05)
(3.225 0.2125 0.05)
(3.275 0.2125 0.05)
(3.325 0.2125 0.05)
(3.375 0.2125 0.05)
(3.425 0.2125 0.05)
(3.475 0.2125 0.05)
(3.525 0.2125 0.05)
(3.575 0.2125 0.05)
(3.625 0.2125 0.05)
(3.675 0.2125 0.05)
(3.725 0.2125 0.05)
(3.775 0.2125 0.05)
(3.825 0.2125 0.05)
(3.875 0.2125 0.05)
(3.925 0.2125 0.05)
(3.975 0.2125 0.05)
(4.025 0.2125 0.05)
(4.075 0.2125 0.05)
(4.125 0.2125 0.05)
(4.175 0.2125 0.05)
(4.225 0.2125 0.05)
(4.275 0.2125 0.05)
(4.325 0.2125 0.05)
(4.375 0.2125 0.05)
(4.425 0.2125 0.05)
(4.475 0.2125 0.05)
(4.525 0.2125 0.05)
(4.575 0.2125 0.05)
(4.625 0.2125 0.05)
(4.675 0.2125 0.05)
(4.725 0.2125 0.05)
(4.775 0.2125 0.05)
(4.825 0.2125 0.05)
(4.875 0.2125 0.05)
(4.925 0.2125 0.05)
(4.975 0.2125 0.05)
(5.025 0.2125 0.05)
(5.075 0.2125 0.05)
(5.125 0.2125 0.05)
(5.175 0.2125 0.05)
(5.225 0.2125 0.05)
(5.275 0.2125 0.05)
(5.325 0.2125 0.05)
(5.375 0.2125 0.05)
(5.425 0.2125 0.05)
(5.475 0.2125 0.05)
(5.525 0.2125 0.05)
(5.575 0.2125 0.05)
(5.625 0.2125 0.05)
(5.675 0.2125 0.05)
(5.725 0.2125 0.05)
(5.775 0.2125 0.05)
(5.825 0.2125 0.05)
(5.875 0.2125 0.05)
(5.925 0.2125 0.05)
(5.975 0.2125 0.05)
(6.025 0.2125 0.05)
(6.075 0.2125 0.05)
(6.125 0.2125 0.05)
(6.175 0.2125 0.05)
(6.225 0.2125 0.05)
(6.275 0.2125 0.05)
(6.325 0.2125 0.05)
(6.375 0.2125 0.05)
(6.425 0.2125 0.05)
(6.475 0.2125 0.05)
(6.525 0.2125 0.05)
(6.575 0.2125 0.05)
(6.625 0.2125 0.05)
(6.675 0.2125 0.05)
(6.725 0.2125 0.05)
(6.775 0.2125 0.05)
(6.825 0.2125 0.05)
(6.875 0.2125 0.05)
(6.925 0.2125 0.05)
(6.975 0.2125 0.05)
(2.025 0.2375 0.05)
(2.075 0.2375 0.05)
(2.125 0.2375 0.05)
(2.175 0.2375 0.05)
(2.225 0.2375 0.05)
(2.275 0.2375 0.05)
(2.325 0.2375 0.05)
(2.375 0.2375 0.05)
(2.425 0.2375 0.05)
(2.475 0.2375 0.05)
(2.525 0.2375 0.05)
(2.575 0.2375 0.05)
(2.625 0.2375 0.05)
(2.675 0.2375 0.05)
(2.725 0.2375 0.05)
(2.775 0.2375 0.05)
(2.825 0.2375 0.05)
(2.875 0.2375 0.05)
(2.925 0.2375 0.05)
(2.975 0.2375 0.05)
(3.025 0.2375 0.05)
(3.075 0.2375 0.05)
(3.125 0.2375 0.05)
(3.175 0.2375 0.05)
(3.225 0.2375 0.05)
(3.275 0.2375 0.05)
(3.325 0.2375 0.05)
(3.375 0.2375 0.05)
(3.425 0.2375 0.05)
(3.475 0.2375 0.05)
(3.525 0.2375 0.05)
(3.575 0.2375 0.05)
(3.625 0.2375 0.05)
(3.675 0.2375 0.05)
(3.725 0.2375 0.05)
(3.775 0.2375 0.05)
(3.825 0.2375 0.05)
(3.875 0.2375 0.05)
(3.925 0.2375 0.05)
(3.975 0.2375 0.05)
(4.025 0.2375 0.05)
(4.075 0.2375 0.05)
(4.125 0.2375 0.05)
(4.175 0.2375 0.05)
(4.225 0.2375 0.05)
(4.275 0.2375 0.05)
(4.325 0.2375 0.05)
(4.375 0.2375 0.05)
(4.425 0.2375 0.05)
(4.475 0.2375 0.05)
(4.525 0.2375 0.05)
(4.575 0.2375 0.05)
(4.625 0.2375 0.05)
(4.675 0.2375 0.05)
(4.725 0.2375 0.05)
(4.775 0.2375 0.05)
(4.825 0.2375 0.05)
(4.875 0.2375 0.05)
(4.925 0.2375 0.05)
(4.975 0.2375 0.05)
(5.025 0.2375 0.05)
(5.075 0.2375 0.05)
(5.125 0.2375 0.05)
(5.175 0.2375 0.05)
(5.225 0.2375 0.05)
(5.275 0.2375 0.05)
(5.325 0.2375 0.05)
(5.375 0.2375 0.05)
(5.425 0.2375 0.05)
(5.475 0.2375 0.05)
(5.525 0.2375 0.05)
(5.575 0.2375 0.05)
(5.625 0.2375 0.05)
(5.675 0.2375 0.05)
(5.725 0.2375 0.05)
(5.775 0.2375 0.05)
(5.825 0.2375 0.05)
(5.875 0.2375 0.05)
(5.925 0.2375 0.05)
(5.975 0.2375 0.05)
(6.025 0.2375 0.05)
(6.075 0.2375 0.05)
(6.125 0.2375 0.05)
(6.175 0.2375 0.05)
(6.225 0.2375 0.05)
(6.275 0.2375 0.05)
(6.325 0.2375 0.05)
(6.375 0.2375 0.05)
(6.425 0.2375 0.05)
(6.475 0.2375 0.05)
(6.525 0.2375 0.05)
(6.575 0.2375 0.05)
(6.625 0.2375 0.05)
(6.675 0.2375 0.05)
(6.725 0.2375 0.05)
(6.775 0.2375 0.05)
(6.825 0.2375 0.05)
(6.875 0.2375 0.05)
(6.925 0.2375 0.05)
(6.975 0.2375 0.05)
(2.025 0.2625 0.05)
(2.075 0.2625 0.05)
(2.125 0.2625 0.05)
(2.175 0.2625 0.05)
(2.225 0.2625 0.05)
(2.275 0.2625 0.05)
(2.325 0.2625 0.05)
(2.375 0.2625 0.05)
(2.425 0.2625 0.05)
(2.475 0.2625 0.05)
(2.525 0.2625 0.05)
(2.575 0.2625 0.05)
(2.625 0.2625 0.05)
(2.675 0.2625 0.05)
(2.725 0.2625 0.05)
(2.775 0.2625 0.05)
(2.825 0.2625 0.05)
(2.875 0.2625 0.05)
(2.925 0.2625 0.05)
(2.975 0.2625 0.05)
(3.025 0.2625 0.05)
(3.075 0.2625 0.05)
(3.125 0.2625 0.05)
(3.175 0.2625 0.05)
(3.225 0.2625 0.05)
(3.275 0.2625 0.05)
(3.325 0.2625 0.05)
(3.375 0.2625 0.05)
(3.425 0.2625 0.05)
(3.475 0.2625 0.05)
(3.525 0.2625 0.05)
(3.575 0.2625 0.05)
(3.625 0.2625 0.05)
(3.675 0.2625 0.05)
(3.725 0.2625 0.05)
(3.775 0.2625 0.05)
(3.825 0.2625 0.05)
(3.875 0.2625 0.05)
(3.925 0.2625 0.05)
(3.975 0.2625 0.05)
(4.025 0.2625 0.05)
(4.075 0.2625 0.05)
(4.125 0.2625 0.05)
(4.175 0.2625 0.05)
(4.225 0.2625 0.05)
(4.275 0.2625 0.05)
(4.325 0.2625 0.05)
(4.375 0.2625 0.05)
(4.425 0.2625 0.05)
(4.475 0.2625 0.05)
(4.525 0.2625 0.05)
(4.575 0.2625 0.05)
(4.625 0.2625 0.05)
(4.675 0.2625 0.05)
(4.725 0.2625 0.05)
(4.775 0.2625 0.05)
(4.825 0.2625 0.05)
(4.875 0.2625 0.05)
(4.925 0.2625 0.05)
(4.975 0.2625 0.05)
(5.025 0.2625 0.05)
(5.075 0.2625 0.05)
(5.125 0.2625 0.05)
(5.175 0.2625 0.05)
(5.225 0.2625 0.05)
(5.275 0.2625 0.05)
(5.325 0.2625 0.05)
(5.375 0.2625 0.05)
(5.425 0.2625 0.05)
(5.475 0.2625 0.05)
(5.525 0.2625 0.05)
(5.575 0.2625 0.05)
(5.625 0.2625 0.05)
(5.675 0.2625 0.05)
(5.725 0.2625 0.05)
(5.775 0.2625 0.05)
(5.825 0.2625 0.05)
(5.875 0.2625 0.05)
(5.925 0.2625 0.05)
(5.975 0.2625 0.05)
(6.025 0.2625 0.05)
(6.075 0.2625 0.05)
(6.125 0.2625 0.05)
(6.175 0.2625 0.05)
(6.225 0.2625 0.05)
(6.275 0.2625 0.05)
(6.325 0.2625 0.05)
(6.375 0.2625 0.05)
(6.425 0.2625 0.05)
(6.475 0.2625 0.05)
(6.525 0.2625 0.05)
(6.575 0.2625 0.05)
(6.625 0.2625 0.05)
(6.675 0.2625 0.05)
(6.725 0.2625 0.05)
(6.775 0.2625 0.05)
(6.825 0.2625 0.05)
(6.875 0.2625 0.05)
(6.925 0.2625 0.05)
(6.975 0.2625 0.05)
(2.025 0.2875 0.05)
(2.075 0.2875 0.05)
(2.125 0.2875 0.05)
(2.175 0.2875 0.05)
(2.225 0.2875 0.05)
(2.275 0.2875 0.05)
(2.325 0.2875 0.05)
(2.375 0.2875 0.05)
(2.425 0.2875 0.05)
(2.475 0.2875 0.05)
(2.525 0.2875 0.05)
(2.575 0.2875 0.05)
(2.625 0.2875 0.05)
(2.675 0.2875 0.05)
(2.725 0.2875 0.05)
(2.775 0.2875 0.05)
(2.825 0.2875 0.05)
(2.875 0.2875 0.05)
(2.925 0.2875 0.05)
(2.975 0.2875 0.05)
(3.025 0.2875 0.05)
(3.075 0.2875 0.05)
(3.125 0.2875 0.05)
(3.175 0.2875 0.05)
(3.225 0.2875 0.05)
(3.275 0.2875 0.05)
(3.325 0.2875 0.05)
(3.375 0.2875 0.05)
(3.425 0.2875 0.05)
(3.475 0.2875 0.05)
(3.525 0.2875 0.05)
(3.575 0.2875 0.05)
(3.625 0.2875 0.05)
(3.675 0.2875 0.05)
(3.725 0.2875 0.05)
(3.775 0.2875 0.05)
(3.825 0.2875 0.05)
(3.875 0.2875 0.05)
(3.925 0.2875 0.05)
(3.975 0.2875 0.05)
(4.025 0.2875 0.05)
(4.075 0.2875 0.05)
(4.125 0.2875 0.05)
(4.175 0.2875 0.05)
(4.225 0.2875 0.05)
(4.275 0.2875 0.05)
(4.325 0.2875 0.05)
(4.375 0.2875 0.05)
(4.425 0.2875 0.05)
(4.475 0.2875 0.05)
(4.525 0.2875 0.05)
(4.575 0.2875 0.05)
(4.625 0.2875 0.05)
(4.675 0.2875 0.05)
(4.725 0.2875 0.05)
(4.775 0.2875 0.05)
(4.825 0.2875 0.05)
(4.875 0.2875 0.05)
(4.925 0.2875 0.05)
(4.975 0.2875 0.05)
(5.025 0.2875 0.05)
(5.075 0.2875 0.05)
(5.125 0.2875 0.05)
(5.175 0.2875 0.05)
(5.225 0.2875 0.05)
(5.275 0.2875 0.05)
(5.325 0.2875 0.05)
(5.375 0.2875 0.05)
(5.425 0.2875 0.05)
(5.475 0.2875 0.05)
(5.525 0.2875 0.05)
(5.575 0.2875 0.05)
(5.625 0.2875 0.05)
(5.675 0.2875 0.05)
(5.725 0.2875 0.05)
(5.775 0.2875 0.05)
(5.825 0.2875 0.05)
(5.875 0.2875 0.05)
(5.925 0.2875 0.05)
(5.975 0.2875 0.05)
(6.025 0.2875 0.05)
(6.075 0.2875 0.05)
(6.125 0.2875 0.05)
(6.175 0.2875 0.05)
(6.225 0.2875 0.05)
(6.275 0.2875 0.05)
(6.325 0.2875 0.05)
(6.375 0.2875 0.05)
(6.425 0.2875 0.05)
(6.475 0.2875 0.05)
(6.525 0.2875 0.05)
(6.575 0.2875 0.05)
(6.625 0.2875 0.05)
(6.675 0.2875 0.05)
(6.725 0.2875 0.05)
(6.775 0.2875 0.05)
(6.825 0.2875 0.05)
(6.875 0.2875 0.05)
(6.925 0.2875 0.05)
(6.975 0.2875 0.05)
(2.025 0.3125 0.05)
(2.075 0.3125 0.05)
(2.125 0.3125 0.05)
(2.175 0.3125 0.05)
(2.225 0.3125 0.05)
(2.275 0.3125 0.05)
(2.325 0.3125 0.05)
(2.375 0.3125 0.05)
(2.425 0.3125 0.05)
(2.475 0.3125 0.05)
(2.525 0.3125 0.05)
(2.575 0.3125 0.05)
(2.625 0.3125 0.05)
(2.675 0.3125 0.05)
(2.725 0.3125 0.05)
(2.775 0.3125 0.05)
(2.825 0.3125 0.05)
(2.875 0.3125 0.05)
(2.925 0.3125 0.05)
(2.975 0.3125 0.05)
(3.025 0.3125 0.05)
(3.075 0.3125 0.05)
(3.125 0.3125 0.05)
(3.175 0.3125 0.05)
(3.225 0.3125 0.05)
(3.275 0.3125 0.05)
(3.325 0.3125 0.05)
(3.375 0.3125 0.05)
(3.425 0.3125 0.05)
(3.475 0.3125 0.05)
(3.525 0.3125 0.05)
(3.575 0.3125 0.05)
(3.625 0.3125 0.05)
(3.675 0.3125 0.05)
(3.725 0.3125 0.05)
(3.775 0.3125 0.05)
(3.825 0.3125 0.05)
(3.875 0.3125 0.05)
(3.925 0.3125 0.05)
(3.975 0.3125 0.05)
(4.025 0.3125 0.05)
(4.075 0.3125 0.05)
(4.125 0.3125 0.05)
(4.175 0.3125 0.05)
(4.225 0.3125 0.05)
(4.275 0.3125 0.05)
(4.325 0.3125 0.05)
(4.375 0.3125 0.05)
(4.425 0.3125 0.05)
(4.475 0.3125 0.05)
(4.525 0.3125 0.05)
(4.575 0.3125 0.05)
(4.625 0.3125 0.05)
(4.675 0.3125 0.05)
(4.725 0.3125 0.05)
(4.775 0.3125 0.05)
(4.825 0.3125 0.05)
(4.875 0.3125 0.05)
(4.925 0.3125 0.05)
(4.975 0.3125 0.05)
(5.025 0.3125 0.05)
(5.075 0.3125 0.05)
(5.125 0.3125 0.05)
(5.175 0.3125 0.05)
(5.225 0.3125 0.05)
(5.275 0.3125 0.05)
(5.325 0.3125 0.05)
(5.375 0.3125 0.05)
(5.425 0.3125 0.05)
(5.475 0.3125 0.05)
(5.525 0.3125 0.05)
(5.575 0.3125 0.05)
(5.625 0.3125 0.05)
(5.675 0.3125 0.05)
(5.725 0.3125 0.05)
(5.775 0.3125 0.05)
(5.825 0.3125 0.05)
(5.875 0.3125 0.05)
(5.925 0.3125 0.05)
(5.975 0.3125 0.05)
(6.025 0.3125 0.05)
(6.075 0.3125 0.05)
(6.125 0.3125 0.05)
(6.175 0.3125 0.05)
(6.225 0.3125 0.05)
(6.275 0.3125 0.05)
(6.325 0.3125 0.05)
(6.375 0.3125 0.05)
(6.425 0.3125 0.05)
(6.475 0.3125 0.05)
(6.525 0.3125 0.05)
(6.575 0.3125 0.05)
(6.625 0.3125 0.05)
(6.675 0.3125 0.05)
(6.725 0.3125 0.05)
(6.775 0.3125 0.05)
(6.825 0.3125 0.05)
(6.875 0.3125 0.05)
(6.925 0.3125 0.05)
(6.975 0.3125 0.05)
(2.025 0.3375 0.05)
(2.075 0.3375 0.05)
(2.125 0.3375 0.05)
(2.175 0.3375 0.05)
(2.225 0.3375 0.05)
(2.275 0.3375 0.05)
(2.325 0.3375 0.05)
(2.375 0.3375 0.05)
(2.425 0.3375 0.05)
(2.475 0.3375 0.05)
(2.525 0.3375 0.05)
(2.575 0.3375 0.05)
(2.625 0.3375 0.05)
(2.675 0.3375 0.05)
(2.725 0.3375 0.05)
(2.775 0.3375 0.05)
(2.825 0.3375 0.05)
(2.875 0.3375 0.05)
(2.925 0.3375 0.05)
(2.975 0.3375 0.05)
(3.025 0.3375 0.05)
(3.075 0.3375 0.05)
(3.125 0.3375 0.05)
(3.175 0.3375 0.05)
(3.225 0.3375 0.05)
(3.275 0.3375 0.05)
(3.325 0.3375 0.05)
(3.375 0.3375 0.05)
(3.425 0.3375 0.05)
(3.475 0.3375 0.05)
(3.525 0.3375 0.05)
(3.575 0.3375 0.05)
(3.625 0.3375 0.05)
(3.675 0.3375 0.05)
(3.725 0.3375 0.05)
(3.775 0.3375 0.05)
(3.825 0.3375 0.05)
(3.875 0.3375 0.05)
(3.925 0.3375 0.05)
(3.975 0.3375 0.05)
(4.025 0.3375 0.05)
(4.075 0.3375 0.05)
(4.125 0.3375 0.05)
(4.175 0.3375 0.05)
(4.225 0.3375 0.05)
(4.275 0.3375 0.05)
(4.325 0.3375 0.05)
(4.375 0.3375 0.05)
(4.425 0.3375 0.05)
(4.475 0.3375 0.05)
(4.525 0.3375 0.05)
(4.575 0.3375 0.05)
(4.625 0.3375 0.05)
(4.675 0.3375 0.05)
(4.725 0.3375 0.05)
(4.775 0.3375 0.05)
(4.825 0.3375 0.05)
(4.875 0.3375 0.05)
(4.925 0.3375 0.05)
(4.975 0.3375 0.05)
(5.025 0.3375 0.05)
(5.075 0.3375 0.05)
(5.125 0.3375 0.05)
(5.175 0.3375 0.05)
(5.225 0.3375 0.05)
(5.275 0.3375 0.05)
(5.325 0.3375 0.05)
(5.375 0.3375 0.05)
(5.425 0.3375 0.05)
(5.475 0.3375 0.05)
(5.525 0.3375 0.05)
(5.575 0.3375 0.05)
(5.625 0.3375 0.05)
(5.675 0.3375 0.05)
(5.725 0.3375 0.05)
(5.775 0.3375 0.05)
(5.825 0.3375 0.05)
(5.875 0.3375 0.05)
(5.925 0.3375 0.05)
(5.975 0.3375 0.05)
(6.025 0.3375 0.05)
(6.075 0.3375 0.05)
(6.125 0.3375 0.05)
(6.175 0.3375 0.05)
(6.225 0.3375 0.05)
(6.275 0.3375 0.05)
(6.325 0.3375 0.05)
(6.375 0.3375 0.05)
(6.425 0.3375 0.05)
(6.475 0.3375 0.05)
(6.525 0.3375 0.05)
(6.575 0.3375 0.05)
(6.625 0.3375 0.05)
(6.675 0.3375 0.05)
(6.725 0.3375 0.05)
(6.775 0.3375 0.05)
(6.825 0.3375 0.05)
(6.875 0.3375 0.05)
(6.925 0.3375 0.05)
(6.975 0.3375 0.05)
(2.025 0.3625 0.05)
(2.075 0.3625 0.05)
(2.125 0.3625 0.05)
(2.175 0.3625 0.05)
(2.225 0.3625 0.05)
(2.275 0.3625 0.05)
(2.325 0.3625 0.05)
(2.375 0.3625 0.05)
(2.425 0.3625 0.05)
(2.475 0.3625 0.05)
(2.525 0.3625 0.05)
(2.575 0.3625 0.05)
(2.625 0.3625 0.05)
(2.675 0.3625 0.05)
(2.725 0.3625 0.05)
(2.775 0.3625 0.05)
(2.825 0.3625 0.05)
(2.875 0.3625 0.05)
(2.925 0.3625 0.05)
(2.975 0.3625 0.05)
(3.025 0.3625 0.05)
(3.075 0.3625 0.05)
(3.125 0.3625 0.05)
(3.175 0.3625 0.05)
(3.225 0.3625 0.05)
(3.275 0.3625 0.05)
(3.325 0.3625 0.05)
(3.375 0.3625 0.05)
(3.425 0.3625 0.05)
(3.475 0.3625 0.05)
(3.525 0.3625 0.05)
(3.575 0.3625 0.05)
(3.625 0.3625 0.05)
(3.675 0.3625 0.05)
(3.725 0.3625 0.05)
(3.775 0.3625 0.05)
(3.825 0.3625 0.05)
(3.875 0.3625 0.05)
(3.925 0.3625 0.05)
(3.975 0.3625 0.05)
(4.025 0.3625 0.05)
(4.075 0.3625 0.05)
(4.125 0.3625 0.05)
(4.175 0.3625 0.05)
(4.225 0.3625 0.05)
(4.275 0.3625 0.05)
(4.325 0.3625 0.05)
(4.375 0.3625 0.05)
(4.425 0.3625 0.05)
(4.475 0.3625 0.05)
(4.525 0.3625 0.05)
(4.575 0.3625 0.05)
(4.625 0.3625 0.05)
(4.675 0.3625 0.05)
(4.725 0.3625 0.05)
(4.775 0.3625 0.05)
(4.825 0.3625 0.05)
(4.875 0.3625 0.05)
(4.925 0.3625 0.05)
(4.975 0.3625 0.05)
(5.025 0.3625 0.05)
(5.075 0.3625 0.05)
(5.125 0.3625 0.05)
(5.175 0.3625 0.05)
(5.225 0.3625 0.05)
(5.275 0.3625 0.05)
(5.325 0.3625 0.05)
(5.375 0.3625 0.05)
(5.425 0.3625 0.05)
(5.475 0.3625 0.05)
(5.525 0.3625 0.05)
(5.575 0.3625 0.05)
(5.625 0.3625 0.05)
(5.675 0.3625 0.05)
(5.725 0.3625 0.05)
(5.775 0.3625 0.05)
(5.825 0.3625 0.05)
(5.875 0.3625 0.05)
(5.925 0.3625 0.05)
(5.975 0.3625 0.05)
(6.025 0.3625 0.05)
(6.075 0.3625 0.05)
(6.125 0.3625 0.05)
(6.175 0.3625 0.05)
(6.225 0.3625 0.05)
(6.275 0.3625 0.05)
(6.325 0.3625 0.05)
(6.375 0.3625 0.05)
(6.425 0.3625 0.05)
(6.475 0.3625 0.05)
(6.525 0.3625 0.05)
(6.575 0.3625 0.05)
(6.625 0.3625 0.05)
(6.675 0.3625 0.05)
(6.725 0.3625 0.05)
(6.775 0.3625 0.05)
(6.825 0.3625 0.05)
(6.875 0.3625 0.05)
(6.925 0.3625 0.05)
(6.975 0.3625 0.05)
(2.025 0.3875 0.05)
(2.075 0.3875 0.05)
(2.125 0.3875 0.05)
(2.175 0.3875 0.05)
(2.225 0.3875 0.05)
(2.275 0.3875 0.05)
(2.325 0.3875 0.05)
(2.375 0.3875 0.05)
(2.425 0.3875 0.05)
(2.475 0.3875 0.05)
(2.525 0.3875 0.05)
(2.575 0.3875 0.05)
(2.625 0.3875 0.05)
(2.675 0.3875 0.05)
(2.725 0.3875 0.05)
(2.775 0.3875 0.05)
(2.825 0.3875 0.05)
(2.875 0.3875 0.05)
(2.925 0.3875 0.05)
(2.975 0.3875 0.05)
(3.025 0.3875 0.05)
(3.075 0.3875 0.05)
(3.125 0.3875 0.05)
(3.175 0.3875 0.05)
(3.225 0.3875 0.05)
(3.275 0.3875 0.05)
(3.325 0.3875 0.05)
(3.375 0.3875 0.05)
(3.425 0.3875 0.05)
(3.475 0.3875 0.05)
(3.525 0.3875 0.05)
(3.575 0.3875 0.05)
(3.625 0.3875 0.05)
(3.675 0.3875 0.05)
(3.725 0.3875 0.05)
(3.775 0.3875 0.05)
(3.825 0.3875 0.05)
(3.875 0.3875 0.05)
(3.925 0.3875 0.05)
(3.975 0.3875 0.05)
(4.025 0.3875 0.05)
(4.075 0.3875 0.05)
(4.125 0.3875 0.05)
(4.175 0.3875 0.05)
(4.225 0.3875 0.05)
(4.275 0.3875 0.05)
(4.325 0.3875 0.05)
(4.375 0.3875 0.05)
(4.425 0.3875 0.05)
(4.475 0.3875 0.05)
(4.525 0.3875 0.05)
(4.575 0.3875 0.05)
(4.625 0.3875 0.05)
(4.675 0.3875 0.05)
(4.725 0.3875 0.05)
(4.775 0.3875 0.05)
(4.825 0.3875 0.05)
(4.875 0.3875 0.05)
(4.925 0.3875 0.05)
(4.975 0.3875 0.05)
(5.025 0.3875 0.05)
(5.075 0.3875 0.05)
(5.125 0.3875 0.05)
(5.175 0.3875 0.05)
(5.225 0.3875 0.05)
(5.275 0.3875 0.05)
(5.325 0.3875 0.05)
(5.375 0.3875 0.05)
(5.425 0.3875 0.05)
(5.475 0.3875 0.05)
(5.525 0.3875 0.05)
(5.575 0.3875 0.05)
(5.625 0.3875 0.05)
(5.675 0.3875 0.05)
(5.725 0.3875 0.05)
(5.775 0.3875 0.05)
(5.825 0.3875 0.05)
(5.875 0.3875 0.05)
(5.925 0.3875 0.05)
(5.975 0.3875 0.05)
(6.025 0.3875 0.05)
(6.075 0.3875 0.05)
(6.125 0.3875 0.05)
(6.175 0.3875 0.05)
(6.225 0.3875 0.05)
(6.275 0.3875 0.05)
(6.325 0.3875 0.05)
(6.375 0.3875 0.05)
(6.425 0.3875 0.05)
(6.475 0.3875 0.05)
(6.525 0.3875 0.05)
(6.575 0.3875 0.05)
(6.625 0.3875 0.05)
(6.675 0.3875 0.05)
(6.725 0.3875 0.05)
(6.775 0.3875 0.05)
(6.825 0.3875 0.05)
(6.875 0.3875 0.05)
(6.925 0.3875 0.05)
(6.975 0.3875 0.05)
(2.025 0.4125 0.05)
(2.075 0.4125 0.05)
(2.125 0.4125 0.05)
(2.175 0.4125 0.05)
(2.225 0.4125 0.05)
(2.275 0.4125 0.05)
(2.325 0.4125 0.05)
(2.375 0.4125 0.05)
(2.425 0.4125 0.05)
(2.475 0.4125 0.05)
(2.525 0.4125 0.05)
(2.575 0.4125 0.05)
(2.625 0.4125 0.05)
(2.675 0.4125 0.05)
(2.725 0.4125 0.05)
(2.775 0.4125 0.05)
(2.825 0.4125 0.05)
(2.875 0.4125 0.05)
(2.925 0.4125 0.05)
(2.975 0.4125 0.05)
(3.025 0.4125 0.05)
(3.075 0.4125 0.05)
(3.125 0.4125 0.05)
(3.175 0.4125 0.05)
(3.225 0.4125 0.05)
(3.275 0.4125 0.05)
(3.325 0.4125 0.05)
(3.375 0.4125 0.05)
(3.425 0.4125 0.05)
(3.475 0.4125 0.05)
(3.525 0.4125 0.05)
(3.575 0.4125 0.05)
(3.625 0.4125 0.05)
(3.675 0.4125 0.05)
(3.725 0.4125 0.05)
(3.775 0.4125 0.05)
(3.825 0.4125 0.05)
(3.875 0.4125 0.05)
(3.925 0.4125 0.05)
(3.975 0.4125 0.05)
(4.025 0.4125 0.05)
(4.075 0.4125 0.05)
(4.125 0.4125 0.05)
(4.175 0.4125 0.05)
(4.225 0.4125 0.05)
(4.275 0.4125 0.05)
(4.325 0.4125 0.05)
(4.375 0.4125 0.05)
(4.425 0.4125 0.05)
(4.475 0.4125 0.05)
(4.525 0.4125 0.05)
(4.575 0.4125 0.05)
(4.625 0.4125 0.05)
(4.675 0.4125 0.05)
(4.725 0.4125 0.05)
(4.775 0.4125 0.05)
(4.825 0.4125 0.05)
(4.875 0.4125 0.05)
(4.925 0.4125 0.05)
(4.975 0.4125 0.05)
(5.025 0.4125 0.05)
(5.075 0.4125 0.05)
(5.125 0.4125 0.05)
(5.175 0.4125 0.05)
(5.225 0.4125 0.05)
(5.275 0.4125 0.05)
(5.325 0.4125 0.05)
(5.375 0.4125 0.05)
(5.425 0.4125 0.05)
(5.475 0.4125 0.05)
(5.525 0.4125 0.05)
(5.575 0.4125 0.05)
(5.625 0.4125 0.05)
(5.675 0.4125 0.05)
(5.725 0.4125 0.05)
(5.775 0.4125 0.05)
(5.825 0.4125 0.05)
(5.875 0.4125 0.05)
(5.925 0.4125 0.05)
(5.975 0.4125 0.05)
(6.025 0.4125 0.05)
(6.075 0.4125 0.05)
(6.125 0.4125 0.05)
(6.175 0.4125 0.05)
(6.225 0.4125 0.05)
(6.275 0.4125 0.05)
(6.325 0.4125 0.05)
(6.375 0.4125 0.05)
(6.425 0.4125 0.05)
(6.475 0.4125 0.05)
(6.525 0.4125 0.05)
(6.575 0.4125 0.05)
(6.625 0.4125 0.05)
(6.675 0.4125 0.05)
(6.725 0.4125 0.05)
(6.775 0.4125 0.05)
(6.825 0.4125 0.05)
(6.875 0.4125 0.05)
(6.925 0.4125 0.05)
(6.975 0.4125 0.05)
(2.025 0.4375 0.05)
(2.075 0.4375 0.05)
(2.125 0.4375 0.05)
(2.175 0.4375 0.05)
(2.225 0.4375 0.05)
(2.275 0.4375 0.05)
(2.325 0.4375 0.05)
(2.375 0.4375 0.05)
(2.425 0.4375 0.05)
(2.475 0.4375 0.05)
(2.525 0.4375 0.05)
(2.575 0.4375 0.05)
(2.625 0.4375 0.05)
(2.675 0.4375 0.05)
(2.725 0.4375 0.05)
(2.775 0.4375 0.05)
(2.825 0.4375 0.05)
(2.875 0.4375 0.05)
(2.925 0.4375 0.05)
(2.975 0.4375 0.05)
(3.025 0.4375 0.05)
(3.075 0.4375 0.05)
(3.125 0.4375 0.05)
(3.175 0.4375 0.05)
(3.225 0.4375 0.05)
(3.275 0.4375 0.05)
(3.325 0.4375 0.05)
(3.375 0.4375 0.05)
(3.425 0.4375 0.05)
(3.475 0.4375 0.05)
(3.525 0.4375 0.05)
(3.575 0.4375 0.05)
(3.625 0.4375 0.05)
(3.675 0.4375 0.05)
(3.725 0.4375 0.05)
(3.775 0.4375 0.05)
(3.825 0.4375 0.05)
(3.875 0.4375 0.05)
(3.925 0.4375 0.05)
(3.975 0.4375 0.05)
(4.025 0.4375 0.05)
(4.075 0.4375 0.05)
(4.125 0.4375 0.05)
(4.175 0.4375 0.05)
(4.225 0.4375 0.05)
(4.275 0.4375 0.05)
(4.325 0.4375 0.05)
(4.375 0.4375 0.05)
(4.425 0.4375 0.05)
(4.475 0.4375 0.05)
(4.525 0.4375 0.05)
(4.575 0.4375 0.05)
(4.625 0.4375 0.05)
(4.675 0.4375 0.05)
(4.725 0.4375 0.05)
(4.775 0.4375 0.05)
(4.825 0.4375 0.05)
(4.875 0.4375 0.05)
(4.925 0.4375 0.05)
(4.975 0.4375 0.05)
(5.025 0.4375 0.05)
(5.075 0.4375 0.05)
(5.125 0.4375 0.05)
(5.175 0.4375 0.05)
(5.225 0.4375 0.05)
(5.275 0.4375 0.05)
(5.325 0.4375 0.05)
(5.375 0.4375 0.05)
(5.425 0.4375 0.05)
(5.475 0.4375 0.05)
(5.525 0.4375 0.05)
(5.575 0.4375 0.05)
(5.625 0.4375 0.05)
(5.675 0.4375 0.05)
(5.725 0.4375 0.05)
(5.775 0.4375 0.05)
(5.825 0.4375 0.05)
(5.875 0.4375 0.05)
(5.925 0.4375 0.05)
(5.975 0.4375 0.05)
(6.025 0.4375 0.05)
(6.075 0.4375 0.05)
(6.125 0.4375 0.05)
(6.175 0.4375 0.05)
(6.225 0.4375 0.05)
(6.275 0.4375 0.05)
(6.325 0.4375 0.05)
(6.375 0.4375 0.05)
(6.425 0.4375 0.05)
(6.475 0.4375 0.05)
(6.525 0.4375 0.05)
(6.575 0.4375 0.05)
(6.625 0.4375 0.05)
(6.675 0.4375 0.05)
(6.725 0.4375 0.05)
(6.775 0.4375 0.05)
(6.825 0.4375 0.05)
(6.875 0.4375 0.05)
(6.925 0.4375 0.05)
(6.975 0.4375 0.05)
(2.025 0.4625 0.05)
(2.075 0.4625 0.05)
(2.125 0.4625 0.05)
(2.175 0.4625 0.05)
(2.225 0.4625 0.05)
(2.275 0.4625 0.05)
(2.325 0.4625 0.05)
(2.375 0.4625 0.05)
(2.425 0.4625 0.05)
(2.475 0.4625 0.05)
(2.525 0.4625 0.05)
(2.575 0.4625 0.05)
(2.625 0.4625 0.05)
(2.675 0.4625 0.05)
(2.725 0.4625 0.05)
(2.775 0.4625 0.05)
(2.825 0.4625 0.05)
(2.875 0.4625 0.05)
(2.925 0.4625 0.05)
(2.975 0.4625 0.05)
(3.025 0.4625 0.05)
(3.075 0.4625 0.05)
(3.125 0.4625 0.05)
(3.175 0.4625 0.05)
(3.225 0.4625 0.05)
(3.275 0.4625 0.05)
(3.325 0.4625 0.05)
(3.375 0.4625 0.05)
(3.425 0.4625 0.05)
(3.475 0.4625 0.05)
(3.525 0.4625 0.05)
(3.575 0.4625 0.05)
(3.625 0.4625 0.05)
(3.675 0.4625 0.05)
(3.725 0.4625 0.05)
(3.775 0.4625 0.05)
(3.825 0.4625 0.05)
(3.875 0.4625 0.05)
(3.925 0.4625 0.05)
(3.975 0.4625 0.05)
(4.025 0.4625 0.05)
(4.075 0.4625 0.05)
(4.125 0.4625 0.05)
(4.175 0.4625 0.05)
(4.225 0.4625 0.05)
(4.275 0.4625 0.05)
(4.325 0.4625 0.05)
(4.375 0.4625 0.05)
(4.425 0.4625 0.05)
(4.475 0.4625 0.05)
(4.525 0.4625 0.05)
(4.575 0.4625 0.05)
(4.625 0.4625 0.05)
(4.675 0.4625 0.05)
(4.725 0.4625 0.05)
(4.775 0.4625 0.05)
(4.825 0.4625 0.05)
(4.875 0.4625 0.05)
(4.925 0.4625 0.05)
(4.975 0.4625 0.05)
(5.025 0.4625 0.05)
(5.075 0.4625 0.05)
(5.125 0.4625 0.05)
(5.175 0.4625 0.05)
(5.225 0.4625 0.05)
(5.275 0.4625 0.05)
(5.325 0.4625 0.05)
(5.375 0.4625 0.05)
(5.425 0.4625 0.05)
(5.475 0.4625 0.05)
(5.525 0.4625 0.05)
(5.575 0.4625 0.05)
(5.625 0.4625 0.05)
(5.675 0.4625 0.05)
(5.725 0.4625 0.05)
(5.775 0.4625 0.05)
(5.825 0.4625 0.05)
(5.875 0.4625 0.05)
(5.925 0.4625 0.05)
(5.975 0.4625 0.05)
(6.025 0.4625 0.05)
(6.075 0.4625 0.05)
(6.125 0.4625 0.05)
(6.175 0.4625 0.05)
(6.225 0.4625 0.05)
(6.275 0.4625 0.05)
(6.325 0.4625 0.05)
(6.375 0.4625 0.05)
(6.425 0.4625 0.05)
(6.475 0.4625 0.05)
(6.525 0.4625 0.05)
(6.575 0.4625 0.05)
(6.625 0.4625 0.05)
(6.675 0.4625 0.05)
(6.725 0.4625 0.05)
(6.775 0.4625 0.05)
(6.825 0.4625 0.05)
(6.875 0.4625 0.05)
(6.925 0.4625 0.05)
(6.975 0.4625 0.05)
(2.025 0.4875 0.05)
(2.075 0.4875 0.05)
(2.125 0.4875 0.05)
(2.175 0.4875 0.05)
(2.225 0.4875 0.05)
(2.275 0.4875 0.05)
(2.325 0.4875 0.05)
(2.375 0.4875 0.05)
(2.425 0.4875 0.05)
(2.475 0.4875 0.05)
(2.525 0.4875 0.05)
(2.575 0.4875 0.05)
(2.625 0.4875 0.05)
(2.675 0.4875 0.05)
(2.725 0.4875 0.05)
(2.775 0.4875 0.05)
(2.825 0.4875 0.05)
(2.875 0.4875 0.05)
(2.925 0.4875 0.05)
(2.975 0.4875 0.05)
(3.025 0.4875 0.05)
(3.075 0.4875 0.05)
(3.125 0.4875 0.05)
(3.175 0.4875 0.05)
(3.225 0.4875 0.05)
(3.275 0.4875 0.05)
(3.325 0.4875 0.05)
(3.375 0.4875 0.05)
(3.425 0.4875 0.05)
(3.475 0.4875 0.05)
(3.525 0.4875 0.05)
(3.575 0.4875 0.05)
(3.625 0.4875 0.05)
(3.675 0.4875 0.05)
(3.725 0.4875 0.05)
(3.775 0.4875 0.05)
(3.825 0.4875 0.05)
(3.875 0.4875 0.05)
(3.925 0.4875 0.05)
(3.975 0.4875 0.05)
(4.025 0.4875 0.05)
(4.075 0.4875 0.05)
(4.125 0.4875 0.05)
(4.175 0.4875 0.05)
(4.225 0.4875 0.05)
(4.275 0.4875 0.05)
(4.325 0.4875 0.05)
(4.375 0.4875 0.05)
(4.425 0.4875 0.05)
(4.475 0.4875 0.05)
(4.525 0.4875 0.05)
(4.575 0.4875 0.05)
(4.625 0.4875 0.05)
(4.675 0.4875 0.05)
(4.725 0.4875 0.05)
(4.775 0.4875 0.05)
(4.825 0.4875 0.05)
(4.875 0.4875 0.05)
(4.925 0.4875 0.05)
(4.975 0.4875 0.05)
(5.025 0.4875 0.05)
(5.075 0.4875 0.05)
(5.125 0.4875 0.05)
(5.175 0.4875 0.05)
(5.225 0.4875 0.05)
(5.275 0.4875 0.05)
(5.325 0.4875 0.05)
(5.375 0.4875 0.05)
(5.425 0.4875 0.05)
(5.475 0.4875 0.05)
(5.525 0.4875 0.05)
(5.575 0.4875 0.05)
(5.625 0.4875 0.05)
(5.675 0.4875 0.05)
(5.725 0.4875 0.05)
(5.775 0.4875 0.05)
(5.825 0.4875 0.05)
(5.875 0.4875 0.05)
(5.925 0.4875 0.05)
(5.975 0.4875 0.05)
(6.025 0.4875 0.05)
(6.075 0.4875 0.05)
(6.125 0.4875 0.05)
(6.175 0.4875 0.05)
(6.225 0.4875 0.05)
(6.275 0.4875 0.05)
(6.325 0.4875 0.05)
(6.375 0.4875 0.05)
(6.425 0.4875 0.05)
(6.475 0.4875 0.05)
(6.525 0.4875 0.05)
(6.575 0.4875 0.05)
(6.625 0.4875 0.05)
(6.675 0.4875 0.05)
(6.725 0.4875 0.05)
(6.775 0.4875 0.05)
(6.825 0.4875 0.05)
(6.875 0.4875 0.05)
(6.925 0.4875 0.05)
(6.975 0.4875 0.05)
(2.025 0.5125 0.05)
(2.075 0.5125 0.05)
(2.125 0.5125 0.05)
(2.175 0.5125 0.05)
(2.225 0.5125 0.05)
(2.275 0.5125 0.05)
(2.325 0.5125 0.05)
(2.375 0.5125 0.05)
(2.425 0.5125 0.05)
(2.475 0.5125 0.05)
(2.525 0.5125 0.05)
(2.575 0.5125 0.05)
(2.625 0.5125 0.05)
(2.675 0.5125 0.05)
(2.725 0.5125 0.05)
(2.775 0.5125 0.05)
(2.825 0.5125 0.05)
(2.875 0.5125 0.05)
(2.925 0.5125 0.05)
(2.975 0.5125 0.05)
(3.025 0.5125 0.05)
(3.075 0.5125 0.05)
(3.125 0.5125 0.05)
(3.175 0.5125 0.05)
(3.225 0.5125 0.05)
(3.275 0.5125 0.05)
(3.325 0.5125 0.05)
(3.375 0.5125 0.05)
(3.425 0.5125 0.05)
(3.475 0.5125 0.05)
(3.525 0.5125 0.05)
(3.575 0.5125 0.05)
(3.625 0.5125 0.05)
(3.675 0.5125 0.05)
(3.725 0.5125 0.05)
(3.775 0.5125 0.05)
(3.825 0.5125 0.05)
(3.875 0.5125 0.05)
(3.925 0.5125 0.05)
(3.975 0.5125 0.05)
(4.025 0.5125 0.05)
(4.075 0.5125 0.05)
(4.125 0.5125 0.05)
(4.175 0.5125 0.05)
(4.225 0.5125 0.05)
(4.275 0.5125 0.05)
(4.325 0.5125 0.05)
(4.375 0.5125 0.05)
(4.425 0.5125 0.05)
(4.475 0.5125 0.05)
(4.525 0.5125 0.05)
(4.575 0.5125 0.05)
(4.625 0.5125 0.05)
(4.675 0.5125 0.05)
(4.725 0.5125 0.05)
(4.775 0.5125 0.05)
(4.825 0.5125 0.05)
(4.875 0.5125 0.05)
(4.925 0.5125 0.05)
(4.975 0.5125 0.05)
(5.025 0.5125 0.05)
(5.075 0.5125 0.05)
(5.125 0.5125 0.05)
(5.175 0.5125 0.05)
(5.225 0.5125 0.05)
(5.275 0.5125 0.05)
(5.325 0.5125 0.05)
(5.375 0.5125 0.05)
(5.425 0.5125 0.05)
(5.475 0.5125 0.05)
(5.525 0.5125 0.05)
(5.575 0.5125 0.05)
(5.625 0.5125 0.05)
(5.675 0.5125 0.05)
(5.725 0.5125 0.05)
(5.775 0.5125 0.05)
(5.825 0.5125 0.05)
(5.875 0.5125 0.05)
(5.925 0.5125 0.05)
(5.975 0.5125 0.05)
(6.025 0.5125 0.05)
(6.075 0.5125 0.05)
(6.125 0.5125 0.05)
(6.175 0.5125 0.05)
(6.225 0.5125 0.05)
(6.275 0.5125 0.05)
(6.325 0.5125 0.05)
(6.375 0.5125 0.05)
(6.425 0.5125 0.05)
(6.475 0.5125 0.05)
(6.525 0.5125 0.05)
(6.575 0.5125 0.05)
(6.625 0.5125 0.05)
(6.675 0.5125 0.05)
(6.725 0.5125 0.05)
(6.775 0.5125 0.05)
(6.825 0.5125 0.05)
(6.875 0.5125 0.05)
(6.925 0.5125 0.05)
(6.975 0.5125 0.05)
(2.025 0.5375 0.05)
(2.075 0.5375 0.05)
(2.125 0.5375 0.05)
(2.175 0.5375 0.05)
(2.225 0.5375 0.05)
(2.275 0.5375 0.05)
(2.325 0.5375 0.05)
(2.375 0.5375 0.05)
(2.425 0.5375 0.05)
(2.475 0.5375 0.05)
(2.525 0.5375 0.05)
(2.575 0.5375 0.05)
(2.625 0.5375 0.05)
(2.675 0.5375 0.05)
(2.725 0.5375 0.05)
(2.775 0.5375 0.05)
(2.825 0.5375 0.05)
(2.875 0.5375 0.05)
(2.925 0.5375 0.05)
(2.975 0.5375 0.05)
(3.025 0.5375 0.05)
(3.075 0.5375 0.05)
(3.125 0.5375 0.05)
(3.175 0.5375 0.05)
(3.225 0.5375 0.05)
(3.275 0.5375 0.05)
(3.325 0.5375 0.05)
(3.375 0.5375 0.05)
(3.425 0.5375 0.05)
(3.475 0.5375 0.05)
(3.525 0.5375 0.05)
(3.575 0.5375 0.05)
(3.625 0.5375 0.05)
(3.675 0.5375 0.05)
(3.725 0.5375 0.05)
(3.775 0.5375 0.05)
(3.825 0.5375 0.05)
(3.875 0.5375 0.05)
(3.925 0.5375 0.05)
(3.975 0.5375 0.05)
(4.025 0.5375 0.05)
(4.075 0.5375 0.05)
(4.125 0.5375 0.05)
(4.175 0.5375 0.05)
(4.225 0.5375 0.05)
(4.275 0.5375 0.05)
(4.325 0.5375 0.05)
(4.375 0.5375 0.05)
(4.425 0.5375 0.05)
(4.475 0.5375 0.05)
(4.525 0.5375 0.05)
(4.575 0.5375 0.05)
(4.625 0.5375 0.05)
(4.675 0.5375 0.05)
(4.725 0.5375 0.05)
(4.775 0.5375 0.05)
(4.825 0.5375 0.05)
(4.875 0.5375 0.05)
(4.925 0.5375 0.05)
(4.975 0.5375 0.05)
(5.025 0.5375 0.05)
(5.075 0.5375 0.05)
(5.125 0.5375 0.05)
(5.175 0.5375 0.05)
(5.225 0.5375 0.05)
(5.275 0.5375 0.05)
(5.325 0.5375 0.05)
(5.375 0.5375 0.05)
(5.425 0.5375 0.05)
(5.475 0.5375 0.05)
(5.525 0.5375 0.05)
(5.575 0.5375 0.05)
(5.625 0.5375 0.05)
(5.675 0.5375 0.05)
(5.725 0.5375 0.05)
(5.775 0.5375 0.05)
(5.825 0.5375 0.05)
(5.875 0.5375 0.05)
(5.925 0.5375 0.05)
(5.975 0.5375 0.05)
(6.025 0.5375 0.05)
(6.075 0.5375 0.05)
(6.125 0.5375 0.05)
(6.175 0.5375 0.05)
(6.225 0.5375 0.05)
(6.275 0.5375 0.05)
(6.325 0.5375 0.05)
(6.375 0.5375 0.05)
(6.425 0.5375 0.05)
(6.475 0.5375 0.05)
(6.525 0.5375 0.05)
(6.575 0.5375 0.05)
(6.625 0.5375 0.05)
(6.675 0.5375 0.05)
(6.725 0.5375 0.05)
(6.775 0.5375 0.05)
(6.825 0.5375 0.05)
(6.875 0.5375 0.05)
(6.925 0.5375 0.05)
(6.975 0.5375 0.05)
(2.025 0.5625 0.05)
(2.075 0.5625 0.05)
(2.125 0.5625 0.05)
(2.175 0.5625 0.05)
(2.225 0.5625 0.05)
(2.275 0.5625 0.05)
(2.325 0.5625 0.05)
(2.375 0.5625 0.05)
(2.425 0.5625 0.05)
(2.475 0.5625 0.05)
(2.525 0.5625 0.05)
(2.575 0.5625 0.05)
(2.625 0.5625 0.05)
(2.675 0.5625 0.05)
(2.725 0.5625 0.05)
(2.775 0.5625 0.05)
(2.825 0.5625 0.05)
(2.875 0.5625 0.05)
(2.925 0.5625 0.05)
(2.975 0.5625 0.05)
(3.025 0.5625 0.05)
(3.075 0.5625 0.05)
(3.125 0.5625 0.05)
(3.175 0.5625 0.05)
(3.225 0.5625 0.05)
(3.275 0.5625 0.05)
(3.325 0.5625 0.05)
(3.375 0.5625 0.05)
(3.425 0.5625 0.05)
(3.475 0.5625 0.05)
(3.525 0.5625 0.05)
(3.575 0.5625 0.05)
(3.625 0.5625 0.05)
(3.675 0.5625 0.05)
(3.725 0.5625 0.05)
(3.775 0.5625 0.05)
(3.825 0.5625 0.05)
(3.875 0.5625 0.05)
(3.925 0.5625 0.05)
(3.975 0.5625 0.05)
(4.025 0.5625 0.05)
(4.075 0.5625 0.05)
(4.125 0.5625 0.05)
(4.175 0.5625 0.05)
(4.225 0.5625 0.05)
(4.275 0.5625 0.05)
(4.325 0.5625 0.05)
(4.375 0.5625 0.05)
(4.425 0.5625 0.05)
(4.475 0.5625 0.05)
(4.525 0.5625 0.05)
(4.575 0.5625 0.05)
(4.625 0.5625 0.05)
(4.675 0.5625 0.05)
(4.725 0.5625 0.05)
(4.775 0.5625 0.05)
(4.825 0.5625 0.05)
(4.875 0.5625 0.05)
(4.925 0.5625 0.05)
(4.975 0.5625 0.05)
(5.025 0.5625 0.05)
(5.075 0.5625 0.05)
(5.125 0.5625 0.05)
(5.175 0.5625 0.05)
(5.225 0.5625 0.05)
(5.275 0.5625 0.05)
(5.325 0.5625 0.05)
(5.375 0.5625 0.05)
(5.425 0.5625 0.05)
(5.475 0.5625 0.05)
(5.525 0.5625 0.05)
(5.575 0.5625 0.05)
(5.625 0.5625 0.05)
(5.675 0.5625 0.05)
(5.725 0.5625 0.05)
(5.775 0.5625 0.05)
(5.825 0.5625 0.05)
(5.875 0.5625 0.05)
(5.925 0.5625 0.05)
(5.975 0.5625 0.05)
(6.025 0.5625 0.05)
(6.075 0.5625 0.05)
(6.125 0.5625 0.05)
(6.175 0.5625 0.05)
(6.225 0.5625 0.05)
(6.275 0.5625 0.05)
(6.325 0.5625 0.05)
(6.375 0.5625 0.05)
(6.425 0.5625 0.05)
(6.475 0.5625 0.05)
(6.525 0.5625 0.05)
(6.575 0.5625 0.05)
(6.625 0.5625 0.05)
(6.675 0.5625 0.05)
(6.725 0.5625 0.05)
(6.775 0.5625 0.05)
(6.825 0.5625 0.05)
(6.875 0.5625 0.05)
(6.925 0.5625 0.05)
(6.975 0.5625 0.05)
(2.025 0.5875 0.05)
(2.075 0.5875 0.05)
(2.125 0.5875 0.05)
(2.175 0.5875 0.05)
(2.225 0.5875 0.05)
(2.275 0.5875 0.05)
(2.325 0.5875 0.05)
(2.375 0.5875 0.05)
(2.425 0.5875 0.05)
(2.475 0.5875 0.05)
(2.525 0.5875 0.05)
(2.575 0.5875 0.05)
(2.625 0.5875 0.05)
(2.675 0.5875 0.05)
(2.725 0.5875 0.05)
(2.775 0.5875 0.05)
(2.825 0.5875 0.05)
(2.875 0.5875 0.05)
(2.925 0.5875 0.05)
(2.975 0.5875 0.05)
(3.025 0.5875 0.05)
(3.075 0.5875 0.05)
(3.125 0.5875 0.05)
(3.175 0.5875 0.05)
(3.225 0.5875 0.05)
(3.275 0.5875 0.05)
(3.325 0.5875 0.05)
(3.375 0.5875 0.05)
(3.425 0.5875 0.05)
(3.475 0.5875 0.05)
(3.525 0.5875 0.05)
(3.575 0.5875 0.05)
(3.625 0.5875 0.05)
(3.675 0.5875 0.05)
(3.725 0.5875 0.05)
(3.775 0.5875 0.05)
(3.825 0.5875 0.05)
(3.875 0.5875 0.05)
(3.925 0.5875 0.05)
(3.975 0.5875 0.05)
(4.025 0.5875 0.05)
(4.075 0.5875 0.05)
(4.125 0.5875 0.05)
(4.175 0.5875 0.05)
(4.225 0.5875 0.05)
(4.275 0.5875 0.05)
(4.325 0.5875 0.05)
(4.375 0.5875 0.05)
(4.425 0.5875 0.05)
(4.475 0.5875 0.05)
(4.525 0.5875 0.05)
(4.575 0.5875 0.05)
(4.625 0.5875 0.05)
(4.675 0.5875 0.05)
(4.725 0.5875 0.05)
(4.775 0.5875 0.05)
(4.825 0.5875 0.05)
(4.875 0.5875 0.05)
(4.925 0.5875 0.05)
(4.975 0.5875 0.05)
(5.025 0.5875 0.05)
(5.075 0.5875 0.05)
(5.125 0.5875 0.05)
(5.175 0.5875 0.05)
(5.225 0.5875 0.05)
(5.275 0.5875 0.05)
(5.325 0.5875 0.05)
(5.375 0.5875 0.05)
(5.425 0.5875 0.05)
(5.475 0.5875 0.05)
(5.525 0.5875 0.05)
(5.575 0.5875 0.05)
(5.625 0.5875 0.05)
(5.675 0.5875 0.05)
(5.725 0.5875 0.05)
(5.775 0.5875 0.05)
(5.825 0.5875 0.05)
(5.875 0.5875 0.05)
(5.925 0.5875 0.05)
(5.975 0.5875 0.05)
(6.025 0.5875 0.05)
(6.075 0.5875 0.05)
(6.125 0.5875 0.05)
(6.175 0.5875 0.05)
(6.225 0.5875 0.05)
(6.275 0.5875 0.05)
(6.325 0.5875 0.05)
(6.375 0.5875 0.05)
(6.425 0.5875 0.05)
(6.475 0.5875 0.05)
(6.525 0.5875 0.05)
(6.575 0.5875 0.05)
(6.625 0.5875 0.05)
(6.675 0.5875 0.05)
(6.725 0.5875 0.05)
(6.775 0.5875 0.05)
(6.825 0.5875 0.05)
(6.875 0.5875 0.05)
(6.925 0.5875 0.05)
(6.975 0.5875 0.05)
(2.025 0.6125 0.05)
(2.075 0.6125 0.05)
(2.125 0.6125 0.05)
(2.175 0.6125 0.05)
(2.225 0.6125 0.05)
(2.275 0.6125 0.05)
(2.325 0.6125 0.05)
(2.375 0.6125 0.05)
(2.425 0.6125 0.05)
(2.475 0.6125 0.05)
(2.525 0.6125 0.05)
(2.575 0.6125 0.05)
(2.625 0.6125 0.05)
(2.675 0.6125 0.05)
(2.725 0.6125 0.05)
(2.775 0.6125 0.05)
(2.825 0.6125 0.05)
(2.875 0.6125 0.05)
(2.925 0.6125 0.05)
(2.975 0.6125 0.05)
(3.025 0.6125 0.05)
(3.075 0.6125 0.05)
(3.125 0.6125 0.05)
(3.175 0.6125 0.05)
(3.225 0.6125 0.05)
(3.275 0.6125 0.05)
(3.325 0.6125 0.05)
(3.375 0.6125 0.05)
(3.425 0.6125 0.05)
(3.475 0.6125 0.05)
(3.525 0.6125 0.05)
(3.575 0.6125 0.05)
(3.625 0.6125 0.05)
(3.675 0.6125 0.05)
(3.725 0.6125 0.05)
(3.775 0.6125 0.05)
(3.825 0.6125 0.05)
(3.875 0.6125 0.05)
(3.925 0.6125 0.05)
(3.975 0.6125 0.05)
(4.025 0.6125 0.05)
(4.075 0.6125 0.05)
(4.125 0.6125 0.05)
(4.175 0.6125 0.05)
(4.225 0.6125 0.05)
(4.275 0.6125 0.05)
(4.325 0.6125 0.05)
(4.375 0.6125 0.05)
(4.425 0.6125 0.05)
(4.475 0.6125 0.05)
(4.525 0.6125 0.05)
(4.575 0.6125 0.05)
(4.625 0.6125 0.05)
(4.675 0.6125 0.05)
(4.725 0.6125 0.05)
(4.775 0.6125 0.05)
(4.825 0.6125 0.05)
(4.875 0.6125 0.05)
(4.925 0.6125 0.05)
(4.975 0.6125 0.05)
(5.025 0.6125 0.05)
(5.075 0.6125 0.05)
(5.125 0.6125 0.05)
(5.175 0.6125 0.05)
(5.225 0.6125 0.05)
(5.275 0.6125 0.05)
(5.325 0.6125 0.05)
(5.375 0.6125 0.05)
(5.425 0.6125 0.05)
(5.475 0.6125 0.05)
(5.525 0.6125 0.05)
(5.575 0.6125 0.05)
(5.625 0.6125 0.05)
(5.675 0.6125 0.05)
(5.725 0.6125 0.05)
(5.775 0.6125 0.05)
(5.825 0.6125 0.05)
(5.875 0.6125 0.05)
(5.925 0.6125 0.05)
(5.975 0.6125 0.05)
(6.025 0.6125 0.05)
(6.075 0.6125 0.05)
(6.125 0.6125 0.05)
(6.175 0.6125 0.05)
(6.225 0.6125 0.05)
(6.275 0.6125 0.05)
(6.325 0.6125 0.05)
(6.375 0.6125 0.05)
(6.425 0.6125 0.05)
(6.475 0.6125 0.05)
(6.525 0.6125 0.05)
(6.575 0.6125 0.05)
(6.625 0.6125 0.05)
(6.675 0.6125 0.05)
(6.725 0.6125 0.05)
(6.775 0.6125 0.05)
(6.825 0.6125 0.05)
(6.875 0.6125 0.05)
(6.925 0.6125 0.05)
(6.975 0.6125 0.05)
(2.025 0.6375 0.05)
(2.075 0.6375 0.05)
(2.125 0.6375 0.05)
(2.175 0.6375 0.05)
(2.225 0.6375 0.05)
(2.275 0.6375 0.05)
(2.325 0.6375 0.05)
(2.375 0.6375 0.05)
(2.425 0.6375 0.05)
(2.475 0.6375 0.05)
(2.525 0.6375 0.05)
(2.575 0.6375 0.05)
(2.625 0.6375 0.05)
(2.675 0.6375 0.05)
(2.725 0.6375 0.05)
(2.775 0.6375 0.05)
(2.825 0.6375 0.05)
(2.875 0.6375 0.05)
(2.925 0.6375 0.05)
(2.975 0.6375 0.05)
(3.025 0.6375 0.05)
(3.075 0.6375 0.05)
(3.125 0.6375 0.05)
(3.175 0.6375 0.05)
(3.225 0.6375 0.05)
(3.275 0.6375 0.05)
(3.325 0.6375 0.05)
(3.375 0.6375 0.05)
(3.425 0.6375 0.05)
(3.475 0.6375 0.05)
(3.525 0.6375 0.05)
(3.575 0.6375 0.05)
(3.625 0.6375 0.05)
(3.675 0.6375 0.05)
(3.725 0.6375 0.05)
(3.775 0.6375 0.05)
(3.825 0.6375 0.05)
(3.875 0.6375 0.05)
(3.925 0.6375 0.05)
(3.975 0.6375 0.05)
(4.025 0.6375 0.05)
(4.075 0.6375 0.05)
(4.125 0.6375 0.05)
(4.175 0.6375 0.05)
(4.225 0.6375 0.05)
(4.275 0.6375 0.05)
(4.325 0.6375 0.05)
(4.375 0.6375 0.05)
(4.425 0.6375 0.05)
(4.475 0.6375 0.05)
(4.525 0.6375 0.05)
(4.575 0.6375 0.05)
(4.625 0.6375 0.05)
(4.675 0.6375 0.05)
(4.725 0.6375 0.05)
(4.775 0.6375 0.05)
(4.825 0.6375 0.05)
(4.875 0.6375 0.05)
(4.925 0.6375 0.05)
(4.975 0.6375 0.05)
(5.025 0.6375 0.05)
(5.075 0.6375 0.05)
(5.125 0.6375 0.05)
(5.175 0.6375 0.05)
(5.225 0.6375 0.05)
(5.275 0.6375 0.05)
(5.325 0.6375 0.05)
(5.375 0.6375 0.05)
(5.425 0.6375 0.05)
(5.475 0.6375 0.05)
(5.525 0.6375 0.05)
(5.575 0.6375 0.05)
(5.625 0.6375 0.05)
(5.675 0.6375 0.05)
(5.725 0.6375 0.05)
(5.775 0.6375 0.05)
(5.825 0.6375 0.05)
(5.875 0.6375 0.05)
(5.925 0.6375 0.05)
(5.975 0.6375 0.05)
(6.025 0.6375 0.05)
(6.075 0.6375 0.05)
(6.125 0.6375 0.05)
(6.175 0.6375 0.05)
(6.225 0.6375 0.05)
(6.275 0.6375 0.05)
(6.325 0.6375 0.05)
(6.375 0.6375 0.05)
(6.425 0.6375 0.05)
(6.475 0.6375 0.05)
(6.525 0.6375 0.05)
(6.575 0.6375 0.05)
(6.625 0.6375 0.05)
(6.675 0.6375 0.05)
(6.725 0.6375 0.05)
(6.775 0.6375 0.05)
(6.825 0.6375 0.05)
(6.875 0.6375 0.05)
(6.925 0.6375 0.05)
(6.975 0.6375 0.05)
(2.025 0.6625 0.05)
(2.075 0.6625 0.05)
(2.125 0.6625 0.05)
(2.175 0.6625 0.05)
(2.225 0.6625 0.05)
(2.275 0.6625 0.05)
(2.325 0.6625 0.05)
(2.375 0.6625 0.05)
(2.425 0.6625 0.05)
(2.475 0.6625 0.05)
(2.525 0.6625 0.05)
(2.575 0.6625 0.05)
(2.625 0.6625 0.05)
(2.675 0.6625 0.05)
(2.725 0.6625 0.05)
(2.775 0.6625 0.05)
(2.825 0.6625 0.05)
(2.875 0.6625 0.05)
(2.925 0.6625 0.05)
(2.975 0.6625 0.05)
(3.025 0.6625 0.05)
(3.075 0.6625 0.05)
(3.125 0.6625 0.05)
(3.175 0.6625 0.05)
(3.225 0.6625 0.05)
(3.275 0.6625 0.05)
(3.325 0.6625 0.05)
(3.375 0.6625 0.05)
(3.425 0.6625 0.05)
(3.475 0.6625 0.05)
(3.525 0.6625 0.05)
(3.575 0.6625 0.05)
(3.625 0.6625 0.05)
(3.675 0.6625 0.05)
(3.725 0.6625 0.05)
(3.775 0.6625 0.05)
(3.825 0.6625 0.05)
(3.875 0.6625 0.05)
(3.925 0.6625 0.05)
(3.975 0.6625 0.05)
(4.025 0.6625 0.05)
(4.075 0.6625 0.05)
(4.125 0.6625 0.05)
(4.175 0.6625 0.05)
(4.225 0.6625 0.05)
(4.275 0.6625 0.05)
(4.325 0.6625 0.05)
(4.375 0.6625 0.05)
(4.425 0.6625 0.05)
(4.475 0.6625 0.05)
(4.525 0.6625 0.05)
(4.575 0.6625 0.05)
(4.625 0.6625 0.05)
(4.675 0.6625 0.05)
(4.725 0.6625 0.05)
(4.775 0.6625 0.05)
(4.825 0.6625 0.05)
(4.875 0.6625 0.05)
(4.925 0.6625 0.05)
(4.975 0.6625 0.05)
(5.025 0.6625 0.05)
(5.075 0.6625 0.05)
(5.125 0.6625 0.05)
(5.175 0.6625 0.05)
(5.225 0.6625 0.05)
(5.275 0.6625 0.05)
(5.325 0.6625 0.05)
(5.375 0.6625 0.05)
(5.425 0.6625 0.05)
(5.475 0.6625 0.05)
(5.525 0.6625 0.05)
(5.575 0.6625 0.05)
(5.625 0.6625 0.05)
(5.675 0.6625 0.05)
(5.725 0.6625 0.05)
(5.775 0.6625 0.05)
(5.825 0.6625 0.05)
(5.875 0.6625 0.05)
(5.925 0.6625 0.05)
(5.975 0.6625 0.05)
(6.025 0.6625 0.05)
(6.075 0.6625 0.05)
(6.125 0.6625 0.05)
(6.175 0.6625 0.05)
(6.225 0.6625 0.05)
(6.275 0.6625 0.05)
(6.325 0.6625 0.05)
(6.375 0.6625 0.05)
(6.425 0.6625 0.05)
(6.475 0.6625 0.05)
(6.525 0.6625 0.05)
(6.575 0.6625 0.05)
(6.625 0.6625 0.05)
(6.675 0.6625 0.05)
(6.725 0.6625 0.05)
(6.775 0.6625 0.05)
(6.825 0.6625 0.05)
(6.875 0.6625 0.05)
(6.925 0.6625 0.05)
(6.975 0.6625 0.05)
(2.025 0.6875 0.05)
(2.075 0.6875 0.05)
(2.125 0.6875 0.05)
(2.175 0.6875 0.05)
(2.225 0.6875 0.05)
(2.275 0.6875 0.05)
(2.325 0.6875 0.05)
(2.375 0.6875 0.05)
(2.425 0.6875 0.05)
(2.475 0.6875 0.05)
(2.525 0.6875 0.05)
(2.575 0.6875 0.05)
(2.625 0.6875 0.05)
(2.675 0.6875 0.05)
(2.725 0.6875 0.05)
(2.775 0.6875 0.05)
(2.825 0.6875 0.05)
(2.875 0.6875 0.05)
(2.925 0.6875 0.05)
(2.975 0.6875 0.05)
(3.025 0.6875 0.05)
(3.075 0.6875 0.05)
(3.125 0.6875 0.05)
(3.175 0.6875 0.05)
(3.225 0.6875 0.05)
(3.275 0.6875 0.05)
(3.325 0.6875 0.05)
(3.375 0.6875 0.05)
(3.425 0.6875 0.05)
(3.475 0.6875 0.05)
(3.525 0.6875 0.05)
(3.575 0.6875 0.05)
(3.625 0.6875 0.05)
(3.675 0.6875 0.05)
(3.725 0.6875 0.05)
(3.775 0.6875 0.05)
(3.825 0.6875 0.05)
(3.875 0.6875 0.05)
(3.925 0.6875 0.05)
(3.975 0.6875 0.05)
(4.025 0.6875 0.05)
(4.075 0.6875 0.05)
(4.125 0.6875 0.05)
(4.175 0.6875 0.05)
(4.225 0.6875 0.05)
(4.275 0.6875 0.05)
(4.325 0.6875 0.05)
(4.375 0.6875 0.05)
(4.425 0.6875 0.05)
(4.475 0.6875 0.05)
(4.525 0.6875 0.05)
(4.575 0.6875 0.05)
(4.625 0.6875 0.05)
(4.675 0.6875 0.05)
(4.725 0.6875 0.05)
(4.775 0.6875 0.05)
(4.825 0.6875 0.05)
(4.875 0.6875 0.05)
(4.925 0.6875 0.05)
(4.975 0.6875 0.05)
(5.025 0.6875 0.05)
(5.075 0.6875 0.05)
(5.125 0.6875 0.05)
(5.175 0.6875 0.05)
(5.225 0.6875 0.05)
(5.275 0.6875 0.05)
(5.325 0.6875 0.05)
(5.375 0.6875 0.05)
(5.425 0.6875 0.05)
(5.475 0.6875 0.05)
(5.525 0.6875 0.05)
(5.575 0.6875 0.05)
(5.625 0.6875 0.05)
(5.675 0.6875 0.05)
(5.725 0.6875 0.05)
(5.775 0.6875 0.05)
(5.825 0.6875 0.05)
(5.875 0.6875 0.05)
(5.925 0.6875 0.05)
(5.975 0.6875 0.05)
(6.025 0.6875 0.05)
(6.075 0.6875 0.05)
(6.125 0.6875 0.05)
(6.175 0.6875 0.05)
(6.225 0.6875 0.05)
(6.275 0.6875 0.05)
(6.325 0.6875 0.05)
(6.375 0.6875 0.05)
(6.425 0.6875 0.05)
(6.475 0.6875 0.05)
(6.525 0.6875 0.05)
(6.575 0.6875 0.05)
(6.625 0.6875 0.05)
(6.675 0.6875 0.05)
(6.725 0.6875 0.05)
(6.775 0.6875 0.05)
(6.825 0.6875 0.05)
(6.875 0.6875 0.05)
(6.925 0.6875 0.05)
(6.975 0.6875 0.05)
(2.025 0.7125 0.05)
(2.075 0.7125 0.05)
(2.125 0.7125 0.05)
(2.175 0.7125 0.05)
(2.225 0.7125 0.05)
(2.275 0.7125 0.05)
(2.325 0.7125 0.05)
(2.375 0.7125 0.05)
(2.425 0.7125 0.05)
(2.475 0.7125 0.05)
(2.525 0.7125 0.05)
(2.575 0.7125 0.05)
(2.625 0.7125 0.05)
(2.675 0.7125 0.05)
(2.725 0.7125 0.05)
(2.775 0.7125 0.05)
(2.825 0.7125 0.05)
(2.875 0.7125 0.05)
(2.925 0.7125 0.05)
(2.975 0.7125 0.05)
(3.025 0.7125 0.05)
(3.075 0.7125 0.05)
(3.125 0.7125 0.05)
(3.175 0.7125 0.05)
(3.225 0.7125 0.05)
(3.275 0.7125 0.05)
(3.325 0.7125 0.05)
(3.375 0.7125 0.05)
(3.425 0.7125 0.05)
(3.475 0.7125 0.05)
(3.525 0.7125 0.05)
(3.575 0.7125 0.05)
(3.625 0.7125 0.05)
(3.675 0.7125 0.05)
(3.725 0.7125 0.05)
(3.775 0.7125 0.05)
(3.825 0.7125 0.05)
(3.875 0.7125 0.05)
(3.925 0.7125 0.05)
(3.975 0.7125 0.05)
(4.025 0.7125 0.05)
(4.075 0.7125 0.05)
(4.125 0.7125 0.05)
(4.175 0.7125 0.05)
(4.225 0.7125 0.05)
(4.275 0.7125 0.05)
(4.325 0.7125 0.05)
(4.375 0.7125 0.05)
(4.425 0.7125 0.05)
(4.475 0.7125 0.05)
(4.525 0.7125 0.05)
(4.575 0.7125 0.05)
(4.625 0.7125 0.05)
(4.675 0.7125 0.05)
(4.725 0.7125 0.05)
(4.775 0.7125 0.05)
(4.825 0.7125 0.05)
(4.875 0.7125 0.05)
(4.925 0.7125 0.05)
(4.975 0.7125 0.05)
(5.025 0.7125 0.05)
(5.075 0.7125 0.05)
(5.125 0.7125 0.05)
(5.175 0.7125 0.05)
(5.225 0.7125 0.05)
(5.275 0.7125 0.05)
(5.325 0.7125 0.05)
(5.375 0.7125 0.05)
(5.425 0.7125 0.05)
(5.475 0.7125 0.05)
(5.525 0.7125 0.05)
(5.575 0.7125 0.05)
(5.625 0.7125 0.05)
(5.675 0.7125 0.05)
(5.725 0.7125 0.05)
(5.775 0.7125 0.05)
(5.825 0.7125 0.05)
(5.875 0.7125 0.05)
(5.925 0.7125 0.05)
(5.975 0.7125 0.05)
(6.025 0.7125 0.05)
(6.075 0.7125 0.05)
(6.125 0.7125 0.05)
(6.175 0.7125 0.05)
(6.225 0.7125 0.05)
(6.275 0.7125 0.05)
(6.325 0.7125 0.05)
(6.375 0.7125 0.05)
(6.425 0.7125 0.05)
(6.475 0.7125 0.05)
(6.525 0.7125 0.05)
(6.575 0.7125 0.05)
(6.625 0.7125 0.05)
(6.675 0.7125 0.05)
(6.725 0.7125 0.05)
(6.775 0.7125 0.05)
(6.825 0.7125 0.05)
(6.875 0.7125 0.05)
(6.925 0.7125 0.05)
(6.975 0.7125 0.05)
(2.025 0.7375 0.05)
(2.075 0.7375 0.05)
(2.125 0.7375 0.05)
(2.175 0.7375 0.05)
(2.225 0.7375 0.05)
(2.275 0.7375 0.05)
(2.325 0.7375 0.05)
(2.375 0.7375 0.05)
(2.425 0.7375 0.05)
(2.475 0.7375 0.05)
(2.525 0.7375 0.05)
(2.575 0.7375 0.05)
(2.625 0.7375 0.05)
(2.675 0.7375 0.05)
(2.725 0.7375 0.05)
(2.775 0.7375 0.05)
(2.825 0.7375 0.05)
(2.875 0.7375 0.05)
(2.925 0.7375 0.05)
(2.975 0.7375 0.05)
(3.025 0.7375 0.05)
(3.075 0.7375 0.05)
(3.125 0.7375 0.05)
(3.175 0.7375 0.05)
(3.225 0.7375 0.05)
(3.275 0.7375 0.05)
(3.325 0.7375 0.05)
(3.375 0.7375 0.05)
(3.425 0.7375 0.05)
(3.475 0.7375 0.05)
(3.525 0.7375 0.05)
(3.575 0.7375 0.05)
(3.625 0.7375 0.05)
(3.675 0.7375 0.05)
(3.725 0.7375 0.05)
(3.775 0.7375 0.05)
(3.825 0.7375 0.05)
(3.875 0.7375 0.05)
(3.925 0.7375 0.05)
(3.975 0.7375 0.05)
(4.025 0.7375 0.05)
(4.075 0.7375 0.05)
(4.125 0.7375 0.05)
(4.175 0.7375 0.05)
(4.225 0.7375 0.05)
(4.275 0.7375 0.05)
(4.325 0.7375 0.05)
(4.375 0.7375 0.05)
(4.425 0.7375 0.05)
(4.475 0.7375 0.05)
(4.525 0.7375 0.05)
(4.575 0.7375 0.05)
(4.625 0.7375 0.05)
(4.675 0.7375 0.05)
(4.725 0.7375 0.05)
(4.775 0.7375 0.05)
(4.825 0.7375 0.05)
(4.875 0.7375 0.05)
(4.925 0.7375 0.05)
(4.975 0.7375 0.05)
(5.025 0.7375 0.05)
(5.075 0.7375 0.05)
(5.125 0.7375 0.05)
(5.175 0.7375 0.05)
(5.225 0.7375 0.05)
(5.275 0.7375 0.05)
(5.325 0.7375 0.05)
(5.375 0.7375 0.05)
(5.425 0.7375 0.05)
(5.475 0.7375 0.05)
(5.525 0.7375 0.05)
(5.575 0.7375 0.05)
(5.625 0.7375 0.05)
(5.675 0.7375 0.05)
(5.725 0.7375 0.05)
(5.775 0.7375 0.05)
(5.825 0.7375 0.05)
(5.875 0.7375 0.05)
(5.925 0.7375 0.05)
(5.975 0.7375 0.05)
(6.025 0.7375 0.05)
(6.075 0.7375 0.05)
(6.125 0.7375 0.05)
(6.175 0.7375 0.05)
(6.225 0.7375 0.05)
(6.275 0.7375 0.05)
(6.325 0.7375 0.05)
(6.375 0.7375 0.05)
(6.425 0.7375 0.05)
(6.475 0.7375 0.05)
(6.525 0.7375 0.05)
(6.575 0.7375 0.05)
(6.625 0.7375 0.05)
(6.675 0.7375 0.05)
(6.725 0.7375 0.05)
(6.775 0.7375 0.05)
(6.825 0.7375 0.05)
(6.875 0.7375 0.05)
(6.925 0.7375 0.05)
(6.975 0.7375 0.05)
(2.025 0.7625 0.05)
(2.075 0.7625 0.05)
(2.125 0.7625 0.05)
(2.175 0.7625 0.05)
(2.225 0.7625 0.05)
(2.275 0.7625 0.05)
(2.325 0.7625 0.05)
(2.375 0.7625 0.05)
(2.425 0.7625 0.05)
(2.475 0.7625 0.05)
(2.525 0.7625 0.05)
(2.575 0.7625 0.05)
(2.625 0.7625 0.05)
(2.675 0.7625 0.05)
(2.725 0.7625 0.05)
(2.775 0.7625 0.05)
(2.825 0.7625 0.05)
(2.875 0.7625 0.05)
(2.925 0.7625 0.05)
(2.975 0.7625 0.05)
(3.025 0.7625 0.05)
(3.075 0.7625 0.05)
(3.125 0.7625 0.05)
(3.175 0.7625 0.05)
(3.225 0.7625 0.05)
(3.275 0.7625 0.05)
(3.325 0.7625 0.05)
(3.375 0.7625 0.05)
(3.425 0.7625 0.05)
(3.475 0.7625 0.05)
(3.525 0.7625 0.05)
(3.575 0.7625 0.05)
(3.625 0.7625 0.05)
(3.675 0.7625 0.05)
(3.725 0.7625 0.05)
(3.775 0.7625 0.05)
(3.825 0.7625 0.05)
(3.875 0.7625 0.05)
(3.925 0.7625 0.05)
(3.975 0.7625 0.05)
(4.025 0.7625 0.05)
(4.075 0.7625 0.05)
(4.125 0.7625 0.05)
(4.175 0.7625 0.05)
(4.225 0.7625 0.05)
(4.275 0.7625 0.05)
(4.325 0.7625 0.05)
(4.375 0.7625 0.05)
(4.425 0.7625 0.05)
(4.475 0.7625 0.05)
(4.525 0.7625 0.05)
(4.575 0.7625 0.05)
(4.625 0.7625 0.05)
(4.675 0.7625 0.05)
(4.725 0.7625 0.05)
(4.775 0.7625 0.05)
(4.825 0.7625 0.05)
(4.875 0.7625 0.05)
(4.925 0.7625 0.05)
(4.975 0.7625 0.05)
(5.025 0.7625 0.05)
(5.075 0.7625 0.05)
(5.125 0.7625 0.05)
(5.175 0.7625 0.05)
(5.225 0.7625 0.05)
(5.275 0.7625 0.05)
(5.325 0.7625 0.05)
(5.375 0.7625 0.05)
(5.425 0.7625 0.05)
(5.475 0.7625 0.05)
(5.525 0.7625 0.05)
(5.575 0.7625 0.05)
(5.625 0.7625 0.05)
(5.675 0.7625 0.05)
(5.725 0.7625 0.05)
(5.775 0.7625 0.05)
(5.825 0.7625 0.05)
(5.875 0.7625 0.05)
(5.925 0.7625 0.05)
(5.975 0.7625 0.05)
(6.025 0.7625 0.05)
(6.075 0.7625 0.05)
(6.125 0.7625 0.05)
(6.175 0.7625 0.05)
(6.225 0.7625 0.05)
(6.275 0.7625 0.05)
(6.325 0.7625 0.05)
(6.375 0.7625 0.05)
(6.425 0.7625 0.05)
(6.475 0.7625 0.05)
(6.525 0.7625 0.05)
(6.575 0.7625 0.05)
(6.625 0.7625 0.05)
(6.675 0.7625 0.05)
(6.725 0.7625 0.05)
(6.775 0.7625 0.05)
(6.825 0.7625 0.05)
(6.875 0.7625 0.05)
(6.925 0.7625 0.05)
(6.975 0.7625 0.05)
(2.025 0.7875 0.05)
(2.075 0.7875 0.05)
(2.125 0.7875 0.05)
(2.175 0.7875 0.05)
(2.225 0.7875 0.05)
(2.275 0.7875 0.05)
(2.325 0.7875 0.05)
(2.375 0.7875 0.05)
(2.425 0.7875 0.05)
(2.475 0.7875 0.05)
(2.525 0.7875 0.05)
(2.575 0.7875 0.05)
(2.625 0.7875 0.05)
(2.675 0.7875 0.05)
(2.725 0.7875 0.05)
(2.775 0.7875 0.05)
(2.825 0.7875 0.05)
(2.875 0.7875 0.05)
(2.925 0.7875 0.05)
(2.975 0.7875 0.05)
(3.025 0.7875 0.05)
(3.075 0.7875 0.05)
(3.125 0.7875 0.05)
(3.175 0.7875 0.05)
(3.225 0.7875 0.05)
(3.275 0.7875 0.05)
(3.325 0.7875 0.05)
(3.375 0.7875 0.05)
(3.425 0.7875 0.05)
(3.475 0.7875 0.05)
(3.525 0.7875 0.05)
(3.575 0.7875 0.05)
(3.625 0.7875 0.05)
(3.675 0.7875 0.05)
(3.725 0.7875 0.05)
(3.775 0.7875 0.05)
(3.825 0.7875 0.05)
(3.875 0.7875 0.05)
(3.925 0.7875 0.05)
(3.975 0.7875 0.05)
(4.025 0.7875 0.05)
(4.075 0.7875 0.05)
(4.125 0.7875 0.05)
(4.175 0.7875 0.05)
(4.225 0.7875 0.05)
(4.275 0.7875 0.05)
(4.325 0.7875 0.05)
(4.375 0.7875 0.05)
(4.425 0.7875 0.05)
(4.475 0.7875 0.05)
(4.525 0.7875 0.05)
(4.575 0.7875 0.05)
(4.625 0.7875 0.05)
(4.675 0.7875 0.05)
(4.725 0.7875 0.05)
(4.775 0.7875 0.05)
(4.825 0.7875 0.05)
(4.875 0.7875 0.05)
(4.925 0.7875 0.05)
(4.975 0.7875 0.05)
(5.025 0.7875 0.05)
(5.075 0.7875 0.05)
(5.125 0.7875 0.05)
(5.175 0.7875 0.05)
(5.225 0.7875 0.05)
(5.275 0.7875 0.05)
(5.325 0.7875 0.05)
(5.375 0.7875 0.05)
(5.425 0.7875 0.05)
(5.475 0.7875 0.05)
(5.525 0.7875 0.05)
(5.575 0.7875 0.05)
(5.625 0.7875 0.05)
(5.675 0.7875 0.05)
(5.725 0.7875 0.05)
(5.775 0.7875 0.05)
(5.825 0.7875 0.05)
(5.875 0.7875 0.05)
(5.925 0.7875 0.05)
(5.975 0.7875 0.05)
(6.025 0.7875 0.05)
(6.075 0.7875 0.05)
(6.125 0.7875 0.05)
(6.175 0.7875 0.05)
(6.225 0.7875 0.05)
(6.275 0.7875 0.05)
(6.325 0.7875 0.05)
(6.375 0.7875 0.05)
(6.425 0.7875 0.05)
(6.475 0.7875 0.05)
(6.525 0.7875 0.05)
(6.575 0.7875 0.05)
(6.625 0.7875 0.05)
(6.675 0.7875 0.05)
(6.725 0.7875 0.05)
(6.775 0.7875 0.05)
(6.825 0.7875 0.05)
(6.875 0.7875 0.05)
(6.925 0.7875 0.05)
(6.975 0.7875 0.05)
(2.025 0.8125 0.05)
(2.075 0.8125 0.05)
(2.125 0.8125 0.05)
(2.175 0.8125 0.05)
(2.225 0.8125 0.05)
(2.275 0.8125 0.05)
(2.325 0.8125 0.05)
(2.375 0.8125 0.05)
(2.425 0.8125 0.05)
(2.475 0.8125 0.05)
(2.525 0.8125 0.05)
(2.575 0.8125 0.05)
(2.625 0.8125 0.05)
(2.675 0.8125 0.05)
(2.725 0.8125 0.05)
(2.775 0.8125 0.05)
(2.825 0.8125 0.05)
(2.875 0.8125 0.05)
(2.925 0.8125 0.05)
(2.975 0.8125 0.05)
(3.025 0.8125 0.05)
(3.075 0.8125 0.05)
(3.125 0.8125 0.05)
(3.175 0.8125 0.05)
(3.225 0.8125 0.05)
(3.275 0.8125 0.05)
(3.325 0.8125 0.05)
(3.375 0.8125 0.05)
(3.425 0.8125 0.05)
(3.475 0.8125 0.05)
(3.525 0.8125 0.05)
(3.575 0.8125 0.05)
(3.625 0.8125 0.05)
(3.675 0.8125 0.05)
(3.725 0.8125 0.05)
(3.775 0.8125 0.05)
(3.825 0.8125 0.05)
(3.875 0.8125 0.05)
(3.925 0.8125 0.05)
(3.975 0.8125 0.05)
(4.025 0.8125 0.05)
(4.075 0.8125 0.05)
(4.125 0.8125 0.05)
(4.175 0.8125 0.05)
(4.225 0.8125 0.05)
(4.275 0.8125 0.05)
(4.325 0.8125 0.05)
(4.375 0.8125 0.05)
(4.425 0.8125 0.05)
(4.475 0.8125 0.05)
(4.525 0.8125 0.05)
(4.575 0.8125 0.05)
(4.625 0.8125 0.05)
(4.675 0.8125 0.05)
(4.725 0.8125 0.05)
(4.775 0.8125 0.05)
(4.825 0.8125 0.05)
(4.875 0.8125 0.05)
(4.925 0.8125 0.05)
(4.975 0.8125 0.05)
(5.025 0.8125 0.05)
(5.075 0.8125 0.05)
(5.125 0.8125 0.05)
(5.175 0.8125 0.05)
(5.225 0.8125 0.05)
(5.275 0.8125 0.05)
(5.325 0.8125 0.05)
(5.375 0.8125 0.05)
(5.425 0.8125 0.05)
(5.475 0.8125 0.05)
(5.525 0.8125 0.05)
(5.575 0.8125 0.05)
(5.625 0.8125 0.05)
(5.675 0.8125 0.05)
(5.725 0.8125 0.05)
(5.775 0.8125 0.05)
(5.825 0.8125 0.05)
(5.875 0.8125 0.05)
(5.925 0.8125 0.05)
(5.975 0.8125 0.05)
(6.025 0.8125 0.05)
(6.075 0.8125 0.05)
(6.125 0.8125 0.05)
(6.175 0.8125 0.05)
(6.225 0.8125 0.05)
(6.275 0.8125 0.05)
(6.325 0.8125 0.05)
(6.375 0.8125 0.05)
(6.425 0.8125 0.05)
(6.475 0.8125 0.05)
(6.525 0.8125 0.05)
(6.575 0.8125 0.05)
(6.625 0.8125 0.05)
(6.675 0.8125 0.05)
(6.725 0.8125 0.05)
(6.775 0.8125 0.05)
(6.825 0.8125 0.05)
(6.875 0.8125 0.05)
(6.925 0.8125 0.05)
(6.975 0.8125 0.05)
(2.025 0.8375 0.05)
(2.075 0.8375 0.05)
(2.125 0.8375 0.05)
(2.175 0.8375 0.05)
(2.225 0.8375 0.05)
(2.275 0.8375 0.05)
(2.325 0.8375 0.05)
(2.375 0.8375 0.05)
(2.425 0.8375 0.05)
(2.475 0.8375 0.05)
(2.525 0.8375 0.05)
(2.575 0.8375 0.05)
(2.625 0.8375 0.05)
(2.675 0.8375 0.05)
(2.725 0.8375 0.05)
(2.775 0.8375 0.05)
(2.825 0.8375 0.05)
(2.875 0.8375 0.05)
(2.925 0.8375 0.05)
(2.975 0.8375 0.05)
(3.025 0.8375 0.05)
(3.075 0.8375 0.05)
(3.125 0.8375 0.05)
(3.175 0.8375 0.05)
(3.225 0.8375 0.05)
(3.275 0.8375 0.05)
(3.325 0.8375 0.05)
(3.375 0.8375 0.05)
(3.425 0.8375 0.05)
(3.475 0.8375 0.05)
(3.525 0.8375 0.05)
(3.575 0.8375 0.05)
(3.625 0.8375 0.05)
(3.675 0.8375 0.05)
(3.725 0.8375 0.05)
(3.775 0.8375 0.05)
(3.825 0.8375 0.05)
(3.875 0.8375 0.05)
(3.925 0.8375 0.05)
(3.975 0.8375 0.05)
(4.025 0.8375 0.05)
(4.075 0.8375 0.05)
(4.125 0.8375 0.05)
(4.175 0.8375 0.05)
(4.225 0.8375 0.05)
(4.275 0.8375 0.05)
(4.325 0.8375 0.05)
(4.375 0.8375 0.05)
(4.425 0.8375 0.05)
(4.475 0.8375 0.05)
(4.525 0.8375 0.05)
(4.575 0.8375 0.05)
(4.625 0.8375 0.05)
(4.675 0.8375 0.05)
(4.725 0.8375 0.05)
(4.775 0.8375 0.05)
(4.825 0.8375 0.05)
(4.875 0.8375 0.05)
(4.925 0.8375 0.05)
(4.975 0.8375 0.05)
(5.025 0.8375 0.05)
(5.075 0.8375 0.05)
(5.125 0.8375 0.05)
(5.175 0.8375 0.05)
(5.225 0.8375 0.05)
(5.275 0.8375 0.05)
(5.325 0.8375 0.05)
(5.375 0.8375 0.05)
(5.425 0.8375 0.05)
(5.475 0.8375 0.05)
(5.525 0.8375 0.05)
(5.575 0.8375 0.05)
(5.625 0.8375 0.05)
(5.675 0.8375 0.05)
(5.725 0.8375 0.05)
(5.775 0.8375 0.05)
(5.825 0.8375 0.05)
(5.875 0.8375 0.05)
(5.925 0.8375 0.05)
(5.975 0.8375 0.05)
(6.025 0.8375 0.05)
(6.075 0.8375 0.05)
(6.125 0.8375 0.05)
(6.175 0.8375 0.05)
(6.225 0.8375 0.05)
(6.275 0.8375 0.05)
(6.325 0.8375 0.05)
(6.375 0.8375 0.05)
(6.425 0.8375 0.05)
(6.475 0.8375 0.05)
(6.525 0.8375 0.05)
(6.575 0.8375 0.05)
(6.625 0.8375 0.05)
(6.675 0.8375 0.05)
(6.725 0.8375 0.05)
(6.775 0.8375 0.05)
(6.825 0.8375 0.05)
(6.875 0.8375 0.05)
(6.925 0.8375 0.05)
(6.975 0.8375 0.05)
(2.025 0.8625 0.05)
(2.075 0.8625 0.05)
(2.125 0.8625 0.05)
(2.175 0.8625 0.05)
(2.225 0.8625 0.05)
(2.275 0.8625 0.05)
(2.325 0.8625 0.05)
(2.375 0.8625 0.05)
(2.425 0.8625 0.05)
(2.475 0.8625 0.05)
(2.525 0.8625 0.05)
(2.575 0.8625 0.05)
(2.625 0.8625 0.05)
(2.675 0.8625 0.05)
(2.725 0.8625 0.05)
(2.775 0.8625 0.05)
(2.825 0.8625 0.05)
(2.875 0.8625 0.05)
(2.925 0.8625 0.05)
(2.975 0.8625 0.05)
(3.025 0.8625 0.05)
(3.075 0.8625 0.05)
(3.125 0.8625 0.05)
(3.175 0.8625 0.05)
(3.225 0.8625 0.05)
(3.275 0.8625 0.05)
(3.325 0.8625 0.05)
(3.375 0.8625 0.05)
(3.425 0.8625 0.05)
(3.475 0.8625 0.05)
(3.525 0.8625 0.05)
(3.575 0.8625 0.05)
(3.625 0.8625 0.05)
(3.675 0.8625 0.05)
(3.725 0.8625 0.05)
(3.775 0.8625 0.05)
(3.825 0.8625 0.05)
(3.875 0.8625 0.05)
(3.925 0.8625 0.05)
(3.975 0.8625 0.05)
(4.025 0.8625 0.05)
(4.075 0.8625 0.05)
(4.125 0.8625 0.05)
(4.175 0.8625 0.05)
(4.225 0.8625 0.05)
(4.275 0.8625 0.05)
(4.325 0.8625 0.05)
(4.375 0.8625 0.05)
(4.425 0.8625 0.05)
(4.475 0.8625 0.05)
(4.525 0.8625 0.05)
(4.575 0.8625 0.05)
(4.625 0.8625 0.05)
(4.675 0.8625 0.05)
(4.725 0.8625 0.05)
(4.775 0.8625 0.05)
(4.825 0.8625 0.05)
(4.875 0.8625 0.05)
(4.925 0.8625 0.05)
(4.975 0.8625 0.05)
(5.025 0.8625 0.05)
(5.075 0.8625 0.05)
(5.125 0.8625 0.05)
(5.175 0.8625 0.05)
(5.225 0.8625 0.05)
(5.275 0.8625 0.05)
(5.325 0.8625 0.05)
(5.375 0.8625 0.05)
(5.425 0.8625 0.05)
(5.475 0.8625 0.05)
(5.525 0.8625 0.05)
(5.575 0.8625 0.05)
(5.625 0.8625 0.05)
(5.675 0.8625 0.05)
(5.725 0.8625 0.05)
(5.775 0.8625 0.05)
(5.825 0.8625 0.05)
(5.875 0.8625 0.05)
(5.925 0.8625 0.05)
(5.975 0.8625 0.05)
(6.025 0.8625 0.05)
(6.075 0.8625 0.05)
(6.125 0.8625 0.05)
(6.175 0.8625 0.05)
(6.225 0.8625 0.05)
(6.275 0.8625 0.05)
(6.325 0.8625 0.05)
(6.375 0.8625 0.05)
(6.425 0.8625 0.05)
(6.475 0.8625 0.05)
(6.525 0.8625 0.05)
(6.575 0.8625 0.05)
(6.625 0.8625 0.05)
(6.675 0.8625 0.05)
(6.725 0.8625 0.05)
(6.775 0.8625 0.05)
(6.825 0.8625 0.05)
(6.875 0.8625 0.05)
(6.925 0.8625 0.05)
(6.975 0.8625 0.05)
(2.025 0.8875 0.05)
(2.075 0.8875 0.05)
(2.125 0.8875 0.05)
(2.175 0.8875 0.05)
(2.225 0.8875 0.05)
(2.275 0.8875 0.05)
(2.325 0.8875 0.05)
(2.375 0.8875 0.05)
(2.425 0.8875 0.05)
(2.475 0.8875 0.05)
(2.525 0.8875 0.05)
(2.575 0.8875 0.05)
(2.625 0.8875 0.05)
(2.675 0.8875 0.05)
(2.725 0.8875 0.05)
(2.775 0.8875 0.05)
(2.825 0.8875 0.05)
(2.875 0.8875 0.05)
(2.925 0.8875 0.05)
(2.975 0.8875 0.05)
(3.025 0.8875 0.05)
(3.075 0.8875 0.05)
(3.125 0.8875 0.05)
(3.175 0.8875 0.05)
(3.225 0.8875 0.05)
(3.275 0.8875 0.05)
(3.325 0.8875 0.05)
(3.375 0.8875 0.05)
(3.425 0.8875 0.05)
(3.475 0.8875 0.05)
(3.525 0.8875 0.05)
(3.575 0.8875 0.05)
(3.625 0.8875 0.05)
(3.675 0.8875 0.05)
(3.725 0.8875 0.05)
(3.775 0.8875 0.05)
(3.825 0.8875 0.05)
(3.875 0.8875 0.05)
(3.925 0.8875 0.05)
(3.975 0.8875 0.05)
(4.025 0.8875 0.05)
(4.075 0.8875 0.05)
(4.125 0.8875 0.05)
(4.175 0.8875 0.05)
(4.225 0.8875 0.05)
(4.275 0.8875 0.05)
(4.325 0.8875 0.05)
(4.375 0.8875 0.05)
(4.425 0.8875 0.05)
(4.475 0.8875 0.05)
(4.525 0.8875 0.05)
(4.575 0.8875 0.05)
(4.625 0.8875 0.05)
(4.675 0.8875 0.05)
(4.725 0.8875 0.05)
(4.775 0.8875 0.05)
(4.825 0.8875 0.05)
(4.875 0.8875 0.05)
(4.925 0.8875 0.05)
(4.975 0.8875 0.05)
(5.025 0.8875 0.05)
(5.075 0.8875 0.05)
(5.125 0.8875 0.05)
(5.175 0.8875 0.05)
(5.225 0.8875 0.05)
(5.275 0.8875 0.05)
(5.325 0.8875 0.05)
(5.375 0.8875 0.05)
(5.425 0.8875 0.05)
(5.475 0.8875 0.05)
(5.525 0.8875 0.05)
(5.575 0.8875 0.05)
(5.625 0.8875 0.05)
(5.675 0.8875 0.05)
(5.725 0.8875 0.05)
(5.775 0.8875 0.05)
(5.825 0.8875 0.05)
(5.875 0.8875 0.05)
(5.925 0.8875 0.05)
(5.975 0.8875 0.05)
(6.025 0.8875 0.05)
(6.075 0.8875 0.05)
(6.125 0.8875 0.05)
(6.175 0.8875 0.05)
(6.225 0.8875 0.05)
(6.275 0.8875 0.05)
(6.325 0.8875 0.05)
(6.375 0.8875 0.05)
(6.425 0.8875 0.05)
(6.475 0.8875 0.05)
(6.525 0.8875 0.05)
(6.575 0.8875 0.05)
(6.625 0.8875 0.05)
(6.675 0.8875 0.05)
(6.725 0.8875 0.05)
(6.775 0.8875 0.05)
(6.825 0.8875 0.05)
(6.875 0.8875 0.05)
(6.925 0.8875 0.05)
(6.975 0.8875 0.05)
(2.025 0.9125 0.05)
(2.075 0.9125 0.05)
(2.125 0.9125 0.05)
(2.175 0.9125 0.05)
(2.225 0.9125 0.05)
(2.275 0.9125 0.05)
(2.325 0.9125 0.05)
(2.375 0.9125 0.05)
(2.425 0.9125 0.05)
(2.475 0.9125 0.05)
(2.525 0.9125 0.05)
(2.575 0.9125 0.05)
(2.625 0.9125 0.05)
(2.675 0.9125 0.05)
(2.725 0.9125 0.05)
(2.775 0.9125 0.05)
(2.825 0.9125 0.05)
(2.875 0.9125 0.05)
(2.925 0.9125 0.05)
(2.975 0.9125 0.05)
(3.025 0.9125 0.05)
(3.075 0.9125 0.05)
(3.125 0.9125 0.05)
(3.175 0.9125 0.05)
(3.225 0.9125 0.05)
(3.275 0.9125 0.05)
(3.325 0.9125 0.05)
(3.375 0.9125 0.05)
(3.425 0.9125 0.05)
(3.475 0.9125 0.05)
(3.525 0.9125 0.05)
(3.575 0.9125 0.05)
(3.625 0.9125 0.05)
(3.675 0.9125 0.05)
(3.725 0.9125 0.05)
(3.775 0.9125 0.05)
(3.825 0.9125 0.05)
(3.875 0.9125 0.05)
(3.925 0.9125 0.05)
(3.975 0.9125 0.05)
(4.025 0.9125 0.05)
(4.075 0.9125 0.05)
(4.125 0.9125 0.05)
(4.175 0.9125 0.05)
(4.225 0.9125 0.05)
(4.275 0.9125 0.05)
(4.325 0.9125 0.05)
(4.375 0.9125 0.05)
(4.425 0.9125 0.05)
(4.475 0.9125 0.05)
(4.525 0.9125 0.05)
(4.575 0.9125 0.05)
(4.625 0.9125 0.05)
(4.675 0.9125 0.05)
(4.725 0.9125 0.05)
(4.775 0.9125 0.05)
(4.825 0.9125 0.05)
(4.875 0.9125 0.05)
(4.925 0.9125 0.05)
(4.975 0.9125 0.05)
(5.025 0.9125 0.05)
(5.075 0.9125 0.05)
(5.125 0.9125 0.05)
(5.175 0.9125 0.05)
(5.225 0.9125 0.05)
(5.275 0.9125 0.05)
(5.325 0.9125 0.05)
(5.375 0.9125 0.05)
(5.425 0.9125 0.05)
(5.475 0.9125 0.05)
(5.525 0.9125 0.05)
(5.575 0.9125 0.05)
(5.625 0.9125 0.05)
(5.675 0.9125 0.05)
(5.725 0.9125 0.05)
(5.775 0.9125 0.05)
(5.825 0.9125 0.05)
(5.875 0.9125 0.05)
(5.925 0.9125 0.05)
(5.975 0.9125 0.05)
(6.025 0.9125 0.05)
(6.075 0.9125 0.05)
(6.125 0.9125 0.05)
(6.175 0.9125 0.05)
(6.225 0.9125 0.05)
(6.275 0.9125 0.05)
(6.325 0.9125 0.05)
(6.375 0.9125 0.05)
(6.425 0.9125 0.05)
(6.475 0.9125 0.05)
(6.525 0.9125 0.05)
(6.575 0.9125 0.05)
(6.625 0.9125 0.05)
(6.675 0.9125 0.05)
(6.725 0.9125 0.05)
(6.775 0.9125 0.05)
(6.825 0.9125 0.05)
(6.875 0.9125 0.05)
(6.925 0.9125 0.05)
(6.975 0.9125 0.05)
(2.025 0.9375 0.05)
(2.075 0.9375 0.05)
(2.125 0.9375 0.05)
(2.175 0.9375 0.05)
(2.225 0.9375 0.05)
(2.275 0.9375 0.05)
(2.325 0.9375 0.05)
(2.375 0.9375 0.05)
(2.425 0.9375 0.05)
(2.475 0.9375 0.05)
(2.525 0.9375 0.05)
(2.575 0.9375 0.05)
(2.625 0.9375 0.05)
(2.675 0.9375 0.05)
(2.725 0.9375 0.05)
(2.775 0.9375 0.05)
(2.825 0.9375 0.05)
(2.875 0.9375 0.05)
(2.925 0.9375 0.05)
(2.975 0.9375 0.05)
(3.025 0.9375 0.05)
(3.075 0.9375 0.05)
(3.125 0.9375 0.05)
(3.175 0.9375 0.05)
(3.225 0.9375 0.05)
(3.275 0.9375 0.05)
(3.325 0.9375 0.05)
(3.375 0.9375 0.05)
(3.425 0.9375 0.05)
(3.475 0.9375 0.05)
(3.525 0.9375 0.05)
(3.575 0.9375 0.05)
(3.625 0.9375 0.05)
(3.675 0.9375 0.05)
(3.725 0.9375 0.05)
(3.775 0.9375 0.05)
(3.825 0.9375 0.05)
(3.875 0.9375 0.05)
(3.925 0.9375 0.05)
(3.975 0.9375 0.05)
(4.025 0.9375 0.05)
(4.075 0.9375 0.05)
(4.125 0.9375 0.05)
(4.175 0.9375 0.05)
(4.225 0.9375 0.05)
(4.275 0.9375 0.05)
(4.325 0.9375 0.05)
(4.375 0.9375 0.05)
(4.425 0.9375 0.05)
(4.475 0.9375 0.05)
(4.525 0.9375 0.05)
(4.575 0.9375 0.05)
(4.625 0.9375 0.05)
(4.675 0.9375 0.05)
(4.725 0.9375 0.05)
(4.775 0.9375 0.05)
(4.825 0.9375 0.05)
(4.875 0.9375 0.05)
(4.925 0.9375 0.05)
(4.975 0.9375 0.05)
(5.025 0.9375 0.05)
(5.075 0.9375 0.05)
(5.125 0.9375 0.05)
(5.175 0.9375 0.05)
(5.225 0.9375 0.05)
(5.275 0.9375 0.05)
(5.325 0.9375 0.05)
(5.375 0.9375 0.05)
(5.425 0.9375 0.05)
(5.475 0.9375 0.05)
(5.525 0.9375 0.05)
(5.575 0.9375 0.05)
(5.625 0.9375 0.05)
(5.675 0.9375 0.05)
(5.725 0.9375 0.05)
(5.775 0.9375 0.05)
(5.825 0.9375 0.05)
(5.875 0.9375 0.05)
(5.925 0.9375 0.05)
(5.975 0.9375 0.05)
(6.025 0.9375 0.05)
(6.075 0.9375 0.05)
(6.125 0.9375 0.05)
(6.175 0.9375 0.05)
(6.225 0.9375 0.05)
(6.275 0.9375 0.05)
(6.325 0.9375 0.05)
(6.375 0.9375 0.05)
(6.425 0.9375 0.05)
(6.475 0.9375 0.05)
(6.525 0.9375 0.05)
(6.575 0.9375 0.05)
(6.625 0.9375 0.05)
(6.675 0.9375 0.05)
(6.725 0.9375 0.05)
(6.775 0.9375 0.05)
(6.825 0.9375 0.05)
(6.875 0.9375 0.05)
(6.925 0.9375 0.05)
(6.975 0.9375 0.05)
(2.025 0.9625 0.05)
(2.075 0.9625 0.05)
(2.125 0.9625 0.05)
(2.175 0.9625 0.05)
(2.225 0.9625 0.05)
(2.275 0.9625 0.05)
(2.325 0.9625 0.05)
(2.375 0.9625 0.05)
(2.425 0.9625 0.05)
(2.475 0.9625 0.05)
(2.525 0.9625 0.05)
(2.575 0.9625 0.05)
(2.625 0.9625 0.05)
(2.675 0.9625 0.05)
(2.725 0.9625 0.05)
(2.775 0.9625 0.05)
(2.825 0.9625 0.05)
(2.875 0.9625 0.05)
(2.925 0.9625 0.05)
(2.975 0.9625 0.05)
(3.025 0.9625 0.05)
(3.075 0.9625 0.05)
(3.125 0.9625 0.05)
(3.175 0.9625 0.05)
(3.225 0.9625 0.05)
(3.275 0.9625 0.05)
(3.325 0.9625 0.05)
(3.375 0.9625 0.05)
(3.425 0.9625 0.05)
(3.475 0.9625 0.05)
(3.525 0.9625 0.05)
(3.575 0.9625 0.05)
(3.625 0.9625 0.05)
(3.675 0.9625 0.05)
(3.725 0.9625 0.05)
(3.775 0.9625 0.05)
(3.825 0.9625 0.05)
(3.875 0.9625 0.05)
(3.925 0.9625 0.05)
(3.975 0.9625 0.05)
(4.025 0.9625 0.05)
(4.075 0.9625 0.05)
(4.125 0.9625 0.05)
(4.175 0.9625 0.05)
(4.225 0.9625 0.05)
(4.275 0.9625 0.05)
(4.325 0.9625 0.05)
(4.375 0.9625 0.05)
(4.425 0.9625 0.05)
(4.475 0.9625 0.05)
(4.525 0.9625 0.05)
(4.575 0.9625 0.05)
(4.625 0.9625 0.05)
(4.675 0.9625 0.05)
(4.725 0.9625 0.05)
(4.775 0.9625 0.05)
(4.825 0.9625 0.05)
(4.875 0.9625 0.05)
(4.925 0.9625 0.05)
(4.975 0.9625 0.05)
(5.025 0.9625 0.05)
(5.075 0.9625 0.05)
(5.125 0.9625 0.05)
(5.175 0.9625 0.05)
(5.225 0.9625 0.05)
(5.275 0.9625 0.05)
(5.325 0.9625 0.05)
(5.375 0.9625 0.05)
(5.425 0.9625 0.05)
(5.475 0.9625 0.05)
(5.525 0.9625 0.05)
(5.575 0.9625 0.05)
(5.625 0.9625 0.05)
(5.675 0.9625 0.05)
(5.725 0.9625 0.05)
(5.775 0.9625 0.05)
(5.825 0.9625 0.05)
(5.875 0.9625 0.05)
(5.925 0.9625 0.05)
(5.975 0.9625 0.05)
(6.025 0.9625 0.05)
(6.075 0.9625 0.05)
(6.125 0.9625 0.05)
(6.175 0.9625 0.05)
(6.225 0.9625 0.05)
(6.275 0.9625 0.05)
(6.325 0.9625 0.05)
(6.375 0.9625 0.05)
(6.425 0.9625 0.05)
(6.475 0.9625 0.05)
(6.525 0.9625 0.05)
(6.575 0.9625 0.05)
(6.625 0.9625 0.05)
(6.675 0.9625 0.05)
(6.725 0.9625 0.05)
(6.775 0.9625 0.05)
(6.825 0.9625 0.05)
(6.875 0.9625 0.05)
(6.925 0.9625 0.05)
(6.975 0.9625 0.05)
(2.025 0.9875 0.05)
(2.075 0.9875 0.05)
(2.125 0.9875 0.05)
(2.175 0.9875 0.05)
(2.225 0.9875 0.05)
(2.275 0.9875 0.05)
(2.325 0.9875 0.05)
(2.375 0.9875 0.05)
(2.425 0.9875 0.05)
(2.475 0.9875 0.05)
(2.525 0.9875 0.05)
(2.575 0.9875 0.05)
(2.625 0.9875 0.05)
(2.675 0.9875 0.05)
(2.725 0.9875 0.05)
(2.775 0.9875 0.05)
(2.825 0.9875 0.05)
(2.875 0.9875 0.05)
(2.925 0.9875 0.05)
(2.975 0.9875 0.05)
(3.025 0.9875 0.05)
(3.075 0.9875 0.05)
(3.125 0.9875 0.05)
(3.175 0.9875 0.05)
(3.225 0.9875 0.05)
(3.275 0.9875 0.05)
(3.325 0.9875 0.05)
(3.375 0.9875 0.05)
(3.425 0.9875 0.05)
(3.475 0.9875 0.05)
(3.525 0.9875 0.05)
(3.575 0.9875 0.05)
(3.625 0.9875 0.05)
(3.675 0.9875 0.05)
(3.725 0.9875 0.05)
(3.775 0.9875 0.05)
(3.825 0.9875 0.05)
(3.875 0.9875 0.05)
(3.925 0.9875 0.05)
(3.975 0.9875 0.05)
(4.025 0.9875 0.05)
(4.075 0.9875 0.05)
(4.125 0.9875 0.05)
(4.175 0.9875 0.05)
(4.225 0.9875 0.05)
(4.275 0.9875 0.05)
(4.325 0.9875 0.05)
(4.375 0.9875 0.05)
(4.425 0.9875 0.05)
(4.475 0.9875 0.05)
(4.525 0.9875 0.05)
(4.575 0.9875 0.05)
(4.625 0.9875 0.05)
(4.675 0.9875 0.05)
(4.725 0.9875 0.05)
(4.775 0.9875 0.05)
(4.825 0.9875 0.05)
(4.875 0.9875 0.05)
(4.925 0.9875 0.05)
(4.975 0.9875 0.05)
(5.025 0.9875 0.05)
(5.075 0.9875 0.05)
(5.125 0.9875 0.05)
(5.175 0.9875 0.05)
(5.225 0.9875 0.05)
(5.275 0.9875 0.05)
(5.325 0.9875 0.05)
(5.375 0.9875 0.05)
(5.425 0.9875 0.05)
(5.475 0.9875 0.05)
(5.525 0.9875 0.05)
(5.575 0.9875 0.05)
(5.625 0.9875 0.05)
(5.675 0.9875 0.05)
(5.725 0.9875 0.05)
(5.775 0.9875 0.05)
(5.825 0.9875 0.05)
(5.875 0.9875 0.05)
(5.925 0.9875 0.05)
(5.975 0.9875 0.05)
(6.025 0.9875 0.05)
(6.075 0.9875 0.05)
(6.125 0.9875 0.05)
(6.175 0.9875 0.05)
(6.225 0.9875 0.05)
(6.275 0.9875 0.05)
(6.325 0.9875 0.05)
(6.375 0.9875 0.05)
(6.425 0.9875 0.05)
(6.475 0.9875 0.05)
(6.525 0.9875 0.05)
(6.575 0.9875 0.05)
(6.625 0.9875 0.05)
(6.675 0.9875 0.05)
(6.725 0.9875 0.05)
(6.775 0.9875 0.05)
(6.825 0.9875 0.05)
(6.875 0.9875 0.05)
(6.925 0.9875 0.05)
(6.975 0.9875 0.05)
(2.025 -0.655556 0.05)
(2.075 -0.655556 0.05)
(2.125 -0.655556 0.05)
(2.175 -0.655556 0.05)
(2.225 -0.655556 0.05)
(2.275 -0.655556 0.05)
(2.325 -0.655556 0.05)
(2.375 -0.655556 0.05)
(2.425 -0.655556 0.05)
(2.475 -0.655556 0.05)
(2.525 -0.655556 0.05)
(2.575 -0.655556 0.05)
(2.625 -0.655556 0.05)
(2.675 -0.655556 0.05)
(2.725 -0.655556 0.05)
(2.775 -0.655556 0.05)
(2.825 -0.655556 0.05)
(2.875 -0.655556 0.05)
(2.925 -0.655556 0.05)
(2.975 -0.655556 0.05)
(3.025 -0.655556 0.05)
(3.075 -0.655556 0.05)
(3.125 -0.655556 0.05)
(3.175 -0.655556 0.05)
(3.225 -0.655556 0.05)
(3.275 -0.655556 0.05)
(3.325 -0.655556 0.05)
(3.375 -0.655556 0.05)
(3.425 -0.655556 0.05)
(3.475 -0.655556 0.05)
(3.525 -0.655556 0.05)
(3.575 -0.655556 0.05)
(3.625 -0.655556 0.05)
(3.675 -0.655556 0.05)
(3.725 -0.655556 0.05)
(3.775 -0.655556 0.05)
(3.825 -0.655556 0.05)
(3.875 -0.655556 0.05)
(3.925 -0.655556 0.05)
(3.975 -0.655556 0.05)
(4.025 -0.655556 0.05)
(4.075 -0.655556 0.05)
(4.125 -0.655556 0.05)
(4.175 -0.655556 0.05)
(4.225 -0.655556 0.05)
(4.275 -0.655556 0.05)
(4.325 -0.655556 0.05)
(4.375 -0.655556 0.05)
(4.425 -0.655556 0.05)
(4.475 -0.655556 0.05)
(4.525 -0.655556 0.05)
(4.575 -0.655556 0.05)
(4.625 -0.655556 0.05)
(4.675 -0.655556 0.05)
(4.725 -0.655556 0.05)
(4.775 -0.655556 0.05)
(4.825 -0.655556 0.05)
(4.875 -0.655556 0.05)
(4.925 -0.655556 0.05)
(4.975 -0.655556 0.05)
(5.025 -0.655556 0.05)
(5.075 -0.655556 0.05)
(5.125 -0.655556 0.05)
(5.175 -0.655556 0.05)
(5.225 -0.655556 0.05)
(5.275 -0.655556 0.05)
(5.325 -0.655556 0.05)
(5.375 -0.655556 0.05)
(5.425 -0.655556 0.05)
(5.475 -0.655556 0.05)
(5.525 -0.655556 0.05)
(5.575 -0.655556 0.05)
(5.625 -0.655556 0.05)
(5.675 -0.655556 0.05)
(5.725 -0.655556 0.05)
(5.775 -0.655556 0.05)
(5.825 -0.655556 0.05)
(5.875 -0.655556 0.05)
(5.925 -0.655556 0.05)
(5.975 -0.655556 0.05)
(6.025 -0.655556 0.05)
(6.075 -0.655556 0.05)
(6.125 -0.655556 0.05)
(6.175 -0.655556 0.05)
(6.225 -0.655556 0.05)
(6.275 -0.655556 0.05)
(6.325 -0.655556 0.05)
(6.375 -0.655556 0.05)
(6.425 -0.655556 0.05)
(6.475 -0.655556 0.05)
(6.525 -0.655556 0.05)
(6.575 -0.655556 0.05)
(6.625 -0.655556 0.05)
(6.675 -0.655556 0.05)
(6.725 -0.655556 0.05)
(6.775 -0.655556 0.05)
(6.825 -0.655556 0.05)
(6.875 -0.655556 0.05)
(6.925 -0.655556 0.05)
(6.975 -0.655556 0.05)
(2.025 -0.633333 0.05)
(2.075 -0.633333 0.05)
(2.125 -0.633333 0.05)
(2.175 -0.633333 0.05)
(2.225 -0.633333 0.05)
(2.275 -0.633333 0.05)
(2.325 -0.633333 0.05)
(2.375 -0.633333 0.05)
(2.425 -0.633333 0.05)
(2.475 -0.633333 0.05)
(2.525 -0.633333 0.05)
(2.575 -0.633333 0.05)
(2.625 -0.633333 0.05)
(2.675 -0.633333 0.05)
(2.725 -0.633333 0.05)
(2.775 -0.633333 0.05)
(2.825 -0.633333 0.05)
(2.875 -0.633333 0.05)
(2.925 -0.633333 0.05)
(2.975 -0.633333 0.05)
(3.025 -0.633333 0.05)
(3.075 -0.633333 0.05)
(3.125 -0.633333 0.05)
(3.175 -0.633333 0.05)
(3.225 -0.633333 0.05)
(3.275 -0.633333 0.05)
(3.325 -0.633333 0.05)
(3.375 -0.633333 0.05)
(3.425 -0.633333 0.05)
(3.475 -0.633333 0.05)
(3.525 -0.633333 0.05)
(3.575 -0.633333 0.05)
(3.625 -0.633333 0.05)
(3.675 -0.633333 0.05)
(3.725 -0.633333 0.05)
(3.775 -0.633333 0.05)
(3.825 -0.633333 0.05)
(3.875 -0.633333 0.05)
(3.925 -0.633333 0.05)
(3.975 -0.633333 0.05)
(4.025 -0.633333 0.05)
(4.075 -0.633333 0.05)
(4.125 -0.633333 0.05)
(4.175 -0.633333 0.05)
(4.225 -0.633333 0.05)
(4.275 -0.633333 0.05)
(4.325 -0.633333 0.05)
(4.375 -0.633333 0.05)
(4.425 -0.633333 0.05)
(4.475 -0.633333 0.05)
(4.525 -0.633333 0.05)
(4.575 -0.633333 0.05)
(4.625 -0.633333 0.05)
(4.675 -0.633333 0.05)
(4.725 -0.633333 0.05)
(4.775 -0.633333 0.05)
(4.825 -0.633333 0.05)
(4.875 -0.633333 0.05)
(4.925 -0.633333 0.05)
(4.975 -0.633333 0.05)
(5.025 -0.633333 0.05)
(5.075 -0.633333 0.05)
(5.125 -0.633333 0.05)
(5.175 -0.633333 0.05)
(5.225 -0.633333 0.05)
(5.275 -0.633333 0.05)
(5.325 -0.633333 0.05)
(5.375 -0.633333 0.05)
(5.425 -0.633333 0.05)
(5.475 -0.633333 0.05)
(5.525 -0.633333 0.05)
(5.575 -0.633333 0.05)
(5.625 -0.633333 0.05)
(5.675 -0.633333 0.05)
(5.725 -0.633333 0.05)
(5.775 -0.633333 0.05)
(5.825 -0.633333 0.05)
(5.875 -0.633333 0.05)
(5.925 -0.633333 0.05)
(5.975 -0.633333 0.05)
(6.025 -0.633333 0.05)
(6.075 -0.633333 0.05)
(6.125 -0.633333 0.05)
(6.175 -0.633333 0.05)
(6.225 -0.633333 0.05)
(6.275 -0.633333 0.05)
(6.325 -0.633333 0.05)
(6.375 -0.633333 0.05)
(6.425 -0.633333 0.05)
(6.475 -0.633333 0.05)
(6.525 -0.633333 0.05)
(6.575 -0.633333 0.05)
(6.625 -0.633333 0.05)
(6.675 -0.633333 0.05)
(6.725 -0.633333 0.05)
(6.775 -0.633333 0.05)
(6.825 -0.633333 0.05)
(6.875 -0.633333 0.05)
(6.925 -0.633333 0.05)
(6.975 -0.633333 0.05)
(2.025 -0.611111 0.05)
(2.075 -0.611111 0.05)
(2.125 -0.611111 0.05)
(2.175 -0.611111 0.05)
(2.225 -0.611111 0.05)
(2.275 -0.611111 0.05)
(2.325 -0.611111 0.05)
(2.375 -0.611111 0.05)
(2.425 -0.611111 0.05)
(2.475 -0.611111 0.05)
(2.525 -0.611111 0.05)
(2.575 -0.611111 0.05)
(2.625 -0.611111 0.05)
(2.675 -0.611111 0.05)
(2.725 -0.611111 0.05)
(2.775 -0.611111 0.05)
(2.825 -0.611111 0.05)
(2.875 -0.611111 0.05)
(2.925 -0.611111 0.05)
(2.975 -0.611111 0.05)
(3.025 -0.611111 0.05)
(3.075 -0.611111 0.05)
(3.125 -0.611111 0.05)
(3.175 -0.611111 0.05)
(3.225 -0.611111 0.05)
(3.275 -0.611111 0.05)
(3.325 -0.611111 0.05)
(3.375 -0.611111 0.05)
(3.425 -0.611111 0.05)
(3.475 -0.611111 0.05)
(3.525 -0.611111 0.05)
(3.575 -0.611111 0.05)
(3.625 -0.611111 0.05)
(3.675 -0.611111 0.05)
(3.725 -0.611111 0.05)
(3.775 -0.611111 0.05)
(3.825 -0.611111 0.05)
(3.875 -0.611111 0.05)
(3.925 -0.611111 0.05)
(3.975 -0.611111 0.05)
(4.025 -0.611111 0.05)
(4.075 -0.611111 0.05)
(4.125 -0.611111 0.05)
(4.175 -0.611111 0.05)
(4.225 -0.611111 0.05)
(4.275 -0.611111 0.05)
(4.325 -0.611111 0.05)
(4.375 -0.611111 0.05)
(4.425 -0.611111 0.05)
(4.475 -0.611111 0.05)
(4.525 -0.611111 0.05)
(4.575 -0.611111 0.05)
(4.625 -0.611111 0.05)
(4.675 -0.611111 0.05)
(4.725 -0.611111 0.05)
(4.775 -0.611111 0.05)
(4.825 -0.611111 0.05)
(4.875 -0.611111 0.05)
(4.925 -0.611111 0.05)
(4.975 -0.611111 0.05)
(5.025 -0.611111 0.05)
(5.075 -0.611111 0.05)
(5.125 -0.611111 0.05)
(5.175 -0.611111 0.05)
(5.225 -0.611111 0.05)
(5.275 -0.611111 0.05)
(5.325 -0.611111 0.05)
(5.375 -0.611111 0.05)
(5.425 -0.611111 0.05)
(5.475 -0.611111 0.05)
(5.525 -0.611111 0.05)
(5.575 -0.611111 0.05)
(5.625 -0.611111 0.05)
(5.675 -0.611111 0.05)
(5.725 -0.611111 0.05)
(5.775 -0.611111 0.05)
(5.825 -0.611111 0.05)
(5.875 -0.611111 0.05)
(5.925 -0.611111 0.05)
(5.975 -0.611111 0.05)
(6.025 -0.611111 0.05)
(6.075 -0.611111 0.05)
(6.125 -0.611111 0.05)
(6.175 -0.611111 0.05)
(6.225 -0.611111 0.05)
(6.275 -0.611111 0.05)
(6.325 -0.611111 0.05)
(6.375 -0.611111 0.05)
(6.425 -0.611111 0.05)
(6.475 -0.611111 0.05)
(6.525 -0.611111 0.05)
(6.575 -0.611111 0.05)
(6.625 -0.611111 0.05)
(6.675 -0.611111 0.05)
(6.725 -0.611111 0.05)
(6.775 -0.611111 0.05)
(6.825 -0.611111 0.05)
(6.875 -0.611111 0.05)
(6.925 -0.611111 0.05)
(6.975 -0.611111 0.05)
(2.025 -0.588889 0.05)
(2.075 -0.588889 0.05)
(2.125 -0.588889 0.05)
(2.175 -0.588889 0.05)
(2.225 -0.588889 0.05)
(2.275 -0.588889 0.05)
(2.325 -0.588889 0.05)
(2.375 -0.588889 0.05)
(2.425 -0.588889 0.05)
(2.475 -0.588889 0.05)
(2.525 -0.588889 0.05)
(2.575 -0.588889 0.05)
(2.625 -0.588889 0.05)
(2.675 -0.588889 0.05)
(2.725 -0.588889 0.05)
(2.775 -0.588889 0.05)
(2.825 -0.588889 0.05)
(2.875 -0.588889 0.05)
(2.925 -0.588889 0.05)
(2.975 -0.588889 0.05)
(3.025 -0.588889 0.05)
(3.075 -0.588889 0.05)
(3.125 -0.588889 0.05)
(3.175 -0.588889 0.05)
(3.225 -0.588889 0.05)
(3.275 -0.588889 0.05)
(3.325 -0.588889 0.05)
(3.375 -0.588889 0.05)
(3.425 -0.588889 0.05)
(3.475 -0.588889 0.05)
(3.525 -0.588889 0.05)
(3.575 -0.588889 0.05)
(3.625 -0.588889 0.05)
(3.675 -0.588889 0.05)
(3.725 -0.588889 0.05)
(3.775 -0.588889 0.05)
(3.825 -0.588889 0.05)
(3.875 -0.588889 0.05)
(3.925 -0.588889 0.05)
(3.975 -0.588889 0.05)
(4.025 -0.588889 0.05)
(4.075 -0.588889 0.05)
(4.125 -0.588889 0.05)
(4.175 -0.588889 0.05)
(4.225 -0.588889 0.05)
(4.275 -0.588889 0.05)
(4.325 -0.588889 0.05)
(4.375 -0.588889 0.05)
(4.425 -0.588889 0.05)
(4.475 -0.588889 0.05)
(4.525 -0.588889 0.05)
(4.575 -0.588889 0.05)
(4.625 -0.588889 0.05)
(4.675 -0.588889 0.05)
(4.725 -0.588889 0.05)
(4.775 -0.588889 0.05)
(4.825 -0.588889 0.05)
(4.875 -0.588889 0.05)
(4.925 -0.588889 0.05)
(4.975 -0.588889 0.05)
(5.025 -0.588889 0.05)
(5.075 -0.588889 0.05)
(5.125 -0.588889 0.05)
(5.175 -0.588889 0.05)
(5.225 -0.588889 0.05)
(5.275 -0.588889 0.05)
(5.325 -0.588889 0.05)
(5.375 -0.588889 0.05)
(5.425 -0.588889 0.05)
(5.475 -0.588889 0.05)
(5.525 -0.588889 0.05)
(5.575 -0.588889 0.05)
(5.625 -0.588889 0.05)
(5.675 -0.588889 0.05)
(5.725 -0.588889 0.05)
(5.775 -0.588889 0.05)
(5.825 -0.588889 0.05)
(5.875 -0.588889 0.05)
(5.925 -0.588889 0.05)
(5.975 -0.588889 0.05)
(6.025 -0.588889 0.05)
(6.075 -0.588889 0.05)
(6.125 -0.588889 0.05)
(6.175 -0.588889 0.05)
(6.225 -0.588889 0.05)
(6.275 -0.588889 0.05)
(6.325 -0.588889 0.05)
(6.375 -0.588889 0.05)
(6.425 -0.588889 0.05)
(6.475 -0.588889 0.05)
(6.525 -0.588889 0.05)
(6.575 -0.588889 0.05)
(6.625 -0.588889 0.05)
(6.675 -0.588889 0.05)
(6.725 -0.588889 0.05)
(6.775 -0.588889 0.05)
(6.825 -0.588889 0.05)
(6.875 -0.588889 0.05)
(6.925 -0.588889 0.05)
(6.975 -0.588889 0.05)
(2.025 -0.566667 0.05)
(2.075 -0.566667 0.05)
(2.125 -0.566667 0.05)
(2.175 -0.566667 0.05)
(2.225 -0.566667 0.05)
(2.275 -0.566667 0.05)
(2.325 -0.566667 0.05)
(2.375 -0.566667 0.05)
(2.425 -0.566667 0.05)
(2.475 -0.566667 0.05)
(2.525 -0.566667 0.05)
(2.575 -0.566667 0.05)
(2.625 -0.566667 0.05)
(2.675 -0.566667 0.05)
(2.725 -0.566667 0.05)
(2.775 -0.566667 0.05)
(2.825 -0.566667 0.05)
(2.875 -0.566667 0.05)
(2.925 -0.566667 0.05)
(2.975 -0.566667 0.05)
(3.025 -0.566667 0.05)
(3.075 -0.566667 0.05)
(3.125 -0.566667 0.05)
(3.175 -0.566667 0.05)
(3.225 -0.566667 0.05)
(3.275 -0.566667 0.05)
(3.325 -0.566667 0.05)
(3.375 -0.566667 0.05)
(3.425 -0.566667 0.05)
(3.475 -0.566667 0.05)
(3.525 -0.566667 0.05)
(3.575 -0.566667 0.05)
(3.625 -0.566667 0.05)
(3.675 -0.566667 0.05)
(3.725 -0.566667 0.05)
(3.775 -0.566667 0.05)
(3.825 -0.566667 0.05)
(3.875 -0.566667 0.05)
(3.925 -0.566667 0.05)
(3.975 -0.566667 0.05)
(4.025 -0.566667 0.05)
(4.075 -0.566667 0.05)
(4.125 -0.566667 0.05)
(4.175 -0.566667 0.05)
(4.225 -0.566667 0.05)
(4.275 -0.566667 0.05)
(4.325 -0.566667 0.05)
(4.375 -0.566667 0.05)
(4.425 -0.566667 0.05)
(4.475 -0.566667 0.05)
(4.525 -0.566667 0.05)
(4.575 -0.566667 0.05)
(4.625 -0.566667 0.05)
(4.675 -0.566667 0.05)
(4.725 -0.566667 0.05)
(4.775 -0.566667 0.05)
(4.825 -0.566667 0.05)
(4.875 -0.566667 0.05)
(4.925 -0.566667 0.05)
(4.975 -0.566667 0.05)
(5.025 -0.566667 0.05)
(5.075 -0.566667 0.05)
(5.125 -0.566667 0.05)
(5.175 -0.566667 0.05)
(5.225 -0.566667 0.05)
(5.275 -0.566667 0.05)
(5.325 -0.566667 0.05)
(5.375 -0.566667 0.05)
(5.425 -0.566667 0.05)
(5.475 -0.566667 0.05)
(5.525 -0.566667 0.05)
(5.575 -0.566667 0.05)
(5.625 -0.566667 0.05)
(5.675 -0.566667 0.05)
(5.725 -0.566667 0.05)
(5.775 -0.566667 0.05)
(5.825 -0.566667 0.05)
(5.875 -0.566667 0.05)
(5.925 -0.566667 0.05)
(5.975 -0.566667 0.05)
(6.025 -0.566667 0.05)
(6.075 -0.566667 0.05)
(6.125 -0.566667 0.05)
(6.175 -0.566667 0.05)
(6.225 -0.566667 0.05)
(6.275 -0.566667 0.05)
(6.325 -0.566667 0.05)
(6.375 -0.566667 0.05)
(6.425 -0.566667 0.05)
(6.475 -0.566667 0.05)
(6.525 -0.566667 0.05)
(6.575 -0.566667 0.05)
(6.625 -0.566667 0.05)
(6.675 -0.566667 0.05)
(6.725 -0.566667 0.05)
(6.775 -0.566667 0.05)
(6.825 -0.566667 0.05)
(6.875 -0.566667 0.05)
(6.925 -0.566667 0.05)
(6.975 -0.566667 0.05)
(2.025 -0.544444 0.05)
(2.075 -0.544444 0.05)
(2.125 -0.544444 0.05)
(2.175 -0.544444 0.05)
(2.225 -0.544444 0.05)
(2.275 -0.544444 0.05)
(2.325 -0.544444 0.05)
(2.375 -0.544444 0.05)
(2.425 -0.544444 0.05)
(2.475 -0.544444 0.05)
(2.525 -0.544444 0.05)
(2.575 -0.544444 0.05)
(2.625 -0.544444 0.05)
(2.675 -0.544444 0.05)
(2.725 -0.544444 0.05)
(2.775 -0.544444 0.05)
(2.825 -0.544444 0.05)
(2.875 -0.544444 0.05)
(2.925 -0.544444 0.05)
(2.975 -0.544444 0.05)
(3.025 -0.544444 0.05)
(3.075 -0.544444 0.05)
(3.125 -0.544444 0.05)
(3.175 -0.544444 0.05)
(3.225 -0.544444 0.05)
(3.275 -0.544444 0.05)
(3.325 -0.544444 0.05)
(3.375 -0.544444 0.05)
(3.425 -0.544444 0.05)
(3.475 -0.544444 0.05)
(3.525 -0.544444 0.05)
(3.575 -0.544444 0.05)
(3.625 -0.544444 0.05)
(3.675 -0.544444 0.05)
(3.725 -0.544444 0.05)
(3.775 -0.544444 0.05)
(3.825 -0.544444 0.05)
(3.875 -0.544444 0.05)
(3.925 -0.544444 0.05)
(3.975 -0.544444 0.05)
(4.025 -0.544444 0.05)
(4.075 -0.544444 0.05)
(4.125 -0.544444 0.05)
(4.175 -0.544444 0.05)
(4.225 -0.544444 0.05)
(4.275 -0.544444 0.05)
(4.325 -0.544444 0.05)
(4.375 -0.544444 0.05)
(4.425 -0.544444 0.05)
(4.475 -0.544444 0.05)
(4.525 -0.544444 0.05)
(4.575 -0.544444 0.05)
(4.625 -0.544444 0.05)
(4.675 -0.544444 0.05)
(4.725 -0.544444 0.05)
(4.775 -0.544444 0.05)
(4.825 -0.544444 0.05)
(4.875 -0.544444 0.05)
(4.925 -0.544444 0.05)
(4.975 -0.544444 0.05)
(5.025 -0.544444 0.05)
(5.075 -0.544444 0.05)
(5.125 -0.544444 0.05)
(5.175 -0.544444 0.05)
(5.225 -0.544444 0.05)
(5.275 -0.544444 0.05)
(5.325 -0.544444 0.05)
(5.375 -0.544444 0.05)
(5.425 -0.544444 0.05)
(5.475 -0.544444 0.05)
(5.525 -0.544444 0.05)
(5.575 -0.544444 0.05)
(5.625 -0.544444 0.05)
(5.675 -0.544444 0.05)
(5.725 -0.544444 0.05)
(5.775 -0.544444 0.05)
(5.825 -0.544444 0.05)
(5.875 -0.544444 0.05)
(5.925 -0.544444 0.05)
(5.975 -0.544444 0.05)
(6.025 -0.544444 0.05)
(6.075 -0.544444 0.05)
(6.125 -0.544444 0.05)
(6.175 -0.544444 0.05)
(6.225 -0.544444 0.05)
(6.275 -0.544444 0.05)
(6.325 -0.544444 0.05)
(6.375 -0.544444 0.05)
(6.425 -0.544444 0.05)
(6.475 -0.544444 0.05)
(6.525 -0.544444 0.05)
(6.575 -0.544444 0.05)
(6.625 -0.544444 0.05)
(6.675 -0.544444 0.05)
(6.725 -0.544444 0.05)
(6.775 -0.544444 0.05)
(6.825 -0.544444 0.05)
(6.875 -0.544444 0.05)
(6.925 -0.544444 0.05)
(6.975 -0.544444 0.05)
(2.025 -0.522222 0.05)
(2.075 -0.522222 0.05)
(2.125 -0.522222 0.05)
(2.175 -0.522222 0.05)
(2.225 -0.522222 0.05)
(2.275 -0.522222 0.05)
(2.325 -0.522222 0.05)
(2.375 -0.522222 0.05)
(2.425 -0.522222 0.05)
(2.475 -0.522222 0.05)
(2.525 -0.522222 0.05)
(2.575 -0.522222 0.05)
(2.625 -0.522222 0.05)
(2.675 -0.522222 0.05)
(2.725 -0.522222 0.05)
(2.775 -0.522222 0.05)
(2.825 -0.522222 0.05)
(2.875 -0.522222 0.05)
(2.925 -0.522222 0.05)
(2.975 -0.522222 0.05)
(3.025 -0.522222 0.05)
(3.075 -0.522222 0.05)
(3.125 -0.522222 0.05)
(3.175 -0.522222 0.05)
(3.225 -0.522222 0.05)
(3.275 -0.522222 0.05)
(3.325 -0.522222 0.05)
(3.375 -0.522222 0.05)
(3.425 -0.522222 0.05)
(3.475 -0.522222 0.05)
(3.525 -0.522222 0.05)
(3.575 -0.522222 0.05)
(3.625 -0.522222 0.05)
(3.675 -0.522222 0.05)
(3.725 -0.522222 0.05)
(3.775 -0.522222 0.05)
(3.825 -0.522222 0.05)
(3.875 -0.522222 0.05)
(3.925 -0.522222 0.05)
(3.975 -0.522222 0.05)
(4.025 -0.522222 0.05)
(4.075 -0.522222 0.05)
(4.125 -0.522222 0.05)
(4.175 -0.522222 0.05)
(4.225 -0.522222 0.05)
(4.275 -0.522222 0.05)
(4.325 -0.522222 0.05)
(4.375 -0.522222 0.05)
(4.425 -0.522222 0.05)
(4.475 -0.522222 0.05)
(4.525 -0.522222 0.05)
(4.575 -0.522222 0.05)
(4.625 -0.522222 0.05)
(4.675 -0.522222 0.05)
(4.725 -0.522222 0.05)
(4.775 -0.522222 0.05)
(4.825 -0.522222 0.05)
(4.875 -0.522222 0.05)
(4.925 -0.522222 0.05)
(4.975 -0.522222 0.05)
(5.025 -0.522222 0.05)
(5.075 -0.522222 0.05)
(5.125 -0.522222 0.05)
(5.175 -0.522222 0.05)
(5.225 -0.522222 0.05)
(5.275 -0.522222 0.05)
(5.325 -0.522222 0.05)
(5.375 -0.522222 0.05)
(5.425 -0.522222 0.05)
(5.475 -0.522222 0.05)
(5.525 -0.522222 0.05)
(5.575 -0.522222 0.05)
(5.625 -0.522222 0.05)
(5.675 -0.522222 0.05)
(5.725 -0.522222 0.05)
(5.775 -0.522222 0.05)
(5.825 -0.522222 0.05)
(5.875 -0.522222 0.05)
(5.925 -0.522222 0.05)
(5.975 -0.522222 0.05)
(6.025 -0.522222 0.05)
(6.075 -0.522222 0.05)
(6.125 -0.522222 0.05)
(6.175 -0.522222 0.05)
(6.225 -0.522222 0.05)
(6.275 -0.522222 0.05)
(6.325 -0.522222 0.05)
(6.375 -0.522222 0.05)
(6.425 -0.522222 0.05)
(6.475 -0.522222 0.05)
(6.525 -0.522222 0.05)
(6.575 -0.522222 0.05)
(6.625 -0.522222 0.05)
(6.675 -0.522222 0.05)
(6.725 -0.522222 0.05)
(6.775 -0.522222 0.05)
(6.825 -0.522222 0.05)
(6.875 -0.522222 0.05)
(6.925 -0.522222 0.05)
(6.975 -0.522222 0.05)
(2.025 -0.5 0.05)
(2.075 -0.5 0.05)
(2.125 -0.5 0.05)
(2.175 -0.5 0.05)
(2.225 -0.5 0.05)
(2.275 -0.5 0.05)
(2.325 -0.5 0.05)
(2.375 -0.5 0.05)
(2.425 -0.5 0.05)
(2.475 -0.5 0.05)
(2.525 -0.5 0.05)
(2.575 -0.5 0.05)
(2.625 -0.5 0.05)
(2.675 -0.5 0.05)
(2.725 -0.5 0.05)
(2.775 -0.5 0.05)
(2.825 -0.5 0.05)
(2.875 -0.5 0.05)
(2.925 -0.5 0.05)
(2.975 -0.5 0.05)
(3.025 -0.5 0.05)
(3.075 -0.5 0.05)
(3.125 -0.5 0.05)
(3.175 -0.5 0.05)
(3.225 -0.5 0.05)
(3.275 -0.5 0.05)
(3.325 -0.5 0.05)
(3.375 -0.5 0.05)
(3.425 -0.5 0.05)
(3.475 -0.5 0.05)
(3.525 -0.5 0.05)
(3.575 -0.5 0.05)
(3.625 -0.5 0.05)
(3.675 -0.5 0.05)
(3.725 -0.5 0.05)
(3.775 -0.5 0.05)
(3.825 -0.5 0.05)
(3.875 -0.5 0.05)
(3.925 -0.5 0.05)
(3.975 -0.5 0.05)
(4.025 -0.5 0.05)
(4.075 -0.5 0.05)
(4.125 -0.5 0.05)
(4.175 -0.5 0.05)
(4.225 -0.5 0.05)
(4.275 -0.5 0.05)
(4.325 -0.5 0.05)
(4.375 -0.5 0.05)
(4.425 -0.5 0.05)
(4.475 -0.5 0.05)
(4.525 -0.5 0.05)
(4.575 -0.5 0.05)
(4.625 -0.5 0.05)
(4.675 -0.5 0.05)
(4.725 -0.5 0.05)
(4.775 -0.5 0.05)
(4.825 -0.5 0.05)
(4.875 -0.5 0.05)
(4.925 -0.5 0.05)
(4.975 -0.5 0.05)
(5.025 -0.5 0.05)
(5.075 -0.5 0.05)
(5.125 -0.5 0.05)
(5.175 -0.5 0.05)
(5.225 -0.5 0.05)
(5.275 -0.5 0.05)
(5.325 -0.5 0.05)
(5.375 -0.5 0.05)
(5.425 -0.5 0.05)
(5.475 -0.5 0.05)
(5.525 -0.5 0.05)
(5.575 -0.5 0.05)
(5.625 -0.5 0.05)
(5.675 -0.5 0.05)
(5.725 -0.5 0.05)
(5.775 -0.5 0.05)
(5.825 -0.5 0.05)
(5.875 -0.5 0.05)
(5.925 -0.5 0.05)
(5.975 -0.5 0.05)
(6.025 -0.5 0.05)
(6.075 -0.5 0.05)
(6.125 -0.5 0.05)
(6.175 -0.5 0.05)
(6.225 -0.5 0.05)
(6.275 -0.5 0.05)
(6.325 -0.5 0.05)
(6.375 -0.5 0.05)
(6.425 -0.5 0.05)
(6.475 -0.5 0.05)
(6.525 -0.5 0.05)
(6.575 -0.5 0.05)
(6.625 -0.5 0.05)
(6.675 -0.5 0.05)
(6.725 -0.5 0.05)
(6.775 -0.5 0.05)
(6.825 -0.5 0.05)
(6.875 -0.5 0.05)
(6.925 -0.5 0.05)
(6.975 -0.5 0.05)
(2.025 -0.477778 0.05)
(2.075 -0.477778 0.05)
(2.125 -0.477778 0.05)
(2.175 -0.477778 0.05)
(2.225 -0.477778 0.05)
(2.275 -0.477778 0.05)
(2.325 -0.477778 0.05)
(2.375 -0.477778 0.05)
(2.425 -0.477778 0.05)
(2.475 -0.477778 0.05)
(2.525 -0.477778 0.05)
(2.575 -0.477778 0.05)
(2.625 -0.477778 0.05)
(2.675 -0.477778 0.05)
(2.725 -0.477778 0.05)
(2.775 -0.477778 0.05)
(2.825 -0.477778 0.05)
(2.875 -0.477778 0.05)
(2.925 -0.477778 0.05)
(2.975 -0.477778 0.05)
(3.025 -0.477778 0.05)
(3.075 -0.477778 0.05)
(3.125 -0.477778 0.05)
(3.175 -0.477778 0.05)
(3.225 -0.477778 0.05)
(3.275 -0.477778 0.05)
(3.325 -0.477778 0.05)
(3.375 -0.477778 0.05)
(3.425 -0.477778 0.05)
(3.475 -0.477778 0.05)
(3.525 -0.477778 0.05)
(3.575 -0.477778 0.05)
(3.625 -0.477778 0.05)
(3.675 -0.477778 0.05)
(3.725 -0.477778 0.05)
(3.775 -0.477778 0.05)
(3.825 -0.477778 0.05)
(3.875 -0.477778 0.05)
(3.925 -0.477778 0.05)
(3.975 -0.477778 0.05)
(4.025 -0.477778 0.05)
(4.075 -0.477778 0.05)
(4.125 -0.477778 0.05)
(4.175 -0.477778 0.05)
(4.225 -0.477778 0.05)
(4.275 -0.477778 0.05)
(4.325 -0.477778 0.05)
(4.375 -0.477778 0.05)
(4.425 -0.477778 0.05)
(4.475 -0.477778 0.05)
(4.525 -0.477778 0.05)
(4.575 -0.477778 0.05)
(4.625 -0.477778 0.05)
(4.675 -0.477778 0.05)
(4.725 -0.477778 0.05)
(4.775 -0.477778 0.05)
(4.825 -0.477778 0.05)
(4.875 -0.477778 0.05)
(4.925 -0.477778 0.05)
(4.975 -0.477778 0.05)
(5.025 -0.477778 0.05)
(5.075 -0.477778 0.05)
(5.125 -0.477778 0.05)
(5.175 -0.477778 0.05)
(5.225 -0.477778 0.05)
(5.275 -0.477778 0.05)
(5.325 -0.477778 0.05)
(5.375 -0.477778 0.05)
(5.425 -0.477778 0.05)
(5.475 -0.477778 0.05)
(5.525 -0.477778 0.05)
(5.575 -0.477778 0.05)
(5.625 -0.477778 0.05)
(5.675 -0.477778 0.05)
(5.725 -0.477778 0.05)
(5.775 -0.477778 0.05)
(5.825 -0.477778 0.05)
(5.875 -0.477778 0.05)
(5.925 -0.477778 0.05)
(5.975 -0.477778 0.05)
(6.025 -0.477778 0.05)
(6.075 -0.477778 0.05)
(6.125 -0.477778 0.05)
(6.175 -0.477778 0.05)
(6.225 -0.477778 0.05)
(6.275 -0.477778 0.05)
(6.325 -0.477778 0.05)
(6.375 -0.477778 0.05)
(6.425 -0.477778 0.05)
(6.475 -0.477778 0.05)
(6.525 -0.477778 0.05)
(6.575 -0.477778 0.05)
(6.625 -0.477778 0.05)
(6.675 -0.477778 0.05)
(6.725 -0.477778 0.05)
(6.775 -0.477778 0.05)
(6.825 -0.477778 0.05)
(6.875 -0.477778 0.05)
(6.925 -0.477778 0.05)
(6.975 -0.477778 0.05)
(2.025 -0.455556 0.05)
(2.075 -0.455556 0.05)
(2.125 -0.455556 0.05)
(2.175 -0.455556 0.05)
(2.225 -0.455556 0.05)
(2.275 -0.455556 0.05)
(2.325 -0.455556 0.05)
(2.375 -0.455556 0.05)
(2.425 -0.455556 0.05)
(2.475 -0.455556 0.05)
(2.525 -0.455556 0.05)
(2.575 -0.455556 0.05)
(2.625 -0.455556 0.05)
(2.675 -0.455556 0.05)
(2.725 -0.455556 0.05)
(2.775 -0.455556 0.05)
(2.825 -0.455556 0.05)
(2.875 -0.455556 0.05)
(2.925 -0.455556 0.05)
(2.975 -0.455556 0.05)
(3.025 -0.455556 0.05)
(3.075 -0.455556 0.05)
(3.125 -0.455556 0.05)
(3.175 -0.455556 0.05)
(3.225 -0.455556 0.05)
(3.275 -0.455556 0.05)
(3.325 -0.455556 0.05)
(3.375 -0.455556 0.05)
(3.425 -0.455556 0.05)
(3.475 -0.455556 0.05)
(3.525 -0.455556 0.05)
(3.575 -0.455556 0.05)
(3.625 -0.455556 0.05)
(3.675 -0.455556 0.05)
(3.725 -0.455556 0.05)
(3.775 -0.455556 0.05)
(3.825 -0.455556 0.05)
(3.875 -0.455556 0.05)
(3.925 -0.455556 0.05)
(3.975 -0.455556 0.05)
(4.025 -0.455556 0.05)
(4.075 -0.455556 0.05)
(4.125 -0.455556 0.05)
(4.175 -0.455556 0.05)
(4.225 -0.455556 0.05)
(4.275 -0.455556 0.05)
(4.325 -0.455556 0.05)
(4.375 -0.455556 0.05)
(4.425 -0.455556 0.05)
(4.475 -0.455556 0.05)
(4.525 -0.455556 0.05)
(4.575 -0.455556 0.05)
(4.625 -0.455556 0.05)
(4.675 -0.455556 0.05)
(4.725 -0.455556 0.05)
(4.775 -0.455556 0.05)
(4.825 -0.455556 0.05)
(4.875 -0.455556 0.05)
(4.925 -0.455556 0.05)
(4.975 -0.455556 0.05)
(5.025 -0.455556 0.05)
(5.075 -0.455556 0.05)
(5.125 -0.455556 0.05)
(5.175 -0.455556 0.05)
(5.225 -0.455556 0.05)
(5.275 -0.455556 0.05)
(5.325 -0.455556 0.05)
(5.375 -0.455556 0.05)
(5.425 -0.455556 0.05)
(5.475 -0.455556 0.05)
(5.525 -0.455556 0.05)
(5.575 -0.455556 0.05)
(5.625 -0.455556 0.05)
(5.675 -0.455556 0.05)
(5.725 -0.455556 0.05)
(5.775 -0.455556 0.05)
(5.825 -0.455556 0.05)
(5.875 -0.455556 0.05)
(5.925 -0.455556 0.05)
(5.975 -0.455556 0.05)
(6.025 -0.455556 0.05)
(6.075 -0.455556 0.05)
(6.125 -0.455556 0.05)
(6.175 -0.455556 0.05)
(6.225 -0.455556 0.05)
(6.275 -0.455556 0.05)
(6.325 -0.455556 0.05)
(6.375 -0.455556 0.05)
(6.425 -0.455556 0.05)
(6.475 -0.455556 0.05)
(6.525 -0.455556 0.05)
(6.575 -0.455556 0.05)
(6.625 -0.455556 0.05)
(6.675 -0.455556 0.05)
(6.725 -0.455556 0.05)
(6.775 -0.455556 0.05)
(6.825 -0.455556 0.05)
(6.875 -0.455556 0.05)
(6.925 -0.455556 0.05)
(6.975 -0.455556 0.05)
(2.025 -0.433333 0.05)
(2.075 -0.433333 0.05)
(2.125 -0.433333 0.05)
(2.175 -0.433333 0.05)
(2.225 -0.433333 0.05)
(2.275 -0.433333 0.05)
(2.325 -0.433333 0.05)
(2.375 -0.433333 0.05)
(2.425 -0.433333 0.05)
(2.475 -0.433333 0.05)
(2.525 -0.433333 0.05)
(2.575 -0.433333 0.05)
(2.625 -0.433333 0.05)
(2.675 -0.433333 0.05)
(2.725 -0.433333 0.05)
(2.775 -0.433333 0.05)
(2.825 -0.433333 0.05)
(2.875 -0.433333 0.05)
(2.925 -0.433333 0.05)
(2.975 -0.433333 0.05)
(3.025 -0.433333 0.05)
(3.075 -0.433333 0.05)
(3.125 -0.433333 0.05)
(3.175 -0.433333 0.05)
(3.225 -0.433333 0.05)
(3.275 -0.433333 0.05)
(3.325 -0.433333 0.05)
(3.375 -0.433333 0.05)
(3.425 -0.433333 0.05)
(3.475 -0.433333 0.05)
(3.525 -0.433333 0.05)
(3.575 -0.433333 0.05)
(3.625 -0.433333 0.05)
(3.675 -0.433333 0.05)
(3.725 -0.433333 0.05)
(3.775 -0.433333 0.05)
(3.825 -0.433333 0.05)
(3.875 -0.433333 0.05)
(3.925 -0.433333 0.05)
(3.975 -0.433333 0.05)
(4.025 -0.433333 0.05)
(4.075 -0.433333 0.05)
(4.125 -0.433333 0.05)
(4.175 -0.433333 0.05)
(4.225 -0.433333 0.05)
(4.275 -0.433333 0.05)
(4.325 -0.433333 0.05)
(4.375 -0.433333 0.05)
(4.425 -0.433333 0.05)
(4.475 -0.433333 0.05)
(4.525 -0.433333 0.05)
(4.575 -0.433333 0.05)
(4.625 -0.433333 0.05)
(4.675 -0.433333 0.05)
(4.725 -0.433333 0.05)
(4.775 -0.433333 0.05)
(4.825 -0.433333 0.05)
(4.875 -0.433333 0.05)
(4.925 -0.433333 0.05)
(4.975 -0.433333 0.05)
(5.025 -0.433333 0.05)
(5.075 -0.433333 0.05)
(5.125 -0.433333 0.05)
(5.175 -0.433333 0.05)
(5.225 -0.433333 0.05)
(5.275 -0.433333 0.05)
(5.325 -0.433333 0.05)
(5.375 -0.433333 0.05)
(5.425 -0.433333 0.05)
(5.475 -0.433333 0.05)
(5.525 -0.433333 0.05)
(5.575 -0.433333 0.05)
(5.625 -0.433333 0.05)
(5.675 -0.433333 0.05)
(5.725 -0.433333 0.05)
(5.775 -0.433333 0.05)
(5.825 -0.433333 0.05)
(5.875 -0.433333 0.05)
(5.925 -0.433333 0.05)
(5.975 -0.433333 0.05)
(6.025 -0.433333 0.05)
(6.075 -0.433333 0.05)
(6.125 -0.433333 0.05)
(6.175 -0.433333 0.05)
(6.225 -0.433333 0.05)
(6.275 -0.433333 0.05)
(6.325 -0.433333 0.05)
(6.375 -0.433333 0.05)
(6.425 -0.433333 0.05)
(6.475 -0.433333 0.05)
(6.525 -0.433333 0.05)
(6.575 -0.433333 0.05)
(6.625 -0.433333 0.05)
(6.675 -0.433333 0.05)
(6.725 -0.433333 0.05)
(6.775 -0.433333 0.05)
(6.825 -0.433333 0.05)
(6.875 -0.433333 0.05)
(6.925 -0.433333 0.05)
(6.975 -0.433333 0.05)
(2.025 -0.411111 0.05)
(2.075 -0.411111 0.05)
(2.125 -0.411111 0.05)
(2.175 -0.411111 0.05)
(2.225 -0.411111 0.05)
(2.275 -0.411111 0.05)
(2.325 -0.411111 0.05)
(2.375 -0.411111 0.05)
(2.425 -0.411111 0.05)
(2.475 -0.411111 0.05)
(2.525 -0.411111 0.05)
(2.575 -0.411111 0.05)
(2.625 -0.411111 0.05)
(2.675 -0.411111 0.05)
(2.725 -0.411111 0.05)
(2.775 -0.411111 0.05)
(2.825 -0.411111 0.05)
(2.875 -0.411111 0.05)
(2.925 -0.411111 0.05)
(2.975 -0.411111 0.05)
(3.025 -0.411111 0.05)
(3.075 -0.411111 0.05)
(3.125 -0.411111 0.05)
(3.175 -0.411111 0.05)
(3.225 -0.411111 0.05)
(3.275 -0.411111 0.05)
(3.325 -0.411111 0.05)
(3.375 -0.411111 0.05)
(3.425 -0.411111 0.05)
(3.475 -0.411111 0.05)
(3.525 -0.411111 0.05)
(3.575 -0.411111 0.05)
(3.625 -0.411111 0.05)
(3.675 -0.411111 0.05)
(3.725 -0.411111 0.05)
(3.775 -0.411111 0.05)
(3.825 -0.411111 0.05)
(3.875 -0.411111 0.05)
(3.925 -0.411111 0.05)
(3.975 -0.411111 0.05)
(4.025 -0.411111 0.05)
(4.075 -0.411111 0.05)
(4.125 -0.411111 0.05)
(4.175 -0.411111 0.05)
(4.225 -0.411111 0.05)
(4.275 -0.411111 0.05)
(4.325 -0.411111 0.05)
(4.375 -0.411111 0.05)
(4.425 -0.411111 0.05)
(4.475 -0.411111 0.05)
(4.525 -0.411111 0.05)
(4.575 -0.411111 0.05)
(4.625 -0.411111 0.05)
(4.675 -0.411111 0.05)
(4.725 -0.411111 0.05)
(4.775 -0.411111 0.05)
(4.825 -0.411111 0.05)
(4.875 -0.411111 0.05)
(4.925 -0.411111 0.05)
(4.975 -0.411111 0.05)
(5.025 -0.411111 0.05)
(5.075 -0.411111 0.05)
(5.125 -0.411111 0.05)
(5.175 -0.411111 0.05)
(5.225 -0.411111 0.05)
(5.275 -0.411111 0.05)
(5.325 -0.411111 0.05)
(5.375 -0.411111 0.05)
(5.425 -0.411111 0.05)
(5.475 -0.411111 0.05)
(5.525 -0.411111 0.05)
(5.575 -0.411111 0.05)
(5.625 -0.411111 0.05)
(5.675 -0.411111 0.05)
(5.725 -0.411111 0.05)
(5.775 -0.411111 0.05)
(5.825 -0.411111 0.05)
(5.875 -0.411111 0.05)
(5.925 -0.411111 0.05)
(5.975 -0.411111 0.05)
(6.025 -0.411111 0.05)
(6.075 -0.411111 0.05)
(6.125 -0.411111 0.05)
(6.175 -0.411111 0.05)
(6.225 -0.411111 0.05)
(6.275 -0.411111 0.05)
(6.325 -0.411111 0.05)
(6.375 -0.411111 0.05)
(6.425 -0.411111 0.05)
(6.475 -0.411111 0.05)
(6.525 -0.411111 0.05)
(6.575 -0.411111 0.05)
(6.625 -0.411111 0.05)
(6.675 -0.411111 0.05)
(6.725 -0.411111 0.05)
(6.775 -0.411111 0.05)
(6.825 -0.411111 0.05)
(6.875 -0.411111 0.05)
(6.925 -0.411111 0.05)
(6.975 -0.411111 0.05)
(2.025 -0.388889 0.05)
(2.075 -0.388889 0.05)
(2.125 -0.388889 0.05)
(2.175 -0.388889 0.05)
(2.225 -0.388889 0.05)
(2.275 -0.388889 0.05)
(2.325 -0.388889 0.05)
(2.375 -0.388889 0.05)
(2.425 -0.388889 0.05)
(2.475 -0.388889 0.05)
(2.525 -0.388889 0.05)
(2.575 -0.388889 0.05)
(2.625 -0.388889 0.05)
(2.675 -0.388889 0.05)
(2.725 -0.388889 0.05)
(2.775 -0.388889 0.05)
(2.825 -0.388889 0.05)
(2.875 -0.388889 0.05)
(2.925 -0.388889 0.05)
(2.975 -0.388889 0.05)
(3.025 -0.388889 0.05)
(3.075 -0.388889 0.05)
(3.125 -0.388889 0.05)
(3.175 -0.388889 0.05)
(3.225 -0.388889 0.05)
(3.275 -0.388889 0.05)
(3.325 -0.388889 0.05)
(3.375 -0.388889 0.05)
(3.425 -0.388889 0.05)
(3.475 -0.388889 0.05)
(3.525 -0.388889 0.05)
(3.575 -0.388889 0.05)
(3.625 -0.388889 0.05)
(3.675 -0.388889 0.05)
(3.725 -0.388889 0.05)
(3.775 -0.388889 0.05)
(3.825 -0.388889 0.05)
(3.875 -0.388889 0.05)
(3.925 -0.388889 0.05)
(3.975 -0.388889 0.05)
(4.025 -0.388889 0.05)
(4.075 -0.388889 0.05)
(4.125 -0.388889 0.05)
(4.175 -0.388889 0.05)
(4.225 -0.388889 0.05)
(4.275 -0.388889 0.05)
(4.325 -0.388889 0.05)
(4.375 -0.388889 0.05)
(4.425 -0.388889 0.05)
(4.475 -0.388889 0.05)
(4.525 -0.388889 0.05)
(4.575 -0.388889 0.05)
(4.625 -0.388889 0.05)
(4.675 -0.388889 0.05)
(4.725 -0.388889 0.05)
(4.775 -0.388889 0.05)
(4.825 -0.388889 0.05)
(4.875 -0.388889 0.05)
(4.925 -0.388889 0.05)
(4.975 -0.388889 0.05)
(5.025 -0.388889 0.05)
(5.075 -0.388889 0.05)
(5.125 -0.388889 0.05)
(5.175 -0.388889 0.05)
(5.225 -0.388889 0.05)
(5.275 -0.388889 0.05)
(5.325 -0.388889 0.05)
(5.375 -0.388889 0.05)
(5.425 -0.388889 0.05)
(5.475 -0.388889 0.05)
(5.525 -0.388889 0.05)
(5.575 -0.388889 0.05)
(5.625 -0.388889 0.05)
(5.675 -0.388889 0.05)
(5.725 -0.388889 0.05)
(5.775 -0.388889 0.05)
(5.825 -0.388889 0.05)
(5.875 -0.388889 0.05)
(5.925 -0.388889 0.05)
(5.975 -0.388889 0.05)
(6.025 -0.388889 0.05)
(6.075 -0.388889 0.05)
(6.125 -0.388889 0.05)
(6.175 -0.388889 0.05)
(6.225 -0.388889 0.05)
(6.275 -0.388889 0.05)
(6.325 -0.388889 0.05)
(6.375 -0.388889 0.05)
(6.425 -0.388889 0.05)
(6.475 -0.388889 0.05)
(6.525 -0.388889 0.05)
(6.575 -0.388889 0.05)
(6.625 -0.388889 0.05)
(6.675 -0.388889 0.05)
(6.725 -0.388889 0.05)
(6.775 -0.388889 0.05)
(6.825 -0.388889 0.05)
(6.875 -0.388889 0.05)
(6.925 -0.388889 0.05)
(6.975 -0.388889 0.05)
(2.025 -0.366667 0.05)
(2.075 -0.366667 0.05)
(2.125 -0.366667 0.05)
(2.175 -0.366667 0.05)
(2.225 -0.366667 0.05)
(2.275 -0.366667 0.05)
(2.325 -0.366667 0.05)
(2.375 -0.366667 0.05)
(2.425 -0.366667 0.05)
(2.475 -0.366667 0.05)
(2.525 -0.366667 0.05)
(2.575 -0.366667 0.05)
(2.625 -0.366667 0.05)
(2.675 -0.366667 0.05)
(2.725 -0.366667 0.05)
(2.775 -0.366667 0.05)
(2.825 -0.366667 0.05)
(2.875 -0.366667 0.05)
(2.925 -0.366667 0.05)
(2.975 -0.366667 0.05)
(3.025 -0.366667 0.05)
(3.075 -0.366667 0.05)
(3.125 -0.366667 0.05)
(3.175 -0.366667 0.05)
(3.225 -0.366667 0.05)
(3.275 -0.366667 0.05)
(3.325 -0.366667 0.05)
(3.375 -0.366667 0.05)
(3.425 -0.366667 0.05)
(3.475 -0.366667 0.05)
(3.525 -0.366667 0.05)
(3.575 -0.366667 0.05)
(3.625 -0.366667 0.05)
(3.675 -0.366667 0.05)
(3.725 -0.366667 0.05)
(3.775 -0.366667 0.05)
(3.825 -0.366667 0.05)
(3.875 -0.366667 0.05)
(3.925 -0.366667 0.05)
(3.975 -0.366667 0.05)
(4.025 -0.366667 0.05)
(4.075 -0.366667 0.05)
(4.125 -0.366667 0.05)
(4.175 -0.366667 0.05)
(4.225 -0.366667 0.05)
(4.275 -0.366667 0.05)
(4.325 -0.366667 0.05)
(4.375 -0.366667 0.05)
(4.425 -0.366667 0.05)
(4.475 -0.366667 0.05)
(4.525 -0.366667 0.05)
(4.575 -0.366667 0.05)
(4.625 -0.366667 0.05)
(4.675 -0.366667 0.05)
(4.725 -0.366667 0.05)
(4.775 -0.366667 0.05)
(4.825 -0.366667 0.05)
(4.875 -0.366667 0.05)
(4.925 -0.366667 0.05)
(4.975 -0.366667 0.05)
(5.025 -0.366667 0.05)
(5.075 -0.366667 0.05)
(5.125 -0.366667 0.05)
(5.175 -0.366667 0.05)
(5.225 -0.366667 0.05)
(5.275 -0.366667 0.05)
(5.325 -0.366667 0.05)
(5.375 -0.366667 0.05)
(5.425 -0.366667 0.05)
(5.475 -0.366667 0.05)
(5.525 -0.366667 0.05)
(5.575 -0.366667 0.05)
(5.625 -0.366667 0.05)
(5.675 -0.366667 0.05)
(5.725 -0.366667 0.05)
(5.775 -0.366667 0.05)
(5.825 -0.366667 0.05)
(5.875 -0.366667 0.05)
(5.925 -0.366667 0.05)
(5.975 -0.366667 0.05)
(6.025 -0.366667 0.05)
(6.075 -0.366667 0.05)
(6.125 -0.366667 0.05)
(6.175 -0.366667 0.05)
(6.225 -0.366667 0.05)
(6.275 -0.366667 0.05)
(6.325 -0.366667 0.05)
(6.375 -0.366667 0.05)
(6.425 -0.366667 0.05)
(6.475 -0.366667 0.05)
(6.525 -0.366667 0.05)
(6.575 -0.366667 0.05)
(6.625 -0.366667 0.05)
(6.675 -0.366667 0.05)
(6.725 -0.366667 0.05)
(6.775 -0.366667 0.05)
(6.825 -0.366667 0.05)
(6.875 -0.366667 0.05)
(6.925 -0.366667 0.05)
(6.975 -0.366667 0.05)
(2.025 -0.344444 0.05)
(2.075 -0.344444 0.05)
(2.125 -0.344444 0.05)
(2.175 -0.344444 0.05)
(2.225 -0.344444 0.05)
(2.275 -0.344444 0.05)
(2.325 -0.344444 0.05)
(2.375 -0.344444 0.05)
(2.425 -0.344444 0.05)
(2.475 -0.344444 0.05)
(2.525 -0.344444 0.05)
(2.575 -0.344444 0.05)
(2.625 -0.344444 0.05)
(2.675 -0.344444 0.05)
(2.725 -0.344444 0.05)
(2.775 -0.344444 0.05)
(2.825 -0.344444 0.05)
(2.875 -0.344444 0.05)
(2.925 -0.344444 0.05)
(2.975 -0.344444 0.05)
(3.025 -0.344444 0.05)
(3.075 -0.344444 0.05)
(3.125 -0.344444 0.05)
(3.175 -0.344444 0.05)
(3.225 -0.344444 0.05)
(3.275 -0.344444 0.05)
(3.325 -0.344444 0.05)
(3.375 -0.344444 0.05)
(3.425 -0.344444 0.05)
(3.475 -0.344444 0.05)
(3.525 -0.344444 0.05)
(3.575 -0.344444 0.05)
(3.625 -0.344444 0.05)
(3.675 -0.344444 0.05)
(3.725 -0.344444 0.05)
(3.775 -0.344444 0.05)
(3.825 -0.344444 0.05)
(3.875 -0.344444 0.05)
(3.925 -0.344444 0.05)
(3.975 -0.344444 0.05)
(4.025 -0.344444 0.05)
(4.075 -0.344444 0.05)
(4.125 -0.344444 0.05)
(4.175 -0.344444 0.05)
(4.225 -0.344444 0.05)
(4.275 -0.344444 0.05)
(4.325 -0.344444 0.05)
(4.375 -0.344444 0.05)
(4.425 -0.344444 0.05)
(4.475 -0.344444 0.05)
(4.525 -0.344444 0.05)
(4.575 -0.344444 0.05)
(4.625 -0.344444 0.05)
(4.675 -0.344444 0.05)
(4.725 -0.344444 0.05)
(4.775 -0.344444 0.05)
(4.825 -0.344444 0.05)
(4.875 -0.344444 0.05)
(4.925 -0.344444 0.05)
(4.975 -0.344444 0.05)
(5.025 -0.344444 0.05)
(5.075 -0.344444 0.05)
(5.125 -0.344444 0.05)
(5.175 -0.344444 0.05)
(5.225 -0.344444 0.05)
(5.275 -0.344444 0.05)
(5.325 -0.344444 0.05)
(5.375 -0.344444 0.05)
(5.425 -0.344444 0.05)
(5.475 -0.344444 0.05)
(5.525 -0.344444 0.05)
(5.575 -0.344444 0.05)
(5.625 -0.344444 0.05)
(5.675 -0.344444 0.05)
(5.725 -0.344444 0.05)
(5.775 -0.344444 0.05)
(5.825 -0.344444 0.05)
(5.875 -0.344444 0.05)
(5.925 -0.344444 0.05)
(5.975 -0.344444 0.05)
(6.025 -0.344444 0.05)
(6.075 -0.344444 0.05)
(6.125 -0.344444 0.05)
(6.175 -0.344444 0.05)
(6.225 -0.344444 0.05)
(6.275 -0.344444 0.05)
(6.325 -0.344444 0.05)
(6.375 -0.344444 0.05)
(6.425 -0.344444 0.05)
(6.475 -0.344444 0.05)
(6.525 -0.344444 0.05)
(6.575 -0.344444 0.05)
(6.625 -0.344444 0.05)
(6.675 -0.344444 0.05)
(6.725 -0.344444 0.05)
(6.775 -0.344444 0.05)
(6.825 -0.344444 0.05)
(6.875 -0.344444 0.05)
(6.925 -0.344444 0.05)
(6.975 -0.344444 0.05)
(2.025 -0.322222 0.05)
(2.075 -0.322222 0.05)
(2.125 -0.322222 0.05)
(2.175 -0.322222 0.05)
(2.225 -0.322222 0.05)
(2.275 -0.322222 0.05)
(2.325 -0.322222 0.05)
(2.375 -0.322222 0.05)
(2.425 -0.322222 0.05)
(2.475 -0.322222 0.05)
(2.525 -0.322222 0.05)
(2.575 -0.322222 0.05)
(2.625 -0.322222 0.05)
(2.675 -0.322222 0.05)
(2.725 -0.322222 0.05)
(2.775 -0.322222 0.05)
(2.825 -0.322222 0.05)
(2.875 -0.322222 0.05)
(2.925 -0.322222 0.05)
(2.975 -0.322222 0.05)
(3.025 -0.322222 0.05)
(3.075 -0.322222 0.05)
(3.125 -0.322222 0.05)
(3.175 -0.322222 0.05)
(3.225 -0.322222 0.05)
(3.275 -0.322222 0.05)
(3.325 -0.322222 0.05)
(3.375 -0.322222 0.05)
(3.425 -0.322222 0.05)
(3.475 -0.322222 0.05)
(3.525 -0.322222 0.05)
(3.575 -0.322222 0.05)
(3.625 -0.322222 0.05)
(3.675 -0.322222 0.05)
(3.725 -0.322222 0.05)
(3.775 -0.322222 0.05)
(3.825 -0.322222 0.05)
(3.875 -0.322222 0.05)
(3.925 -0.322222 0.05)
(3.975 -0.322222 0.05)
(4.025 -0.322222 0.05)
(4.075 -0.322222 0.05)
(4.125 -0.322222 0.05)
(4.175 -0.322222 0.05)
(4.225 -0.322222 0.05)
(4.275 -0.322222 0.05)
(4.325 -0.322222 0.05)
(4.375 -0.322222 0.05)
(4.425 -0.322222 0.05)
(4.475 -0.322222 0.05)
(4.525 -0.322222 0.05)
(4.575 -0.322222 0.05)
(4.625 -0.322222 0.05)
(4.675 -0.322222 0.05)
(4.725 -0.322222 0.05)
(4.775 -0.322222 0.05)
(4.825 -0.322222 0.05)
(4.875 -0.322222 0.05)
(4.925 -0.322222 0.05)
(4.975 -0.322222 0.05)
(5.025 -0.322222 0.05)
(5.075 -0.322222 0.05)
(5.125 -0.322222 0.05)
(5.175 -0.322222 0.05)
(5.225 -0.322222 0.05)
(5.275 -0.322222 0.05)
(5.325 -0.322222 0.05)
(5.375 -0.322222 0.05)
(5.425 -0.322222 0.05)
(5.475 -0.322222 0.05)
(5.525 -0.322222 0.05)
(5.575 -0.322222 0.05)
(5.625 -0.322222 0.05)
(5.675 -0.322222 0.05)
(5.725 -0.322222 0.05)
(5.775 -0.322222 0.05)
(5.825 -0.322222 0.05)
(5.875 -0.322222 0.05)
(5.925 -0.322222 0.05)
(5.975 -0.322222 0.05)
(6.025 -0.322222 0.05)
(6.075 -0.322222 0.05)
(6.125 -0.322222 0.05)
(6.175 -0.322222 0.05)
(6.225 -0.322222 0.05)
(6.275 -0.322222 0.05)
(6.325 -0.322222 0.05)
(6.375 -0.322222 0.05)
(6.425 -0.322222 0.05)
(6.475 -0.322222 0.05)
(6.525 -0.322222 0.05)
(6.575 -0.322222 0.05)
(6.625 -0.322222 0.05)
(6.675 -0.322222 0.05)
(6.725 -0.322222 0.05)
(6.775 -0.322222 0.05)
(6.825 -0.322222 0.05)
(6.875 -0.322222 0.05)
(6.925 -0.322222 0.05)
(6.975 -0.322222 0.05)
(2.025 -0.3 0.05)
(2.075 -0.3 0.05)
(2.125 -0.3 0.05)
(2.175 -0.3 0.05)
(2.225 -0.3 0.05)
(2.275 -0.3 0.05)
(2.325 -0.3 0.05)
(2.375 -0.3 0.05)
(2.425 -0.3 0.05)
(2.475 -0.3 0.05)
(2.525 -0.3 0.05)
(2.575 -0.3 0.05)
(2.625 -0.3 0.05)
(2.675 -0.3 0.05)
(2.725 -0.3 0.05)
(2.775 -0.3 0.05)
(2.825 -0.3 0.05)
(2.875 -0.3 0.05)
(2.925 -0.3 0.05)
(2.975 -0.3 0.05)
(3.025 -0.3 0.05)
(3.075 -0.3 0.05)
(3.125 -0.3 0.05)
(3.175 -0.3 0.05)
(3.225 -0.3 0.05)
(3.275 -0.3 0.05)
(3.325 -0.3 0.05)
(3.375 -0.3 0.05)
(3.425 -0.3 0.05)
(3.475 -0.3 0.05)
(3.525 -0.3 0.05)
(3.575 -0.3 0.05)
(3.625 -0.3 0.05)
(3.675 -0.3 0.05)
(3.725 -0.3 0.05)
(3.775 -0.3 0.05)
(3.825 -0.3 0.05)
(3.875 -0.3 0.05)
(3.925 -0.3 0.05)
(3.975 -0.3 0.05)
(4.025 -0.3 0.05)
(4.075 -0.3 0.05)
(4.125 -0.3 0.05)
(4.175 -0.3 0.05)
(4.225 -0.3 0.05)
(4.275 -0.3 0.05)
(4.325 -0.3 0.05)
(4.375 -0.3 0.05)
(4.425 -0.3 0.05)
(4.475 -0.3 0.05)
(4.525 -0.3 0.05)
(4.575 -0.3 0.05)
(4.625 -0.3 0.05)
(4.675 -0.3 0.05)
(4.725 -0.3 0.05)
(4.775 -0.3 0.05)
(4.825 -0.3 0.05)
(4.875 -0.3 0.05)
(4.925 -0.3 0.05)
(4.975 -0.3 0.05)
(5.025 -0.3 0.05)
(5.075 -0.3 0.05)
(5.125 -0.3 0.05)
(5.175 -0.3 0.05)
(5.225 -0.3 0.05)
(5.275 -0.3 0.05)
(5.325 -0.3 0.05)
(5.375 -0.3 0.05)
(5.425 -0.3 0.05)
(5.475 -0.3 0.05)
(5.525 -0.3 0.05)
(5.575 -0.3 0.05)
(5.625 -0.3 0.05)
(5.675 -0.3 0.05)
(5.725 -0.3 0.05)
(5.775 -0.3 0.05)
(5.825 -0.3 0.05)
(5.875 -0.3 0.05)
(5.925 -0.3 0.05)
(5.975 -0.3 0.05)
(6.025 -0.3 0.05)
(6.075 -0.3 0.05)
(6.125 -0.3 0.05)
(6.175 -0.3 0.05)
(6.225 -0.3 0.05)
(6.275 -0.3 0.05)
(6.325 -0.3 0.05)
(6.375 -0.3 0.05)
(6.425 -0.3 0.05)
(6.475 -0.3 0.05)
(6.525 -0.3 0.05)
(6.575 -0.3 0.05)
(6.625 -0.3 0.05)
(6.675 -0.3 0.05)
(6.725 -0.3 0.05)
(6.775 -0.3 0.05)
(6.825 -0.3 0.05)
(6.875 -0.3 0.05)
(6.925 -0.3 0.05)
(6.975 -0.3 0.05)
(2.025 -0.277778 0.05)
(2.075 -0.277778 0.05)
(2.125 -0.277778 0.05)
(2.175 -0.277778 0.05)
(2.225 -0.277778 0.05)
(2.275 -0.277778 0.05)
(2.325 -0.277778 0.05)
(2.375 -0.277778 0.05)
(2.425 -0.277778 0.05)
(2.475 -0.277778 0.05)
(2.525 -0.277778 0.05)
(2.575 -0.277778 0.05)
(2.625 -0.277778 0.05)
(2.675 -0.277778 0.05)
(2.725 -0.277778 0.05)
(2.775 -0.277778 0.05)
(2.825 -0.277778 0.05)
(2.875 -0.277778 0.05)
(2.925 -0.277778 0.05)
(2.975 -0.277778 0.05)
(3.025 -0.277778 0.05)
(3.075 -0.277778 0.05)
(3.125 -0.277778 0.05)
(3.175 -0.277778 0.05)
(3.225 -0.277778 0.05)
(3.275 -0.277778 0.05)
(3.325 -0.277778 0.05)
(3.375 -0.277778 0.05)
(3.425 -0.277778 0.05)
(3.475 -0.277778 0.05)
(3.525 -0.277778 0.05)
(3.575 -0.277778 0.05)
(3.625 -0.277778 0.05)
(3.675 -0.277778 0.05)
(3.725 -0.277778 0.05)
(3.775 -0.277778 0.05)
(3.825 -0.277778 0.05)
(3.875 -0.277778 0.05)
(3.925 -0.277778 0.05)
(3.975 -0.277778 0.05)
(4.025 -0.277778 0.05)
(4.075 -0.277778 0.05)
(4.125 -0.277778 0.05)
(4.175 -0.277778 0.05)
(4.225 -0.277778 0.05)
(4.275 -0.277778 0.05)
(4.325 -0.277778 0.05)
(4.375 -0.277778 0.05)
(4.425 -0.277778 0.05)
(4.475 -0.277778 0.05)
(4.525 -0.277778 0.05)
(4.575 -0.277778 0.05)
(4.625 -0.277778 0.05)
(4.675 -0.277778 0.05)
(4.725 -0.277778 0.05)
(4.775 -0.277778 0.05)
(4.825 -0.277778 0.05)
(4.875 -0.277778 0.05)
(4.925 -0.277778 0.05)
(4.975 -0.277778 0.05)
(5.025 -0.277778 0.05)
(5.075 -0.277778 0.05)
(5.125 -0.277778 0.05)
(5.175 -0.277778 0.05)
(5.225 -0.277778 0.05)
(5.275 -0.277778 0.05)
(5.325 -0.277778 0.05)
(5.375 -0.277778 0.05)
(5.425 -0.277778 0.05)
(5.475 -0.277778 0.05)
(5.525 -0.277778 0.05)
(5.575 -0.277778 0.05)
(5.625 -0.277778 0.05)
(5.675 -0.277778 0.05)
(5.725 -0.277778 0.05)
(5.775 -0.277778 0.05)
(5.825 -0.277778 0.05)
(5.875 -0.277778 0.05)
(5.925 -0.277778 0.05)
(5.975 -0.277778 0.05)
(6.025 -0.277778 0.05)
(6.075 -0.277778 0.05)
(6.125 -0.277778 0.05)
(6.175 -0.277778 0.05)
(6.225 -0.277778 0.05)
(6.275 -0.277778 0.05)
(6.325 -0.277778 0.05)
(6.375 -0.277778 0.05)
(6.425 -0.277778 0.05)
(6.475 -0.277778 0.05)
(6.525 -0.277778 0.05)
(6.575 -0.277778 0.05)
(6.625 -0.277778 0.05)
(6.675 -0.277778 0.05)
(6.725 -0.277778 0.05)
(6.775 -0.277778 0.05)
(6.825 -0.277778 0.05)
(6.875 -0.277778 0.05)
(6.925 -0.277778 0.05)
(6.975 -0.277778 0.05)
(2.025 -0.255556 0.05)
(2.075 -0.255556 0.05)
(2.125 -0.255556 0.05)
(2.175 -0.255556 0.05)
(2.225 -0.255556 0.05)
(2.275 -0.255556 0.05)
(2.325 -0.255556 0.05)
(2.375 -0.255556 0.05)
(2.425 -0.255556 0.05)
(2.475 -0.255556 0.05)
(2.525 -0.255556 0.05)
(2.575 -0.255556 0.05)
(2.625 -0.255556 0.05)
(2.675 -0.255556 0.05)
(2.725 -0.255556 0.05)
(2.775 -0.255556 0.05)
(2.825 -0.255556 0.05)
(2.875 -0.255556 0.05)
(2.925 -0.255556 0.05)
(2.975 -0.255556 0.05)
(3.025 -0.255556 0.05)
(3.075 -0.255556 0.05)
(3.125 -0.255556 0.05)
(3.175 -0.255556 0.05)
(3.225 -0.255556 0.05)
(3.275 -0.255556 0.05)
(3.325 -0.255556 0.05)
(3.375 -0.255556 0.05)
(3.425 -0.255556 0.05)
(3.475 -0.255556 0.05)
(3.525 -0.255556 0.05)
(3.575 -0.255556 0.05)
(3.625 -0.255556 0.05)
(3.675 -0.255556 0.05)
(3.725 -0.255556 0.05)
(3.775 -0.255556 0.05)
(3.825 -0.255556 0.05)
(3.875 -0.255556 0.05)
(3.925 -0.255556 0.05)
(3.975 -0.255556 0.05)
(4.025 -0.255556 0.05)
(4.075 -0.255556 0.05)
(4.125 -0.255556 0.05)
(4.175 -0.255556 0.05)
(4.225 -0.255556 0.05)
(4.275 -0.255556 0.05)
(4.325 -0.255556 0.05)
(4.375 -0.255556 0.05)
(4.425 -0.255556 0.05)
(4.475 -0.255556 0.05)
(4.525 -0.255556 0.05)
(4.575 -0.255556 0.05)
(4.625 -0.255556 0.05)
(4.675 -0.255556 0.05)
(4.725 -0.255556 0.05)
(4.775 -0.255556 0.05)
(4.825 -0.255556 0.05)
(4.875 -0.255556 0.05)
(4.925 -0.255556 0.05)
(4.975 -0.255556 0.05)
(5.025 -0.255556 0.05)
(5.075 -0.255556 0.05)
(5.125 -0.255556 0.05)
(5.175 -0.255556 0.05)
(5.225 -0.255556 0.05)
(5.275 -0.255556 0.05)
(5.325 -0.255556 0.05)
(5.375 -0.255556 0.05)
(5.425 -0.255556 0.05)
(5.475 -0.255556 0.05)
(5.525 -0.255556 0.05)
(5.575 -0.255556 0.05)
(5.625 -0.255556 0.05)
(5.675 -0.255556 0.05)
(5.725 -0.255556 0.05)
(5.775 -0.255556 0.05)
(5.825 -0.255556 0.05)
(5.875 -0.255556 0.05)
(5.925 -0.255556 0.05)
(5.975 -0.255556 0.05)
(6.025 -0.255556 0.05)
(6.075 -0.255556 0.05)
(6.125 -0.255556 0.05)
(6.175 -0.255556 0.05)
(6.225 -0.255556 0.05)
(6.275 -0.255556 0.05)
(6.325 -0.255556 0.05)
(6.375 -0.255556 0.05)
(6.425 -0.255556 0.05)
(6.475 -0.255556 0.05)
(6.525 -0.255556 0.05)
(6.575 -0.255556 0.05)
(6.625 -0.255556 0.05)
(6.675 -0.255556 0.05)
(6.725 -0.255556 0.05)
(6.775 -0.255556 0.05)
(6.825 -0.255556 0.05)
(6.875 -0.255556 0.05)
(6.925 -0.255556 0.05)
(6.975 -0.255556 0.05)
(2.025 -0.233333 0.05)
(2.075 -0.233333 0.05)
(2.125 -0.233333 0.05)
(2.175 -0.233333 0.05)
(2.225 -0.233333 0.05)
(2.275 -0.233333 0.05)
(2.325 -0.233333 0.05)
(2.375 -0.233333 0.05)
(2.425 -0.233333 0.05)
(2.475 -0.233333 0.05)
(2.525 -0.233333 0.05)
(2.575 -0.233333 0.05)
(2.625 -0.233333 0.05)
(2.675 -0.233333 0.05)
(2.725 -0.233333 0.05)
(2.775 -0.233333 0.05)
(2.825 -0.233333 0.05)
(2.875 -0.233333 0.05)
(2.925 -0.233333 0.05)
(2.975 -0.233333 0.05)
(3.025 -0.233333 0.05)
(3.075 -0.233333 0.05)
(3.125 -0.233333 0.05)
(3.175 -0.233333 0.05)
(3.225 -0.233333 0.05)
(3.275 -0.233333 0.05)
(3.325 -0.233333 0.05)
(3.375 -0.233333 0.05)
(3.425 -0.233333 0.05)
(3.475 -0.233333 0.05)
(3.525 -0.233333 0.05)
(3.575 -0.233333 0.05)
(3.625 -0.233333 0.05)
(3.675 -0.233333 0.05)
(3.725 -0.233333 0.05)
(3.775 -0.233333 0.05)
(3.825 -0.233333 0.05)
(3.875 -0.233333 0.05)
(3.925 -0.233333 0.05)
(3.975 -0.233333 0.05)
(4.025 -0.233333 0.05)
(4.075 -0.233333 0.05)
(4.125 -0.233333 0.05)
(4.175 -0.233333 0.05)
(4.225 -0.233333 0.05)
(4.275 -0.233333 0.05)
(4.325 -0.233333 0.05)
(4.375 -0.233333 0.05)
(4.425 -0.233333 0.05)
(4.475 -0.233333 0.05)
(4.525 -0.233333 0.05)
(4.575 -0.233333 0.05)
(4.625 -0.233333 0.05)
(4.675 -0.233333 0.05)
(4.725 -0.233333 0.05)
(4.775 -0.233333 0.05)
(4.825 -0.233333 0.05)
(4.875 -0.233333 0.05)
(4.925 -0.233333 0.05)
(4.975 -0.233333 0.05)
(5.025 -0.233333 0.05)
(5.075 -0.233333 0.05)
(5.125 -0.233333 0.05)
(5.175 -0.233333 0.05)
(5.225 -0.233333 0.05)
(5.275 -0.233333 0.05)
(5.325 -0.233333 0.05)
(5.375 -0.233333 0.05)
(5.425 -0.233333 0.05)
(5.475 -0.233333 0.05)
(5.525 -0.233333 0.05)
(5.575 -0.233333 0.05)
(5.625 -0.233333 0.05)
(5.675 -0.233333 0.05)
(5.725 -0.233333 0.05)
(5.775 -0.233333 0.05)
(5.825 -0.233333 0.05)
(5.875 -0.233333 0.05)
(5.925 -0.233333 0.05)
(5.975 -0.233333 0.05)
(6.025 -0.233333 0.05)
(6.075 -0.233333 0.05)
(6.125 -0.233333 0.05)
(6.175 -0.233333 0.05)
(6.225 -0.233333 0.05)
(6.275 -0.233333 0.05)
(6.325 -0.233333 0.05)
(6.375 -0.233333 0.05)
(6.425 -0.233333 0.05)
(6.475 -0.233333 0.05)
(6.525 -0.233333 0.05)
(6.575 -0.233333 0.05)
(6.625 -0.233333 0.05)
(6.675 -0.233333 0.05)
(6.725 -0.233333 0.05)
(6.775 -0.233333 0.05)
(6.825 -0.233333 0.05)
(6.875 -0.233333 0.05)
(6.925 -0.233333 0.05)
(6.975 -0.233333 0.05)
(2.025 -0.211111 0.05)
(2.075 -0.211111 0.05)
(2.125 -0.211111 0.05)
(2.175 -0.211111 0.05)
(2.225 -0.211111 0.05)
(2.275 -0.211111 0.05)
(2.325 -0.211111 0.05)
(2.375 -0.211111 0.05)
(2.425 -0.211111 0.05)
(2.475 -0.211111 0.05)
(2.525 -0.211111 0.05)
(2.575 -0.211111 0.05)
(2.625 -0.211111 0.05)
(2.675 -0.211111 0.05)
(2.725 -0.211111 0.05)
(2.775 -0.211111 0.05)
(2.825 -0.211111 0.05)
(2.875 -0.211111 0.05)
(2.925 -0.211111 0.05)
(2.975 -0.211111 0.05)
(3.025 -0.211111 0.05)
(3.075 -0.211111 0.05)
(3.125 -0.211111 0.05)
(3.175 -0.211111 0.05)
(3.225 -0.211111 0.05)
(3.275 -0.211111 0.05)
(3.325 -0.211111 0.05)
(3.375 -0.211111 0.05)
(3.425 -0.211111 0.05)
(3.475 -0.211111 0.05)
(3.525 -0.211111 0.05)
(3.575 -0.211111 0.05)
(3.625 -0.211111 0.05)
(3.675 -0.211111 0.05)
(3.725 -0.211111 0.05)
(3.775 -0.211111 0.05)
(3.825 -0.211111 0.05)
(3.875 -0.211111 0.05)
(3.925 -0.211111 0.05)
(3.975 -0.211111 0.05)
(4.025 -0.211111 0.05)
(4.075 -0.211111 0.05)
(4.125 -0.211111 0.05)
(4.175 -0.211111 0.05)
(4.225 -0.211111 0.05)
(4.275 -0.211111 0.05)
(4.325 -0.211111 0.05)
(4.375 -0.211111 0.05)
(4.425 -0.211111 0.05)
(4.475 -0.211111 0.05)
(4.525 -0.211111 0.05)
(4.575 -0.211111 0.05)
(4.625 -0.211111 0.05)
(4.675 -0.211111 0.05)
(4.725 -0.211111 0.05)
(4.775 -0.211111 0.05)
(4.825 -0.211111 0.05)
(4.875 -0.211111 0.05)
(4.925 -0.211111 0.05)
(4.975 -0.211111 0.05)
(5.025 -0.211111 0.05)
(5.075 -0.211111 0.05)
(5.125 -0.211111 0.05)
(5.175 -0.211111 0.05)
(5.225 -0.211111 0.05)
(5.275 -0.211111 0.05)
(5.325 -0.211111 0.05)
(5.375 -0.211111 0.05)
(5.425 -0.211111 0.05)
(5.475 -0.211111 0.05)
(5.525 -0.211111 0.05)
(5.575 -0.211111 0.05)
(5.625 -0.211111 0.05)
(5.675 -0.211111 0.05)
(5.725 -0.211111 0.05)
(5.775 -0.211111 0.05)
(5.825 -0.211111 0.05)
(5.875 -0.211111 0.05)
(5.925 -0.211111 0.05)
(5.975 -0.211111 0.05)
(6.025 -0.211111 0.05)
(6.075 -0.211111 0.05)
(6.125 -0.211111 0.05)
(6.175 -0.211111 0.05)
(6.225 -0.211111 0.05)
(6.275 -0.211111 0.05)
(6.325 -0.211111 0.05)
(6.375 -0.211111 0.05)
(6.425 -0.211111 0.05)
(6.475 -0.211111 0.05)
(6.525 -0.211111 0.05)
(6.575 -0.211111 0.05)
(6.625 -0.211111 0.05)
(6.675 -0.211111 0.05)
(6.725 -0.211111 0.05)
(6.775 -0.211111 0.05)
(6.825 -0.211111 0.05)
(6.875 -0.211111 0.05)
(6.925 -0.211111 0.05)
(6.975 -0.211111 0.05)
(2.025 -0.188889 0.05)
(2.075 -0.188889 0.05)
(2.125 -0.188889 0.05)
(2.175 -0.188889 0.05)
(2.225 -0.188889 0.05)
(2.275 -0.188889 0.05)
(2.325 -0.188889 0.05)
(2.375 -0.188889 0.05)
(2.425 -0.188889 0.05)
(2.475 -0.188889 0.05)
(2.525 -0.188889 0.05)
(2.575 -0.188889 0.05)
(2.625 -0.188889 0.05)
(2.675 -0.188889 0.05)
(2.725 -0.188889 0.05)
(2.775 -0.188889 0.05)
(2.825 -0.188889 0.05)
(2.875 -0.188889 0.05)
(2.925 -0.188889 0.05)
(2.975 -0.188889 0.05)
(3.025 -0.188889 0.05)
(3.075 -0.188889 0.05)
(3.125 -0.188889 0.05)
(3.175 -0.188889 0.05)
(3.225 -0.188889 0.05)
(3.275 -0.188889 0.05)
(3.325 -0.188889 0.05)
(3.375 -0.188889 0.05)
(3.425 -0.188889 0.05)
(3.475 -0.188889 0.05)
(3.525 -0.188889 0.05)
(3.575 -0.188889 0.05)
(3.625 -0.188889 0.05)
(3.675 -0.188889 0.05)
(3.725 -0.188889 0.05)
(3.775 -0.188889 0.05)
(3.825 -0.188889 0.05)
(3.875 -0.188889 0.05)
(3.925 -0.188889 0.05)
(3.975 -0.188889 0.05)
(4.025 -0.188889 0.05)
(4.075 -0.188889 0.05)
(4.125 -0.188889 0.05)
(4.175 -0.188889 0.05)
(4.225 -0.188889 0.05)
(4.275 -0.188889 0.05)
(4.325 -0.188889 0.05)
(4.375 -0.188889 0.05)
(4.425 -0.188889 0.05)
(4.475 -0.188889 0.05)
(4.525 -0.188889 0.05)
(4.575 -0.188889 0.05)
(4.625 -0.188889 0.05)
(4.675 -0.188889 0.05)
(4.725 -0.188889 0.05)
(4.775 -0.188889 0.05)
(4.825 -0.188889 0.05)
(4.875 -0.188889 0.05)
(4.925 -0.188889 0.05)
(4.975 -0.188889 0.05)
(5.025 -0.188889 0.05)
(5.075 -0.188889 0.05)
(5.125 -0.188889 0.05)
(5.175 -0.188889 0.05)
(5.225 -0.188889 0.05)
(5.275 -0.188889 0.05)
(5.325 -0.188889 0.05)
(5.375 -0.188889 0.05)
(5.425 -0.188889 0.05)
(5.475 -0.188889 0.05)
(5.525 -0.188889 0.05)
(5.575 -0.188889 0.05)
(5.625 -0.188889 0.05)
(5.675 -0.188889 0.05)
(5.725 -0.188889 0.05)
(5.775 -0.188889 0.05)
(5.825 -0.188889 0.05)
(5.875 -0.188889 0.05)
(5.925 -0.188889 0.05)
(5.975 -0.188889 0.05)
(6.025 -0.188889 0.05)
(6.075 -0.188889 0.05)
(6.125 -0.188889 0.05)
(6.175 -0.188889 0.05)
(6.225 -0.188889 0.05)
(6.275 -0.188889 0.05)
(6.325 -0.188889 0.05)
(6.375 -0.188889 0.05)
(6.425 -0.188889 0.05)
(6.475 -0.188889 0.05)
(6.525 -0.188889 0.05)
(6.575 -0.188889 0.05)
(6.625 -0.188889 0.05)
(6.675 -0.188889 0.05)
(6.725 -0.188889 0.05)
(6.775 -0.188889 0.05)
(6.825 -0.188889 0.05)
(6.875 -0.188889 0.05)
(6.925 -0.188889 0.05)
(6.975 -0.188889 0.05)
(2.025 -0.166667 0.05)
(2.075 -0.166667 0.05)
(2.125 -0.166667 0.05)
(2.175 -0.166667 0.05)
(2.225 -0.166667 0.05)
(2.275 -0.166667 0.05)
(2.325 -0.166667 0.05)
(2.375 -0.166667 0.05)
(2.425 -0.166667 0.05)
(2.475 -0.166667 0.05)
(2.525 -0.166667 0.05)
(2.575 -0.166667 0.05)
(2.625 -0.166667 0.05)
(2.675 -0.166667 0.05)
(2.725 -0.166667 0.05)
(2.775 -0.166667 0.05)
(2.825 -0.166667 0.05)
(2.875 -0.166667 0.05)
(2.925 -0.166667 0.05)
(2.975 -0.166667 0.05)
(3.025 -0.166667 0.05)
(3.075 -0.166667 0.05)
(3.125 -0.166667 0.05)
(3.175 -0.166667 0.05)
(3.225 -0.166667 0.05)
(3.275 -0.166667 0.05)
(3.325 -0.166667 0.05)
(3.375 -0.166667 0.05)
(3.425 -0.166667 0.05)
(3.475 -0.166667 0.05)
(3.525 -0.166667 0.05)
(3.575 -0.166667 0.05)
(3.625 -0.166667 0.05)
(3.675 -0.166667 0.05)
(3.725 -0.166667 0.05)
(3.775 -0.166667 0.05)
(3.825 -0.166667 0.05)
(3.875 -0.166667 0.05)
(3.925 -0.166667 0.05)
(3.975 -0.166667 0.05)
(4.025 -0.166667 0.05)
(4.075 -0.166667 0.05)
(4.125 -0.166667 0.05)
(4.175 -0.166667 0.05)
(4.225 -0.166667 0.05)
(4.275 -0.166667 0.05)
(4.325 -0.166667 0.05)
(4.375 -0.166667 0.05)
(4.425 -0.166667 0.05)
(4.475 -0.166667 0.05)
(4.525 -0.166667 0.05)
(4.575 -0.166667 0.05)
(4.625 -0.166667 0.05)
(4.675 -0.166667 0.05)
(4.725 -0.166667 0.05)
(4.775 -0.166667 0.05)
(4.825 -0.166667 0.05)
(4.875 -0.166667 0.05)
(4.925 -0.166667 0.05)
(4.975 -0.166667 0.05)
(5.025 -0.166667 0.05)
(5.075 -0.166667 0.05)
(5.125 -0.166667 0.05)
(5.175 -0.166667 0.05)
(5.225 -0.166667 0.05)
(5.275 -0.166667 0.05)
(5.325 -0.166667 0.05)
(5.375 -0.166667 0.05)
(5.425 -0.166667 0.05)
(5.475 -0.166667 0.05)
(5.525 -0.166667 0.05)
(5.575 -0.166667 0.05)
(5.625 -0.166667 0.05)
(5.675 -0.166667 0.05)
(5.725 -0.166667 0.05)
(5.775 -0.166667 0.05)
(5.825 -0.166667 0.05)
(5.875 -0.166667 0.05)
(5.925 -0.166667 0.05)
(5.975 -0.166667 0.05)
(6.025 -0.166667 0.05)
(6.075 -0.166667 0.05)
(6.125 -0.166667 0.05)
(6.175 -0.166667 0.05)
(6.225 -0.166667 0.05)
(6.275 -0.166667 0.05)
(6.325 -0.166667 0.05)
(6.375 -0.166667 0.05)
(6.425 -0.166667 0.05)
(6.475 -0.166667 0.05)
(6.525 -0.166667 0.05)
(6.575 -0.166667 0.05)
(6.625 -0.166667 0.05)
(6.675 -0.166667 0.05)
(6.725 -0.166667 0.05)
(6.775 -0.166667 0.05)
(6.825 -0.166667 0.05)
(6.875 -0.166667 0.05)
(6.925 -0.166667 0.05)
(6.975 -0.166667 0.05)
(2.025 -0.144444 0.05)
(2.075 -0.144444 0.05)
(2.125 -0.144444 0.05)
(2.175 -0.144444 0.05)
(2.225 -0.144444 0.05)
(2.275 -0.144444 0.05)
(2.325 -0.144444 0.05)
(2.375 -0.144444 0.05)
(2.425 -0.144444 0.05)
(2.475 -0.144444 0.05)
(2.525 -0.144444 0.05)
(2.575 -0.144444 0.05)
(2.625 -0.144444 0.05)
(2.675 -0.144444 0.05)
(2.725 -0.144444 0.05)
(2.775 -0.144444 0.05)
(2.825 -0.144444 0.05)
(2.875 -0.144444 0.05)
(2.925 -0.144444 0.05)
(2.975 -0.144444 0.05)
(3.025 -0.144444 0.05)
(3.075 -0.144444 0.05)
(3.125 -0.144444 0.05)
(3.175 -0.144444 0.05)
(3.225 -0.144444 0.05)
(3.275 -0.144444 0.05)
(3.325 -0.144444 0.05)
(3.375 -0.144444 0.05)
(3.425 -0.144444 0.05)
(3.475 -0.144444 0.05)
(3.525 -0.144444 0.05)
(3.575 -0.144444 0.05)
(3.625 -0.144444 0.05)
(3.675 -0.144444 0.05)
(3.725 -0.144444 0.05)
(3.775 -0.144444 0.05)
(3.825 -0.144444 0.05)
(3.875 -0.144444 0.05)
(3.925 -0.144444 0.05)
(3.975 -0.144444 0.05)
(4.025 -0.144444 0.05)
(4.075 -0.144444 0.05)
(4.125 -0.144444 0.05)
(4.175 -0.144444 0.05)
(4.225 -0.144444 0.05)
(4.275 -0.144444 0.05)
(4.325 -0.144444 0.05)
(4.375 -0.144444 0.05)
(4.425 -0.144444 0.05)
(4.475 -0.144444 0.05)
(4.525 -0.144444 0.05)
(4.575 -0.144444 0.05)
(4.625 -0.144444 0.05)
(4.675 -0.144444 0.05)
(4.725 -0.144444 0.05)
(4.775 -0.144444 0.05)
(4.825 -0.144444 0.05)
(4.875 -0.144444 0.05)
(4.925 -0.144444 0.05)
(4.975 -0.144444 0.05)
(5.025 -0.144444 0.05)
(5.075 -0.144444 0.05)
(5.125 -0.144444 0.05)
(5.175 -0.144444 0.05)
(5.225 -0.144444 0.05)
(5.275 -0.144444 0.05)
(5.325 -0.144444 0.05)
(5.375 -0.144444 0.05)
(5.425 -0.144444 0.05)
(5.475 -0.144444 0.05)
(5.525 -0.144444 0.05)
(5.575 -0.144444 0.05)
(5.625 -0.144444 0.05)
(5.675 -0.144444 0.05)
(5.725 -0.144444 0.05)
(5.775 -0.144444 0.05)
(5.825 -0.144444 0.05)
(5.875 -0.144444 0.05)
(5.925 -0.144444 0.05)
(5.975 -0.144444 0.05)
(6.025 -0.144444 0.05)
(6.075 -0.144444 0.05)
(6.125 -0.144444 0.05)
(6.175 -0.144444 0.05)
(6.225 -0.144444 0.05)
(6.275 -0.144444 0.05)
(6.325 -0.144444 0.05)
(6.375 -0.144444 0.05)
(6.425 -0.144444 0.05)
(6.475 -0.144444 0.05)
(6.525 -0.144444 0.05)
(6.575 -0.144444 0.05)
(6.625 -0.144444 0.05)
(6.675 -0.144444 0.05)
(6.725 -0.144444 0.05)
(6.775 -0.144444 0.05)
(6.825 -0.144444 0.05)
(6.875 -0.144444 0.05)
(6.925 -0.144444 0.05)
(6.975 -0.144444 0.05)
(2.025 -0.122222 0.05)
(2.075 -0.122222 0.05)
(2.125 -0.122222 0.05)
(2.175 -0.122222 0.05)
(2.225 -0.122222 0.05)
(2.275 -0.122222 0.05)
(2.325 -0.122222 0.05)
(2.375 -0.122222 0.05)
(2.425 -0.122222 0.05)
(2.475 -0.122222 0.05)
(2.525 -0.122222 0.05)
(2.575 -0.122222 0.05)
(2.625 -0.122222 0.05)
(2.675 -0.122222 0.05)
(2.725 -0.122222 0.05)
(2.775 -0.122222 0.05)
(2.825 -0.122222 0.05)
(2.875 -0.122222 0.05)
(2.925 -0.122222 0.05)
(2.975 -0.122222 0.05)
(3.025 -0.122222 0.05)
(3.075 -0.122222 0.05)
(3.125 -0.122222 0.05)
(3.175 -0.122222 0.05)
(3.225 -0.122222 0.05)
(3.275 -0.122222 0.05)
(3.325 -0.122222 0.05)
(3.375 -0.122222 0.05)
(3.425 -0.122222 0.05)
(3.475 -0.122222 0.05)
(3.525 -0.122222 0.05)
(3.575 -0.122222 0.05)
(3.625 -0.122222 0.05)
(3.675 -0.122222 0.05)
(3.725 -0.122222 0.05)
(3.775 -0.122222 0.05)
(3.825 -0.122222 0.05)
(3.875 -0.122222 0.05)
(3.925 -0.122222 0.05)
(3.975 -0.122222 0.05)
(4.025 -0.122222 0.05)
(4.075 -0.122222 0.05)
(4.125 -0.122222 0.05)
(4.175 -0.122222 0.05)
(4.225 -0.122222 0.05)
(4.275 -0.122222 0.05)
(4.325 -0.122222 0.05)
(4.375 -0.122222 0.05)
(4.425 -0.122222 0.05)
(4.475 -0.122222 0.05)
(4.525 -0.122222 0.05)
(4.575 -0.122222 0.05)
(4.625 -0.122222 0.05)
(4.675 -0.122222 0.05)
(4.725 -0.122222 0.05)
(4.775 -0.122222 0.05)
(4.825 -0.122222 0.05)
(4.875 -0.122222 0.05)
(4.925 -0.122222 0.05)
(4.975 -0.122222 0.05)
(5.025 -0.122222 0.05)
(5.075 -0.122222 0.05)
(5.125 -0.122222 0.05)
(5.175 -0.122222 0.05)
(5.225 -0.122222 0.05)
(5.275 -0.122222 0.05)
(5.325 -0.122222 0.05)
(5.375 -0.122222 0.05)
(5.425 -0.122222 0.05)
(5.475 -0.122222 0.05)
(5.525 -0.122222 0.05)
(5.575 -0.122222 0.05)
(5.625 -0.122222 0.05)
(5.675 -0.122222 0.05)
(5.725 -0.122222 0.05)
(5.775 -0.122222 0.05)
(5.825 -0.122222 0.05)
(5.875 -0.122222 0.05)
(5.925 -0.122222 0.05)
(5.975 -0.122222 0.05)
(6.025 -0.122222 0.05)
(6.075 -0.122222 0.05)
(6.125 -0.122222 0.05)
(6.175 -0.122222 0.05)
(6.225 -0.122222 0.05)
(6.275 -0.122222 0.05)
(6.325 -0.122222 0.05)
(6.375 -0.122222 0.05)
(6.425 -0.122222 0.05)
(6.475 -0.122222 0.05)
(6.525 -0.122222 0.05)
(6.575 -0.122222 0.05)
(6.625 -0.122222 0.05)
(6.675 -0.122222 0.05)
(6.725 -0.122222 0.05)
(6.775 -0.122222 0.05)
(6.825 -0.122222 0.05)
(6.875 -0.122222 0.05)
(6.925 -0.122222 0.05)
(6.975 -0.122222 0.05)
(2.025 -0.1 0.05)
(2.075 -0.1 0.05)
(2.125 -0.1 0.05)
(2.175 -0.1 0.05)
(2.225 -0.1 0.05)
(2.275 -0.1 0.05)
(2.325 -0.1 0.05)
(2.375 -0.1 0.05)
(2.425 -0.1 0.05)
(2.475 -0.1 0.05)
(2.525 -0.1 0.05)
(2.575 -0.1 0.05)
(2.625 -0.1 0.05)
(2.675 -0.1 0.05)
(2.725 -0.1 0.05)
(2.775 -0.1 0.05)
(2.825 -0.1 0.05)
(2.875 -0.1 0.05)
(2.925 -0.1 0.05)
(2.975 -0.1 0.05)
(3.025 -0.1 0.05)
(3.075 -0.1 0.05)
(3.125 -0.1 0.05)
(3.175 -0.1 0.05)
(3.225 -0.1 0.05)
(3.275 -0.1 0.05)
(3.325 -0.1 0.05)
(3.375 -0.1 0.05)
(3.425 -0.1 0.05)
(3.475 -0.1 0.05)
(3.525 -0.1 0.05)
(3.575 -0.1 0.05)
(3.625 -0.1 0.05)
(3.675 -0.1 0.05)
(3.725 -0.1 0.05)
(3.775 -0.1 0.05)
(3.825 -0.1 0.05)
(3.875 -0.1 0.05)
(3.925 -0.1 0.05)
(3.975 -0.1 0.05)
(4.025 -0.1 0.05)
(4.075 -0.1 0.05)
(4.125 -0.1 0.05)
(4.175 -0.1 0.05)
(4.225 -0.1 0.05)
(4.275 -0.1 0.05)
(4.325 -0.1 0.05)
(4.375 -0.1 0.05)
(4.425 -0.1 0.05)
(4.475 -0.1 0.05)
(4.525 -0.1 0.05)
(4.575 -0.1 0.05)
(4.625 -0.1 0.05)
(4.675 -0.1 0.05)
(4.725 -0.1 0.05)
(4.775 -0.1 0.05)
(4.825 -0.1 0.05)
(4.875 -0.1 0.05)
(4.925 -0.1 0.05)
(4.975 -0.1 0.05)
(5.025 -0.1 0.05)
(5.075 -0.1 0.05)
(5.125 -0.1 0.05)
(5.175 -0.1 0.05)
(5.225 -0.1 0.05)
(5.275 -0.1 0.05)
(5.325 -0.1 0.05)
(5.375 -0.1 0.05)
(5.425 -0.1 0.05)
(5.475 -0.1 0.05)
(5.525 -0.1 0.05)
(5.575 -0.1 0.05)
(5.625 -0.1 0.05)
(5.675 -0.1 0.05)
(5.725 -0.1 0.05)
(5.775 -0.1 0.05)
(5.825 -0.1 0.05)
(5.875 -0.1 0.05)
(5.925 -0.1 0.05)
(5.975 -0.1 0.05)
(6.025 -0.1 0.05)
(6.075 -0.1 0.05)
(6.125 -0.1 0.05)
(6.175 -0.1 0.05)
(6.225 -0.1 0.05)
(6.275 -0.1 0.05)
(6.325 -0.1 0.05)
(6.375 -0.1 0.05)
(6.425 -0.1 0.05)
(6.475 -0.1 0.05)
(6.525 -0.1 0.05)
(6.575 -0.1 0.05)
(6.625 -0.1 0.05)
(6.675 -0.1 0.05)
(6.725 -0.1 0.05)
(6.775 -0.1 0.05)
(6.825 -0.1 0.05)
(6.875 -0.1 0.05)
(6.925 -0.1 0.05)
(6.975 -0.1 0.05)
(2.025 -0.0777778 0.05)
(2.075 -0.0777778 0.05)
(2.125 -0.0777778 0.05)
(2.175 -0.0777778 0.05)
(2.225 -0.0777778 0.05)
(2.275 -0.0777778 0.05)
(2.325 -0.0777778 0.05)
(2.375 -0.0777778 0.05)
(2.425 -0.0777778 0.05)
(2.475 -0.0777778 0.05)
(2.525 -0.0777778 0.05)
(2.575 -0.0777778 0.05)
(2.625 -0.0777778 0.05)
(2.675 -0.0777778 0.05)
(2.725 -0.0777778 0.05)
(2.775 -0.0777778 0.05)
(2.825 -0.0777778 0.05)
(2.875 -0.0777778 0.05)
(2.925 -0.0777778 0.05)
(2.975 -0.0777778 0.05)
(3.025 -0.0777778 0.05)
(3.075 -0.0777778 0.05)
(3.125 -0.0777778 0.05)
(3.175 -0.0777778 0.05)
(3.225 -0.0777778 0.05)
(3.275 -0.0777778 0.05)
(3.325 -0.0777778 0.05)
(3.375 -0.0777778 0.05)
(3.425 -0.0777778 0.05)
(3.475 -0.0777778 0.05)
(3.525 -0.0777778 0.05)
(3.575 -0.0777778 0.05)
(3.625 -0.0777778 0.05)
(3.675 -0.0777778 0.05)
(3.725 -0.0777778 0.05)
(3.775 -0.0777778 0.05)
(3.825 -0.0777778 0.05)
(3.875 -0.0777778 0.05)
(3.925 -0.0777778 0.05)
(3.975 -0.0777778 0.05)
(4.025 -0.0777778 0.05)
(4.075 -0.0777778 0.05)
(4.125 -0.0777778 0.05)
(4.175 -0.0777778 0.05)
(4.225 -0.0777778 0.05)
(4.275 -0.0777778 0.05)
(4.325 -0.0777778 0.05)
(4.375 -0.0777778 0.05)
(4.425 -0.0777778 0.05)
(4.475 -0.0777778 0.05)
(4.525 -0.0777778 0.05)
(4.575 -0.0777778 0.05)
(4.625 -0.0777778 0.05)
(4.675 -0.0777778 0.05)
(4.725 -0.0777778 0.05)
(4.775 -0.0777778 0.05)
(4.825 -0.0777778 0.05)
(4.875 -0.0777778 0.05)
(4.925 -0.0777778 0.05)
(4.975 -0.0777778 0.05)
(5.025 -0.0777778 0.05)
(5.075 -0.0777778 0.05)
(5.125 -0.0777778 0.05)
(5.175 -0.0777778 0.05)
(5.225 -0.0777778 0.05)
(5.275 -0.0777778 0.05)
(5.325 -0.0777778 0.05)
(5.375 -0.0777778 0.05)
(5.425 -0.0777778 0.05)
(5.475 -0.0777778 0.05)
(5.525 -0.0777778 0.05)
(5.575 -0.0777778 0.05)
(5.625 -0.0777778 0.05)
(5.675 -0.0777778 0.05)
(5.725 -0.0777778 0.05)
(5.775 -0.0777778 0.05)
(5.825 -0.0777778 0.05)
(5.875 -0.0777778 0.05)
(5.925 -0.0777778 0.05)
(5.975 -0.0777778 0.05)
(6.025 -0.0777778 0.05)
(6.075 -0.0777778 0.05)
(6.125 -0.0777778 0.05)
(6.175 -0.0777778 0.05)
(6.225 -0.0777778 0.05)
(6.275 -0.0777778 0.05)
(6.325 -0.0777778 0.05)
(6.375 -0.0777778 0.05)
(6.425 -0.0777778 0.05)
(6.475 -0.0777778 0.05)
(6.525 -0.0777778 0.05)
(6.575 -0.0777778 0.05)
(6.625 -0.0777778 0.05)
(6.675 -0.0777778 0.05)
(6.725 -0.0777778 0.05)
(6.775 -0.0777778 0.05)
(6.825 -0.0777778 0.05)
(6.875 -0.0777778 0.05)
(6.925 -0.0777778 0.05)
(6.975 -0.0777778 0.05)
(2.025 -0.0555556 0.05)
(2.075 -0.0555556 0.05)
(2.125 -0.0555556 0.05)
(2.175 -0.0555556 0.05)
(2.225 -0.0555556 0.05)
(2.275 -0.0555556 0.05)
(2.325 -0.0555556 0.05)
(2.375 -0.0555556 0.05)
(2.425 -0.0555556 0.05)
(2.475 -0.0555556 0.05)
(2.525 -0.0555556 0.05)
(2.575 -0.0555556 0.05)
(2.625 -0.0555556 0.05)
(2.675 -0.0555556 0.05)
(2.725 -0.0555556 0.05)
(2.775 -0.0555556 0.05)
(2.825 -0.0555556 0.05)
(2.875 -0.0555556 0.05)
(2.925 -0.0555556 0.05)
(2.975 -0.0555556 0.05)
(3.025 -0.0555556 0.05)
(3.075 -0.0555556 0.05)
(3.125 -0.0555556 0.05)
(3.175 -0.0555556 0.05)
(3.225 -0.0555556 0.05)
(3.275 -0.0555556 0.05)
(3.325 -0.0555556 0.05)
(3.375 -0.0555556 0.05)
(3.425 -0.0555556 0.05)
(3.475 -0.0555556 0.05)
(3.525 -0.0555556 0.05)
(3.575 -0.0555556 0.05)
(3.625 -0.0555556 0.05)
(3.675 -0.0555556 0.05)
(3.725 -0.0555556 0.05)
(3.775 -0.0555556 0.05)
(3.825 -0.0555556 0.05)
(3.875 -0.0555556 0.05)
(3.925 -0.0555556 0.05)
(3.975 -0.0555556 0.05)
(4.025 -0.0555556 0.05)
(4.075 -0.0555556 0.05)
(4.125 -0.0555556 0.05)
(4.175 -0.0555556 0.05)
(4.225 -0.0555556 0.05)
(4.275 -0.0555556 0.05)
(4.325 -0.0555556 0.05)
(4.375 -0.0555556 0.05)
(4.425 -0.0555556 0.05)
(4.475 -0.0555556 0.05)
(4.525 -0.0555556 0.05)
(4.575 -0.0555556 0.05)
(4.625 -0.0555556 0.05)
(4.675 -0.0555556 0.05)
(4.725 -0.0555556 0.05)
(4.775 -0.0555556 0.05)
(4.825 -0.0555556 0.05)
(4.875 -0.0555556 0.05)
(4.925 -0.0555556 0.05)
(4.975 -0.0555556 0.05)
(5.025 -0.0555556 0.05)
(5.075 -0.0555556 0.05)
(5.125 -0.0555556 0.05)
(5.175 -0.0555556 0.05)
(5.225 -0.0555556 0.05)
(5.275 -0.0555556 0.05)
(5.325 -0.0555556 0.05)
(5.375 -0.0555556 0.05)
(5.425 -0.0555556 0.05)
(5.475 -0.0555556 0.05)
(5.525 -0.0555556 0.05)
(5.575 -0.0555556 0.05)
(5.625 -0.0555556 0.05)
(5.675 -0.0555556 0.05)
(5.725 -0.0555556 0.05)
(5.775 -0.0555556 0.05)
(5.825 -0.0555556 0.05)
(5.875 -0.0555556 0.05)
(5.925 -0.0555556 0.05)
(5.975 -0.0555556 0.05)
(6.025 -0.0555556 0.05)
(6.075 -0.0555556 0.05)
(6.125 -0.0555556 0.05)
(6.175 -0.0555556 0.05)
(6.225 -0.0555556 0.05)
(6.275 -0.0555556 0.05)
(6.325 -0.0555556 0.05)
(6.375 -0.0555556 0.05)
(6.425 -0.0555556 0.05)
(6.475 -0.0555556 0.05)
(6.525 -0.0555556 0.05)
(6.575 -0.0555556 0.05)
(6.625 -0.0555556 0.05)
(6.675 -0.0555556 0.05)
(6.725 -0.0555556 0.05)
(6.775 -0.0555556 0.05)
(6.825 -0.0555556 0.05)
(6.875 -0.0555556 0.05)
(6.925 -0.0555556 0.05)
(6.975 -0.0555556 0.05)
(2.025 -0.0333333 0.05)
(2.075 -0.0333333 0.05)
(2.125 -0.0333333 0.05)
(2.175 -0.0333333 0.05)
(2.225 -0.0333333 0.05)
(2.275 -0.0333333 0.05)
(2.325 -0.0333333 0.05)
(2.375 -0.0333333 0.05)
(2.425 -0.0333333 0.05)
(2.475 -0.0333333 0.05)
(2.525 -0.0333333 0.05)
(2.575 -0.0333333 0.05)
(2.625 -0.0333333 0.05)
(2.675 -0.0333333 0.05)
(2.725 -0.0333333 0.05)
(2.775 -0.0333333 0.05)
(2.825 -0.0333333 0.05)
(2.875 -0.0333333 0.05)
(2.925 -0.0333333 0.05)
(2.975 -0.0333333 0.05)
(3.025 -0.0333333 0.05)
(3.075 -0.0333333 0.05)
(3.125 -0.0333333 0.05)
(3.175 -0.0333333 0.05)
(3.225 -0.0333333 0.05)
(3.275 -0.0333333 0.05)
(3.325 -0.0333333 0.05)
(3.375 -0.0333333 0.05)
(3.425 -0.0333333 0.05)
(3.475 -0.0333333 0.05)
(3.525 -0.0333333 0.05)
(3.575 -0.0333333 0.05)
(3.625 -0.0333333 0.05)
(3.675 -0.0333333 0.05)
(3.725 -0.0333333 0.05)
(3.775 -0.0333333 0.05)
(3.825 -0.0333333 0.05)
(3.875 -0.0333333 0.05)
(3.925 -0.0333333 0.05)
(3.975 -0.0333333 0.05)
(4.025 -0.0333333 0.05)
(4.075 -0.0333333 0.05)
(4.125 -0.0333333 0.05)
(4.175 -0.0333333 0.05)
(4.225 -0.0333333 0.05)
(4.275 -0.0333333 0.05)
(4.325 -0.0333333 0.05)
(4.375 -0.0333333 0.05)
(4.425 -0.0333333 0.05)
(4.475 -0.0333333 0.05)
(4.525 -0.0333333 0.05)
(4.575 -0.0333333 0.05)
(4.625 -0.0333333 0.05)
(4.675 -0.0333333 0.05)
(4.725 -0.0333333 0.05)
(4.775 -0.0333333 0.05)
(4.825 -0.0333333 0.05)
(4.875 -0.0333333 0.05)
(4.925 -0.0333333 0.05)
(4.975 -0.0333333 0.05)
(5.025 -0.0333333 0.05)
(5.075 -0.0333333 0.05)
(5.125 -0.0333333 0.05)
(5.175 -0.0333333 0.05)
(5.225 -0.0333333 0.05)
(5.275 -0.0333333 0.05)
(5.325 -0.0333333 0.05)
(5.375 -0.0333333 0.05)
(5.425 -0.0333333 0.05)
(5.475 -0.0333333 0.05)
(5.525 -0.0333333 0.05)
(5.575 -0.0333333 0.05)
(5.625 -0.0333333 0.05)
(5.675 -0.0333333 0.05)
(5.725 -0.0333333 0.05)
(5.775 -0.0333333 0.05)
(5.825 -0.0333333 0.05)
(5.875 -0.0333333 0.05)
(5.925 -0.0333333 0.05)
(5.975 -0.0333333 0.05)
(6.025 -0.0333333 0.05)
(6.075 -0.0333333 0.05)
(6.125 -0.0333333 0.05)
(6.175 -0.0333333 0.05)
(6.225 -0.0333333 0.05)
(6.275 -0.0333333 0.05)
(6.325 -0.0333333 0.05)
(6.375 -0.0333333 0.05)
(6.425 -0.0333333 0.05)
(6.475 -0.0333333 0.05)
(6.525 -0.0333333 0.05)
(6.575 -0.0333333 0.05)
(6.625 -0.0333333 0.05)
(6.675 -0.0333333 0.05)
(6.725 -0.0333333 0.05)
(6.775 -0.0333333 0.05)
(6.825 -0.0333333 0.05)
(6.875 -0.0333333 0.05)
(6.925 -0.0333333 0.05)
(6.975 -0.0333333 0.05)
(2.025 -0.0111111 0.05)
(2.075 -0.0111111 0.05)
(2.125 -0.0111111 0.05)
(2.175 -0.0111111 0.05)
(2.225 -0.0111111 0.05)
(2.275 -0.0111111 0.05)
(2.325 -0.0111111 0.05)
(2.375 -0.0111111 0.05)
(2.425 -0.0111111 0.05)
(2.475 -0.0111111 0.05)
(2.525 -0.0111111 0.05)
(2.575 -0.0111111 0.05)
(2.625 -0.0111111 0.05)
(2.675 -0.0111111 0.05)
(2.725 -0.0111111 0.05)
(2.775 -0.0111111 0.05)
(2.825 -0.0111111 0.05)
(2.875 -0.0111111 0.05)
(2.925 -0.0111111 0.05)
(2.975 -0.0111111 0.05)
(3.025 -0.0111111 0.05)
(3.075 -0.0111111 0.05)
(3.125 -0.0111111 0.05)
(3.175 -0.0111111 0.05)
(3.225 -0.0111111 0.05)
(3.275 -0.0111111 0.05)
(3.325 -0.0111111 0.05)
(3.375 -0.0111111 0.05)
(3.425 -0.0111111 0.05)
(3.475 -0.0111111 0.05)
(3.525 -0.0111111 0.05)
(3.575 -0.0111111 0.05)
(3.625 -0.0111111 0.05)
(3.675 -0.0111111 0.05)
(3.725 -0.0111111 0.05)
(3.775 -0.0111111 0.05)
(3.825 -0.0111111 0.05)
(3.875 -0.0111111 0.05)
(3.925 -0.0111111 0.05)
(3.975 -0.0111111 0.05)
(4.025 -0.0111111 0.05)
(4.075 -0.0111111 0.05)
(4.125 -0.0111111 0.05)
(4.175 -0.0111111 0.05)
(4.225 -0.0111111 0.05)
(4.275 -0.0111111 0.05)
(4.325 -0.0111111 0.05)
(4.375 -0.0111111 0.05)
(4.425 -0.0111111 0.05)
(4.475 -0.0111111 0.05)
(4.525 -0.0111111 0.05)
(4.575 -0.0111111 0.05)
(4.625 -0.0111111 0.05)
(4.675 -0.0111111 0.05)
(4.725 -0.0111111 0.05)
(4.775 -0.0111111 0.05)
(4.825 -0.0111111 0.05)
(4.875 -0.0111111 0.05)
(4.925 -0.0111111 0.05)
(4.975 -0.0111111 0.05)
(5.025 -0.0111111 0.05)
(5.075 -0.0111111 0.05)
(5.125 -0.0111111 0.05)
(5.175 -0.0111111 0.05)
(5.225 -0.0111111 0.05)
(5.275 -0.0111111 0.05)
(5.325 -0.0111111 0.05)
(5.375 -0.0111111 0.05)
(5.425 -0.0111111 0.05)
(5.475 -0.0111111 0.05)
(5.525 -0.0111111 0.05)
(5.575 -0.0111111 0.05)
(5.625 -0.0111111 0.05)
(5.675 -0.0111111 0.05)
(5.725 -0.0111111 0.05)
(5.775 -0.0111111 0.05)
(5.825 -0.0111111 0.05)
(5.875 -0.0111111 0.05)
(5.925 -0.0111111 0.05)
(5.975 -0.0111111 0.05)
(6.025 -0.0111111 0.05)
(6.075 -0.0111111 0.05)
(6.125 -0.0111111 0.05)
(6.175 -0.0111111 0.05)
(6.225 -0.0111111 0.05)
(6.275 -0.0111111 0.05)
(6.325 -0.0111111 0.05)
(6.375 -0.0111111 0.05)
(6.425 -0.0111111 0.05)
(6.475 -0.0111111 0.05)
(6.525 -0.0111111 0.05)
(6.575 -0.0111111 0.05)
(6.625 -0.0111111 0.05)
(6.675 -0.0111111 0.05)
(6.725 -0.0111111 0.05)
(6.775 -0.0111111 0.05)
(6.825 -0.0111111 0.05)
(6.875 -0.0111111 0.05)
(6.925 -0.0111111 0.05)
(6.975 -0.0111111 0.05)
)
;

boundaryField
{
    inlet
    {
        type            calculated;
        value           nonuniform List<vector> 
40
(
(0 0.0125 0.05)
(0 0.0375 0.05)
(0 0.0625 0.05)
(0 0.0875 0.05)
(0 0.1125 0.05)
(0 0.1375 0.05)
(0 0.1625 0.05)
(0 0.1875 0.05)
(0 0.2125 0.05)
(0 0.2375 0.05)
(0 0.2625 0.05)
(0 0.2875 0.05)
(0 0.3125 0.05)
(0 0.3375 0.05)
(0 0.3625 0.05)
(0 0.3875 0.05)
(0 0.4125 0.05)
(0 0.4375 0.05)
(0 0.4625 0.05)
(0 0.4875 0.05)
(0 0.5125 0.05)
(0 0.5375 0.05)
(0 0.5625 0.05)
(0 0.5875 0.05)
(0 0.6125 0.05)
(0 0.6375 0.05)
(0 0.6625 0.05)
(0 0.6875 0.05)
(0 0.7125 0.05)
(0 0.7375 0.05)
(0 0.7625 0.05)
(0 0.7875 0.05)
(0 0.8125 0.05)
(0 0.8375 0.05)
(0 0.8625 0.05)
(0 0.8875 0.05)
(0 0.9125 0.05)
(0 0.9375 0.05)
(0 0.9625 0.05)
(0 0.9875 0.05)
)
;
    }
    outlet
    {
        type            calculated;
        value           nonuniform List<vector> 
70
(
(7 -0.655556 0.05)
(7 -0.633333 0.05)
(7 -0.611111 0.05)
(7 -0.588889 0.05)
(7 -0.566667 0.05)
(7 -0.544444 0.05)
(7 -0.522222 0.05)
(7 -0.5 0.05)
(7 -0.477778 0.05)
(7 -0.455556 0.05)
(7 -0.433333 0.05)
(7 -0.411111 0.05)
(7 -0.388889 0.05)
(7 -0.366667 0.05)
(7 -0.344444 0.05)
(7 -0.322222 0.05)
(7 -0.3 0.05)
(7 -0.277778 0.05)
(7 -0.255556 0.05)
(7 -0.233333 0.05)
(7 -0.211111 0.05)
(7 -0.188889 0.05)
(7 -0.166667 0.05)
(7 -0.144444 0.05)
(7 -0.122222 0.05)
(7 -0.1 0.05)
(7 -0.0777778 0.05)
(7 -0.0555556 0.05)
(7 -0.0333333 0.05)
(7 -0.0111111 0.05)
(7 0.0125 0.05)
(7 0.0375 0.05)
(7 0.0625 0.05)
(7 0.0875 0.05)
(7 0.1125 0.05)
(7 0.1375 0.05)
(7 0.1625 0.05)
(7 0.1875 0.05)
(7 0.2125 0.05)
(7 0.2375 0.05)
(7 0.2625 0.05)
(7 0.2875 0.05)
(7 0.3125 0.05)
(7 0.3375 0.05)
(7 0.3625 0.05)
(7 0.3875 0.05)
(7 0.4125 0.05)
(7 0.4375 0.05)
(7 0.4625 0.05)
(7 0.4875 0.05)
(7 0.5125 0.05)
(7 0.5375 0.05)
(7 0.5625 0.05)
(7 0.5875 0.05)
(7 0.6125 0.05)
(7 0.6375 0.05)
(7 0.6625 0.05)
(7 0.6875 0.05)
(7 0.7125 0.05)
(7 0.7375 0.05)
(7 0.7625 0.05)
(7 0.7875 0.05)
(7 0.8125 0.05)
(7 0.8375 0.05)
(7 0.8625 0.05)
(7 0.8875 0.05)
(7 0.9125 0.05)
(7 0.9375 0.05)
(7 0.9625 0.05)
(7 0.9875 0.05)
)
;
    }
    frontAndBack
    {
        type            empty;
    }
    walls
    {
        type            calculated;
        value           nonuniform List<vector> 
330
(
(0.02 0 0.05)
(0.06 0 0.05)
(0.1 0 0.05)
(0.14 0 0.05)
(0.18 0 0.05)
(0.22 0 0.05)
(0.26 0 0.05)
(0.3 0 0.05)
(0.34 0 0.05)
(0.38 0 0.05)
(0.42 0 0.05)
(0.46 0 0.05)
(0.5 0 0.05)
(0.54 0 0.05)
(0.58 0 0.05)
(0.62 0 0.05)
(0.66 0 0.05)
(0.7 0 0.05)
(0.74 0 0.05)
(0.78 0 0.05)
(0.82 0 0.05)
(0.86 0 0.05)
(0.9 0 0.05)
(0.94 0 0.05)
(0.98 0 0.05)
(1.02 0 0.05)
(1.06 0 0.05)
(1.1 0 0.05)
(1.14 0 0.05)
(1.18 0 0.05)
(1.22 0 0.05)
(1.26 0 0.05)
(1.3 0 0.05)
(1.34 0 0.05)
(1.38 0 0.05)
(1.42 0 0.05)
(1.46 0 0.05)
(1.5 0 0.05)
(1.54 0 0.05)
(1.58 0 0.05)
(1.62 0 0.05)
(1.66 0 0.05)
(1.7 0 0.05)
(1.74 0 0.05)
(1.78 0 0.05)
(1.82 0 0.05)
(1.86 0 0.05)
(1.9 0 0.05)
(1.94 0 0.05)
(1.98 0 0.05)
(2 -0.655556 0.05)
(2 -0.633333 0.05)
(2 -0.611111 0.05)
(2 -0.588889 0.05)
(2 -0.566667 0.05)
(2 -0.544444 0.05)
(2 -0.522222 0.05)
(2 -0.5 0.05)
(2 -0.477778 0.05)
(2 -0.455556 0.05)
(2 -0.433333 0.05)
(2 -0.411111 0.05)
(2 -0.388889 0.05)
(2 -0.366667 0.05)
(2 -0.344444 0.05)
(2 -0.322222 0.05)
(2 -0.3 0.05)
(2 -0.277778 0.05)
(2 -0.255556 0.05)
(2 -0.233333 0.05)
(2 -0.211111 0.05)
(2 -0.188889 0.05)
(2 -0.166667 0.05)
(2 -0.144444 0.05)
(2 -0.122222 0.05)
(2 -0.1 0.05)
(2 -0.0777778 0.05)
(2 -0.0555556 0.05)
(2 -0.0333333 0.05)
(2 -0.0111111 0.05)
(2.025 -0.666667 0.05)
(2.075 -0.666667 0.05)
(2.125 -0.666667 0.05)
(2.175 -0.666667 0.05)
(2.225 -0.666667 0.05)
(2.275 -0.666667 0.05)
(2.325 -0.666667 0.05)
(2.375 -0.666667 0.05)
(2.425 -0.666667 0.05)
(2.475 -0.666667 0.05)
(2.525 -0.666667 0.05)
(2.575 -0.666667 0.05)
(2.625 -0.666667 0.05)
(2.675 -0.666667 0.05)
(2.725 -0.666667 0.05)
(2.775 -0.666667 0.05)
(2.825 -0.666667 0.05)
(2.875 -0.666667 0.05)
(2.925 -0.666667 0.05)
(2.975 -0.666667 0.05)
(3.025 -0.666667 0.05)
(3.075 -0.666667 0.05)
(3.125 -0.666667 0.05)
(3.175 -0.666667 0.05)
(3.225 -0.666667 0.05)
(3.275 -0.666667 0.05)
(3.325 -0.666667 0.05)
(3.375 -0.666667 0.05)
(3.425 -0.666667 0.05)
(3.475 -0.666667 0.05)
(3.525 -0.666667 0.05)
(3.575 -0.666667 0.05)
(3.625 -0.666667 0.05)
(3.675 -0.666667 0.05)
(3.725 -0.666667 0.05)
(3.775 -0.666667 0.05)
(3.825 -0.666667 0.05)
(3.875 -0.666667 0.05)
(3.925 -0.666667 0.05)
(3.975 -0.666667 0.05)
(4.025 -0.666667 0.05)
(4.075 -0.666667 0.05)
(4.125 -0.666667 0.05)
(4.175 -0.666667 0.05)
(4.225 -0.666667 0.05)
(4.275 -0.666667 0.05)
(4.325 -0.666667 0.05)
(4.375 -0.666667 0.05)
(4.425 -0.666667 0.05)
(4.475 -0.666667 0.05)
(4.525 -0.666667 0.05)
(4.575 -0.666667 0.05)
(4.625 -0.666667 0.05)
(4.675 -0.666667 0.05)
(4.725 -0.666667 0.05)
(4.775 -0.666667 0.05)
(4.825 -0.666667 0.05)
(4.875 -0.666667 0.05)
(4.925 -0.666667 0.05)
(4.975 -0.666667 0.05)
(5.025 -0.666667 0.05)
(5.075 -0.666667 0.05)
(5.125 -0.666667 0.05)
(5.175 -0.666667 0.05)
(5.225 -0.666667 0.05)
(5.275 -0.666667 0.05)
(5.325 -0.666667 0.05)
(5.375 -0.666667 0.05)
(5.425 -0.666667 0.05)
(5.475 -0.666667 0.05)
(5.525 -0.666667 0.05)
(5.575 -0.666667 0.05)
(5.625 -0.666667 0.05)
(5.675 -0.666667 0.05)
(5.725 -0.666667 0.05)
(5.775 -0.666667 0.05)
(5.825 -0.666667 0.05)
(5.875 -0.666667 0.05)
(5.925 -0.666667 0.05)
(5.975 -0.666667 0.05)
(6.025 -0.666667 0.05)
(6.075 -0.666667 0.05)
(6.125 -0.666667 0.05)
(6.175 -0.666667 0.05)
(6.225 -0.666667 0.05)
(6.275 -0.666667 0.05)
(6.325 -0.666667 0.05)
(6.375 -0.666667 0.05)
(6.425 -0.666667 0.05)
(6.475 -0.666667 0.05)
(6.525 -0.666667 0.05)
(6.575 -0.666667 0.05)
(6.625 -0.666667 0.05)
(6.675 -0.666667 0.05)
(6.725 -0.666667 0.05)
(6.775 -0.666667 0.05)
(6.825 -0.666667 0.05)
(6.875 -0.666667 0.05)
(6.925 -0.666667 0.05)
(6.975 -0.666667 0.05)
(0.02 1 0.05)
(0.06 1 0.05)
(0.1 1 0.05)
(0.14 1 0.05)
(0.18 1 0.05)
(0.22 1 0.05)
(0.26 1 0.05)
(0.3 1 0.05)
(0.34 1 0.05)
(0.38 1 0.05)
(0.42 1 0.05)
(0.46 1 0.05)
(0.5 1 0.05)
(0.54 1 0.05)
(0.58 1 0.05)
(0.62 1 0.05)
(0.66 1 0.05)
(0.7 1 0.05)
(0.74 1 0.05)
(0.78 1 0.05)
(0.82 1 0.05)
(0.86 1 0.05)
(0.9 1 0.05)
(0.94 1 0.05)
(0.98 1 0.05)
(1.02 1 0.05)
(1.06 1 0.05)
(1.1 1 0.05)
(1.14 1 0.05)
(1.18 1 0.05)
(1.22 1 0.05)
(1.26 1 0.05)
(1.3 1 0.05)
(1.34 1 0.05)
(1.38 1 0.05)
(1.42 1 0.05)
(1.46 1 0.05)
(1.5 1 0.05)
(1.54 1 0.05)
(1.58 1 0.05)
(1.62 1 0.05)
(1.66 1 0.05)
(1.7 1 0.05)
(1.74 1 0.05)
(1.78 1 0.05)
(1.82 1 0.05)
(1.86 1 0.05)
(1.9 1 0.05)
(1.94 1 0.05)
(1.98 1 0.05)
(2.025 1 0.05)
(2.075 1 0.05)
(2.125 1 0.05)
(2.175 1 0.05)
(2.225 1 0.05)
(2.275 1 0.05)
(2.325 1 0.05)
(2.375 1 0.05)
(2.425 1 0.05)
(2.475 1 0.05)
(2.525 1 0.05)
(2.575 1 0.05)
(2.625 1 0.05)
(2.675 1 0.05)
(2.725 1 0.05)
(2.775 1 0.05)
(2.825 1 0.05)
(2.875 1 0.05)
(2.925 1 0.05)
(2.975 1 0.05)
(3.025 1 0.05)
(3.075 1 0.05)
(3.125 1 0.05)
(3.175 1 0.05)
(3.225 1 0.05)
(3.275 1 0.05)
(3.325 1 0.05)
(3.375 1 0.05)
(3.425 1 0.05)
(3.475 1 0.05)
(3.525 1 0.05)
(3.575 1 0.05)
(3.625 1 0.05)
(3.675 1 0.05)
(3.725 1 0.05)
(3.775 1 0.05)
(3.825 1 0.05)
(3.875 1 0.05)
(3.925 1 0.05)
(3.975 1 0.05)
(4.025 1 0.05)
(4.075 1 0.05)
(4.125 1 0.05)
(4.175 1 0.05)
(4.225 1 0.05)
(4.275 1 0.05)
(4.325 1 0.05)
(4.375 1 0.05)
(4.425 1 0.05)
(4.475 1 0.05)
(4.525 1 0.05)
(4.575 1 0.05)
(4.625 1 0.05)
(4.675 1 0.05)
(4.725 1 0.05)
(4.775 1 0.05)
(4.825 1 0.05)
(4.875 1 0.05)
(4.925 1 0.05)
(4.975 1 0.05)
(5.025 1 0.05)
(5.075 1 0.05)
(5.125 1 0.05)
(5.175 1 0.05)
(5.225 1 0.05)
(5.275 1 0.05)
(5.325 1 0.05)
(5.375 1 0.05)
(5.425 1 0.05)
(5.475 1 0.05)
(5.525 1 0.05)
(5.575 1 0.05)
(5.625 1 0.05)
(5.675 1 0.05)
(5.725 1 0.05)
(5.775 1 0.05)
(5.825 1 0.05)
(5.875 1 0.05)
(5.925 1 0.05)
(5.975 1 0.05)
(6.025 1 0.05)
(6.075 1 0.05)
(6.125 1 0.05)
(6.175 1 0.05)
(6.225 1 0.05)
(6.275 1 0.05)
(6.325 1 0.05)
(6.375 1 0.05)
(6.425 1 0.05)
(6.475 1 0.05)
(6.525 1 0.05)
(6.575 1 0.05)
(6.625 1 0.05)
(6.675 1 0.05)
(6.725 1 0.05)
(6.775 1 0.05)
(6.825 1 0.05)
(6.875 1 0.05)
(6.925 1 0.05)
(6.975 1 0.05)
)
;
    }
}


// ************************************************************************* //
